customer_id,customer_name,email,area,registration_date
97475543,Niharika Nagi,ektataneja@example.org,Udupi,5/13/2023
22077605,Megha Sachar,vedant45@example.com,Aligarh,6/18/2024
47822591,Hema Bahri,samiazaan@example.com,Begusarai,9/25/2024
79726146,Zaitra Vig,ishanvi87@example.org,Kozhikode,10/4/2023
57102800,Januja Verma,atideshpande@example.org,Ichalkaranji,3/22/2024
54748429,Darsh More,ynayar@example.org,Visakhapatnam,4/22/2024
49152878,Patrick Sandhu,zehaanmahajan@example.org,Gwalior,9/13/2024
16379942,Harshil Kuruvilla,pathakanirudh@example.org,Orai,4/10/2024
11071601,Ojas Ahuja,sneha11@example.com,Buxar,7/4/2023
68164013,Netra Chander,hwarrior@example.org,Malegaon,6/29/2023
80404839,Kashish Dora,pushti81@example.net,Katni,4/13/2023
27038630,Megha Thakkar,zinalsarna@example.com,Fatehpur,4/27/2023
1655637,Turvi Radhakrishnan,mpandit@example.org,Ichalkaranji,9/17/2023
75566105,Dipta Doctor,peterdhaliwal@example.org,Hyderabad,3/20/2024
23961725,Zayyan Buch,kalpithayre@example.net,Bhiwandi,5/11/2024
67749649,Oviya Mitra,aaravdugar@example.com,Mira-Bhayandar,4/10/2024
61461253,Arin Setty,naidushivani@example.org,Amravati,8/29/2024
30619659,Lohit Kalla,vincent81@example.com,Kochi,9/18/2024
50229203,Rushil Dhingra,htella@example.org,Tiruchirappalli,9/14/2023
13567338,Wahab Borah,bhattlakshit@example.com,Hubli–Dharwad,10/14/2024
7591711,Triya Kakar,xshetty@example.net,Nagercoil,1/30/2024
22102079,Vrinda Lalla,balakrishnanyutika@example.net,Alwar,6/21/2024
48910430,Janani Prasad,abhirambabu@example.com,Bardhaman,9/4/2024
27604184,Tripti Nadig,tmaster@example.com,Nandyal,10/6/2023
79672044,Jagdish Vora,hemangini55@example.com,Hapur,12/17/2023
13461704,Zayan Ratta,shivansh35@example.com,Nanded,4/4/2024
66135710,Zayan Thakkar,ranveer19@example.net,Ramgarh,11/28/2023
50572914,Ishani Mukherjee,shivani15@example.net,Bihar Sharif,10/21/2023
4386273,Jagrati Sengupta,pandeymahika@example.org,Nandyal,6/26/2024
57537308,Ayush Buch,morejagdish@example.net,Jorhat,5/18/2024
34526442,Harita Chatterjee,gaurika82@example.com,Raipur,9/27/2023
67383024,Riya Kothari,chowdhuryimaran@example.net,Kollam,4/10/2024
28350645,Alka Srinivasan,xtalwar@example.org,Ratlam,1/12/2024
81940369,Nilima Chaudhuri,agrawalmugdha@example.com,Nellore,2/24/2024
89950235,Aarav Dayal,darsh33@example.net,Warangal,12/24/2023
88202341,Jagrati Dubey,vasatika03@example.net,Kottayam,8/20/2023
41155125,Yahvi Doshi,daliaoviya@example.com,Tenali,4/22/2024
46369552,Keya Modi,bbumb@example.org,Jaipur,9/16/2024
48943848,Tarak Nair,atwalmeghana@example.org,Patiala,6/21/2024
39645619,Indira Jaggi,falaksunder@example.org,Maheshtala,6/17/2023
76917159,Hiral Arya,mason40@example.net,Ludhiana,6/23/2024
72366758,Vedant Sengupta,xbarad@example.net,Ichalkaranji,11/19/2023
66140659,Omya Iyengar,ishanimaharaj@example.net,Ongole,12/9/2023
87457446,Yashodhara Sarraf,prabhudaksha@example.com,Katihar,7/2/2024
10830043,Gabriel Iyer,bbala@example.com,Hospet,10/15/2023
97150234,Ishaan Brahmbhatt,madhavi33@example.com,Bihar Sharif,11/22/2023
72489544,Sanaya Joshi,gsampath@example.net,Siwan,9/19/2024
81352781,Brinda Bassi,jminhas@example.net,Dehradun,2/27/2024
88130777,Darsh Gupta,xdash@example.org,North Dumdum,10/17/2023
65294340,Jasmit Kota,arjunbandi@example.com,Jamalpur,4/16/2024
40387944,Chavvi Gill,qabil65@example.net,Parbhani,3/15/2024
91868185,Raghav Sathe,ekaniparmer@example.org,Srinagar,10/15/2023
31846190,Charan Choudhary,tristantank@example.org,Kolkata,9/8/2024
15529446,Pallavi Goda,samarthpandey@example.com,Haridwar,10/10/2023
20956158,Kashish Misra,issacjalsa@example.net,Kavali,3/10/2024
68159723,Yashvi Pathak,wallaarunima@example.org,Orai,5/21/2024
48554440,Rohan Ganesan,bhavika36@example.net,Malegaon,3/28/2024
966247,Jeevika Deo,sbalasubramanian@example.net,Junagadh,11/16/2023
40015980,Dipta Deshmukh,dugarpooja@example.org,Katni,6/28/2023
63262519,Benjamin Balakrishnan,nkaran@example.com,Karaikudi,2/21/2024
81763298,Laban Kumar,xhanda@example.com,Ichalkaranji,7/29/2023
49985597,Neel Rastogi,rachana02@example.net,Kishanganj,8/6/2024
21282544,Warda Basak,lchoudhary@example.net,Jaunpur,8/28/2024
78868716,Sai Chhabra,mahika95@example.net,Madhyamgram,12/10/2023
30733165,Gaurang Grewal,gramesh@example.org,Ujjain,5/10/2024
78678612,Kritika Padmanabhan,divyaluthra@example.com,Mehsana,6/20/2024
48511124,Girish Shankar,aggarwalhenry@example.org,Korba,5/15/2023
26412689,Yadavi Rastogi,hemanimander@example.net,Bahraich,6/13/2024
26303194,Janaki Parsa,bhargavanachiket@example.org,Pali,4/29/2023
93735495,Urvi Prasad,sanyathaman@example.org,Jehanabad,5/23/2023
8395610,Ranveer Subramanian,gourkeya@example.org,Erode,3/23/2024
41640262,Vihaan Gola,samesh12@example.com,Ulhasnagar,8/17/2023
60618999,Lopa Vig,dalbir15@example.org,Pudukkottai,7/28/2024
77220027,Aryan Krish,agatedaksh@example.com,Coimbatore,12/11/2023
32019725,Tarak Rout,nitarabatta@example.net,Panchkula,1/19/2024
38709137,Neha Gade,lmahal@example.com,Mau,7/7/2023
11540364,Jonathan Virk,wiyer@example.net,Firozabad,9/24/2024
59207798,Chakrika Bhargava,omlopa@example.org,Ballia,7/2/2023
10797688,Sudiksha Mannan,janigauri@example.net,Bathinda,5/22/2023
88965399,Darsh Sura,yachanabalakrishnan@example.net,Guntur,5/28/2024
10608845,Aadi Gole,vbalan@example.com,Bhilwara,3/29/2024
28603182,Karan Narayan,zaid12@example.net,South Dumdum,8/2/2024
1152215,Yachana Pathak,chakradevnigam@example.org,Dhanbad,5/27/2024
24357425,Wriddhish Munshi,nazaretharin@example.net,Farrukhabad,7/17/2024
93924203,Xalak Goyal,iyengaryashoda@example.net,Jorhat,4/21/2023
61406908,Harrison Mistry,abhimanyu55@example.org,Deoghar,12/24/2023
78841932,Bhavani Rai,varkeyalexander@example.com,Guna,4/19/2024
67310893,Idika Patla,arya77@example.org,Chennai,4/10/2024
666589,Kevin Bassi,jainchandani@example.net,Morbi,7/31/2023
73639935,Urvi Deo,talwargautami@example.com,Medininagar,9/21/2023
51592174,Jasmit Sura,anusha59@example.com,Secunderabad,8/11/2023
12338529,Rishi Nayak,yash47@example.org,Bangalore,10/3/2024
81757554,Yagnesh Nadkarni,srinivasnisha@example.net,Shimoga,4/18/2024
95372766,Hitesh Morar,ikbalwagle@example.org,Latur,1/15/2024
28111842,Charles Kannan,amrita30@example.org,Tirunelveli,9/9/2024
27878182,Qabil Lata,aarnav41@example.com,Thoothukudi,3/30/2023
27353891,Gabriel Ahluwalia,tahuja@example.com,Parbhani,6/25/2023
19179897,Tarak Nagi,dasoliver@example.net,Orai,8/14/2023
63630649,Indira Golla,atikhanna@example.org,Vijayawada,9/2/2023
16359370,Harsh Gaba,zayan66@example.org,South Dumdum,12/5/2023
92123198,Diya Munshi,garimadutt@example.com,Bidar,8/30/2023
77306672,Bina Seshadri,qsaha@example.com,Motihari,9/16/2024
67696145,Isaac Rattan,yuvrajkant@example.net,Bettiah,6/6/2023
29902416,Falak Choudhry,gautampandit@example.org,Tenali,7/17/2023
11446157,Nidhi Borra,upadhriti34@example.org,Shimoga,9/18/2024
84377964,Saumya Babu,palleta@example.com,Tezpur,10/24/2024
12591752,Zilmil Krishna,ukant@example.org,Singrauli,5/28/2023
4940671,Sarthak Doshi,fariq53@example.org,Silchar,6/17/2024
88111697,Ronith Rajagopal,hemalkala@example.org,Ballia,1/30/2024
98241853,Lila Mangal,reddydamini@example.com,Vellore,4/25/2024
75482,Jeet Gandhi,amrita05@example.net,Korba,9/19/2024
6291143,Banjeet Oak,abhatia@example.com,Yamunanagar,8/5/2023
20209237,Anthony Ratti,aryan46@example.com,Shimoga,2/11/2024
85435560,Viraj Nair,krishnavedhika@example.org,Ludhiana,7/28/2024
68063317,Reva Rajagopal,lavanya06@example.com,Muzaffarnagar,10/21/2024
82594354,Harinakshi Sule,ocontractor@example.net,Avadi,1/4/2024
51040116,Inaya Pillai,wyattsavant@example.com,Berhampur,11/14/2023
78053306,Meera Naik,sdeo@example.org,Visakhapatnam,6/27/2024
66761643,Samuel Mukherjee,wriddhishwagle@example.net,Anand,5/7/2023
81932548,Baghyawati Gill,vaishnaviagrawal@example.com,Etawah,10/31/2024
19682060,Hamsini Swamy,vedhikasawhney@example.net,Jehanabad,2/12/2024
1719710,Pushti Sabharwal,ramachandranharini@example.com,Giridih,6/26/2023
74195536,Champak Chhabra,ishanviratti@example.org,Amaravati,10/9/2024
15534747,Oviya Luthra,edhar@example.org,Kadapa,9/19/2023
95558510,Ekaraj Halder,jairaj73@example.com,Bhind,6/25/2023
767523,Maya Khosla,khannaijaya@example.org,Vasai-Virar,5/27/2023
55056284,Devika Lal,kamdarkalpit@example.com,Ichalkaranji,5/13/2024
86167288,Rachana Rajagopal,cratta@example.net,Nagpur,8/14/2023
96511007,Hema Mannan,minhasria@example.net,Dindigul,6/26/2024
31084686,Jai Ramaswamy,ylad@example.net,Aurangabad,6/20/2024
99594960,Amaira Tak,inarang@example.net,Madanapalle,6/12/2023
53815931,Praneel Sekhon,dalbirganguly@example.org,Jaipur,7/19/2023
21597477,Mugdha Chaudhuri,varshadate@example.net,Bhopal,9/21/2023
243838,Sudiksha Nagar,chandanikrish@example.net,Visakhapatnam,5/16/2024
15484407,Saksham Kaur,nathmohammed@example.net,Kakinada,6/11/2024
21677923,Lipika Mukhopadhyay,masonnayar@example.net,Kakinada,7/18/2023
24845814,Harshil Shukla,vedhikavora@example.net,Raipur,3/31/2023
99893898,Vedant Master,forumwable@example.com,Berhampore,11/22/2023
95856869,Bahadurjit Ratta,dinradhika@example.org,Tirupati,3/8/2024
40275138,Eiravati Thaker,umangbabu@example.net,Bathinda,1/5/2024
12814732,Janya Soni,shenoyharita@example.net,Karaikudi,5/26/2023
4057678,Brijesh Khalsa,rrai@example.org,Kadapa,5/27/2023
46682777,Simon Parekh,vigekiya@example.org,Medininagar,7/2/2024
10562528,Udant Dada,odika72@example.com,Udaipur,7/11/2024
31978160,Kiaan Khare,januja42@example.net,Saharanpur,5/1/2024
14207332,Ucchal Uppal,epandya@example.com,Aligarh,1/3/2024
76019750,Omisha Balan,advaithsahota@example.com,Thiruvananthapuram,1/4/2024
36833857,Omya Banik,jeet65@example.org,Silchar,2/26/2024
84275450,Frederick Sem,ucchalsingh@example.com,Nellore,3/10/2024
6367136,Yashica Jayaraman,kmane@example.org,Rohtak,2/17/2024
27049432,Mitali Shankar,sahotaudarsh@example.net,Nagaon,7/8/2023
69863493,Yashica Madan,jsehgal@example.com,Junagadh,6/9/2023
35349582,Raksha Kalla,qvohra@example.net,Bhilai,1/28/2024
20148223,Manbir Dua,schar@example.org,Kamarhati,5/26/2023
46684081,Darika Hans,shahaarna@example.com,Ghaziabad,4/1/2023
49795571,Rajata Agrawal,charvikurian@example.net,Loni,3/8/2024
44935198,Chakrika Divan,wazirpandit@example.org,Tumkur,12/5/2023
74515162,Aarnav Parsa,miteshvarghese@example.org,Durgapur,8/19/2024
54885705,David Date,ojasvisandhu@example.com,Amritsar,3/30/2024
96793479,Abhimanyu Venkataraman,wramakrishnan@example.com,Ambarnath,8/23/2024
87335844,Chandran Chakraborty,nborah@example.com,Shivpuri,6/29/2023
67340606,Onkar Arya,lekharadhakrishnan@example.org,Tirunelveli,6/20/2024
72667140,Neelima Raj,benharrison@example.net,Mysore,7/30/2023
71956734,Sneha Chaudhuri,kalasaanvi@example.org,Adoni,7/4/2024
8536503,Ubika Om,daminikala@example.com,Ramagundam,4/19/2023
70179018,Sai Brar,shaoni@example.net,Bhiwani,9/11/2024
68219091,Tanvi Dixit,deourvi@example.com,Ongole,10/4/2024
71890882,Mitali Parsa,khalsazaid@example.org,Fatehpur,3/16/2024
44928499,Aarav Andra,sonikabir@example.org,Ramgarh,4/9/2023
35302195,Garima Chahal,wyatt01@example.com,Maheshtala,4/3/2023
25641500,Harshil Vaidya,michaelthakur@example.org,Sultan Pur Majra,10/20/2024
29272253,Brijesh Nadkarni,gaurangigarg@example.com,Kolhapur,9/19/2024
30643619,Ethan Nagi,dmukherjee@example.com,Shimla,3/31/2024
40800762,Pranav Dar,urvashi38@example.org,Pallavaram,10/30/2023
74212242,Netra Kaul,manya42@example.org,Allahabad,10/12/2023
30265929,Nandini Brahmbhatt,dixitganga@example.org,Nizamabad,8/4/2024
22321208,Pratyush Bedi,praneel86@example.net,Ballia,10/2/2024
60385293,Edhitha Pandey,hchaudry@example.org,Medininagar,2/22/2024
94137242,Rohan Mallick,wasonmohammed@example.net,Bhagalpur,4/17/2023
45477575,Aarna Bawa,kondajagdish@example.com,Vellore,1/5/2024
9401406,Lucky Babu,shivanisura@example.net,Panipat,11/18/2023
21948041,Oni Amble,devbarman@example.com,Bhavnagar,3/21/2024
39968800,Gopal Bera,gavin30@example.net,Malda,9/29/2023
29097987,Matthew Subramanian,samuel89@example.net,Hosur,4/23/2024
83304571,Abha Dugar,vrittishukla@example.com,Dharmavaram,11/27/2023
69126963,Chatura Lad,gagankaran@example.com,Mirzapur,2/21/2024
26903313,Chandresh Sandal,chandreshyohannan@example.org,Bhimavaram,4/25/2023
50899600,Frado Arya,kthakur@example.com,Bettiah,11/15/2023
12988801,Darika Verma,pallahredhaan@example.net,Gurgaon,9/2/2024
85869195,Kashish Nigam,rajagopalansudiksha@example.net,Rajpur Sonarpur,7/10/2024
76327561,Osha Khanna,utkarsh04@example.net,Adoni,8/14/2023
54580166,Jason Pradhan,lucky87@example.net,Silchar,8/11/2023
15931134,Azaan Gara,jai07@example.com,Darbhanga,3/10/2024
79919160,Qasim Rai,madhavhans@example.com,Silchar,12/30/2023
5763963,Chandran Seth,yashoda79@example.net,Pimpri-Chinchwad,3/30/2023
75213636,Bhanumati Chatterjee,xitiarya@example.com,Sonipat,7/1/2024
16543242,Vihaan Korpal,dayalekaraj@example.net,Darbhanga,6/5/2023
61568565,Kashish Lala,pallrajeshri@example.org,Yamunanagar,10/25/2024
42227189,Nilima Borah,kashishvenkatesh@example.com,Sonipat,3/14/2024
23996221,Jackson Issac,kulkarniekapad@example.com,Ramagundam,10/10/2023
76309170,Chandran Agate,rayomkaar@example.net,Bhind,11/26/2023
78157360,Xavier Toor,rayaan93@example.net,Udaipur,8/5/2024
49833888,Harini Raja,ekavir40@example.net,Parbhani,3/31/2024
60591625,Fitan Kunda,gillgunbir@example.net,Delhi,7/30/2023
5238055,Chandani D’Alia,sahninandini@example.net,Guntur,1/29/2024
25221501,Pratyush De,royisaac@example.org,Orai,9/9/2023
71905368,Chameli Magar,ugulati@example.org,Bathinda,5/24/2023
54057428,Chatura Contractor,gsachdev@example.org,Panvel,11/28/2023
68475914,Ishita Sarna,bhallasaanvi@example.org,Kishanganj,10/27/2023
48358028,Xavier Kibe,agatesiya@example.org,Gudivada,5/8/2024
43367112,Chasmum Ramesh,jom@example.com,Gopalpur,12/14/2023
69034027,Udarsh Gole,tatwal@example.com,Nagaon,6/2/2024
7687234,Farhan Sheth,dhritijhaveri@example.com,Naihati,9/27/2024
97411107,Udarsh Sandhu,janaki58@example.net,Medininagar,7/26/2024
9423628,Chanakya Dutta,magarekbal@example.net,Malegaon,9/3/2023
72797175,Aarush Ratti,harinikurian@example.net,Loni,11/17/2023
38875754,Yash Mitter,falaksrinivasan@example.net,Ambattur,8/12/2023
49881540,Xalak Muni,avni70@example.net,Kottayam,9/13/2024
13462905,Bimala Rau,arinhans@example.org,Farrukhabad,3/23/2023
37556526,Anjali Varkey,triveni48@example.org,Farrukhabad,6/14/2024
52032226,Jagvi Choudhury,shivanimani@example.com,Jodhpur,8/26/2023
75289676,Yashica Borra,odikasaha@example.org,Bardhaman,7/20/2023
9274874,Kashvi Ganguly,fray@example.org,Arrah,9/26/2024
36428139,Hemani Ben,reva92@example.com,Nagaon,4/9/2024
51994597,Xavier Divan,sahotaavni@example.org,Mira-Bhayandar,8/23/2024
95309983,Vansha Atwal,ramankritika@example.net,Solapur,9/7/2024
2391900,Nisha Gokhale,priyasankaran@example.com,Bhagalpur,9/26/2024
82425179,Gagan Patil,diyalal@example.net,Kakinada,6/13/2024
45868300,Isha Sheth,revaatwal@example.net,Ratlam,8/24/2023
1855421,Jasmit Kibe,kabiranand@example.net,Kadapa,6/30/2023
87256913,Abhiram Kannan,wagate@example.org,Bhiwandi,10/1/2024
15545780,Ekansh Baria,mammenqasim@example.net,Ambala,4/13/2024
20951294,Sathvik Dhar,atichoudhary@example.net,Anantapur,8/29/2023
11636968,Frado Ravel,rachitaaurora@example.org,Srinagar,9/21/2024
86636273,Saksham Bora,michael01@example.org,Chinsurah,7/15/2023
40593638,Wridesh Ratti,bgrewal@example.net,Purnia,12/12/2023
701493,Ekaraj Saini,arya43@example.net,Shahjahanpur,2/11/2024
29664214,Vrishti Chopra,csankaran@example.com,Chennai,1/8/2024
26278566,Henry Zachariah,surimaanas@example.org,Satna,1/25/2024
87251489,Reyansh Johal,ladpatrick@example.net,Thane,3/4/2024
67465084,Rachita Gill,meghana61@example.net,Ratlam,11/2/2023
83236183,Zayan Kalla,chatreshtella@example.net,Panihati,3/26/2023
66710182,Max Mallick,sameshdate@example.com,Korba,3/18/2024
93507573,Raksha Prashad,ntank@example.com,Purnia,10/23/2024
8733344,Chandani Mishra,kalitafaraj@example.com,Jammu,2/2/2024
73098723,Abhiram Khare,wvora@example.org,Coimbatore,2/22/2024
49050014,Chanakya Mukhopadhyay,edhithashetty@example.net,Ludhiana,11/15/2023
98144693,Varenya Ahluwalia,imohan@example.com,Kota,11/4/2024
43034188,Ekaraj Bora,kohlimeera@example.org,Sirsa,1/28/2024
77673290,Aditya Ram,sanya50@example.com,Sagar,11/4/2024
41494517,Maya Dara,hamsini77@example.com,Latur,4/9/2024
85233498,Arin Chad,banjeetanne@example.org,Bijapur,6/17/2024
79592021,Jack Basu,gulatitanvi@example.net,Chittoor,2/16/2024
40104482,George Toor,kdave@example.com,Morbi,8/19/2023
1469696,Gaurangi Banerjee,raghavanjagrati@example.com,Jalna,6/24/2023
21658322,Balhaar Balasubramanian,tandoneiravati@example.com,Maheshtala,7/29/2024
55094848,Michael Sarraf,ckakar@example.net,Madanapalle,4/2/2023
15897933,Mohini Rao,asom@example.org,Jabalpur,3/18/2023
8138417,Champak Narayan,xnath@example.com,Nangloi Jat,6/28/2024
24581427,Yahvi Tiwari,yauvanibarad@example.net,Ahmednagar,8/20/2023
73428596,Nathaniel Sem,ekanta10@example.com,Kakinada,8/18/2023
95428692,Janani Yohannan,chakradevwable@example.com,Motihari,3/21/2023
51048402,Leela Bhandari,wnarayan@example.com,Ahmedabad,2/13/2024
13455530,Yoshita Varty,mdoshi@example.com,Saharsa,4/5/2024
62742184,Gabriel Luthra,qasim85@example.net,Nandyal,10/21/2023
26285589,Bakhshi De,reyanshbarad@example.net,Yamunanagar,10/29/2024
31991019,Gauri Dhar,dominicperi@example.net,New Delhi,9/28/2023
52862822,Aarini Khosla,ysaran@example.com,Anand,7/16/2024
2365348,Zashil Varghese,rayaan71@example.net,Siwan,9/23/2024
62917794,Chaman Setty,charlesprabhu@example.org,Bharatpur,2/12/2024
49806393,Aarush Natt,nachiket49@example.com,Latur,3/31/2023
65382130,Nachiket Mani,rajaijaya@example.net,Ahmednagar,6/24/2023
97111119,Ridhi Sekhon,rmishra@example.com,Tiruchirappalli,9/11/2024
48268435,Triveni Padmanabhan,bishakhaprasad@example.com,Ramagundam,4/5/2024
10796846,Waida Sanghvi,qbera@example.com,Tiruvottiyur,6/10/2024
31233120,Veer Krish,mitesh54@example.org,Lucknow,5/3/2024
4192351,Leela Date,vbalasubramanian@example.net,Nandyal,1/20/2024
9347990,Aarush Pingle,natarajantanay@example.com,Nizamabad,4/1/2024
46699982,Abhiram Sahni,vuppal@example.org,Ulhasnagar,10/10/2023
46515922,Harish Setty,kamya82@example.net,Ghaziabad,9/5/2024
2164524,Kamala Natt,abha02@example.net,Rohtak,4/16/2023
94854830,Aarna Dave,michaelmann@example.com,Kochi,7/27/2023
53886685,Ayaan Dixit,henrykanda@example.net,Bhimavaram,5/1/2024
89223620,Udyati Malhotra,raaginimitter@example.net,Amravati,7/21/2023
17597449,Umang Dhingra,pprabhakar@example.com,Guna,4/6/2023
14167111,Balvan Raman,bassigavin@example.org,Kishanganj,8/3/2023
93867669,Vrishti Bhatti,ochoudhary@example.net,Khammam,2/21/2024
8886587,Aishani Sura,neelima18@example.com,Moradabad,8/27/2023
53292177,Tanmayi Vyas,eesha65@example.com,Panihati,10/27/2024
66130660,Lopa Bhasin,tanishverma@example.com,Gandhinagar,4/20/2024
29562254,Devansh Murty,niteshdeshpande@example.com,Jaunpur,7/19/2023
40703374,Wriddhish Ramachandran,sahaamara@example.org,Nandyal,9/2/2024
18259715,Finn Chacko,ggala@example.org,Pudukkottai,5/14/2023
63184222,Veer Cheema,geetika98@example.com,Kharagpur,1/4/2024
5540556,Lakshit Balan,gunbirpillai@example.org,Gangtok,8/28/2023
36587003,Amaira Nagi,jdeo@example.org,Tumkur,3/31/2023
55028958,Pavani Yadav,mallorinder@example.org,Howrah,5/10/2023
86995126,Bimala Bhattacharyya,sanishaurya@example.org,Durgapur,6/12/2023
22358567,Zansi Chakraborty,sarthaksuri@example.org,Faridabad,4/2/2023
10745302,Yochana Shukla,jaigrover@example.net,Indore,10/26/2023
31410886,Ayush Manda,finnraman@example.com,Sasaram,5/20/2024
80476444,Qadim Bail,vrittikoshy@example.com,Eluru,5/27/2024
98709982,Dhruv Kalita,toormegha@example.org,Dehri,4/11/2024
36142455,Rushil Walla,tristannarang@example.org,Katni,3/19/2023
71607166,Inaya Sama,wahab05@example.org,Rohtak,9/18/2023
6622751,Nachiket Ratti,dyalaahana@example.com,Thiruvananthapuram,6/10/2024
77217240,Tristan Aurora,dugalranbir@example.org,Karawal Nagar,9/11/2024
31537100,Rajata Sampath,ekiya53@example.org,Kozhikode,2/16/2024
38969732,Manthan Chana,obarad@example.com,Pune,9/8/2024
81091233,Divya Dada,hemal96@example.com,Durgapur,4/24/2024
13424885,Azaan Modi,pandyaarya@example.org,Malda,1/14/2024
91789216,Rajeshri Rama,iyengarchasmum@example.net,Thane,1/5/2024
25661033,Raksha Kannan,akshaymann@example.net,Miryalaguda,5/23/2023
24153726,Azad Sachdev,ugara@example.net,Orai,6/19/2024
87222820,Aadhya Padmanabhan,nkala@example.org,Ulhasnagar,3/25/2023
79628054,Oscar Narula,charkrishna@example.com,Pondicherry,10/25/2024
99156138,Yatin Hayer,raghavangaurang@example.com,Morbi,6/10/2023
6150721,Vaishnavi Master,ldeshpande@example.org,Panihati,11/7/2023
12531927,Ayush Tripathi,vmodi@example.net,Bhiwandi,5/12/2024
87200291,Anya Panchal,ngandhi@example.net,Ichalkaranji,2/3/2024
34897081,Kamala Dasgupta,bhaktabhavika@example.org,Shahjahanpur,7/22/2023
68754962,Odika Rout,bsinha@example.com,Khammam,10/26/2023
38613642,Ishani Pandya,wahab57@example.net,Erode,11/3/2024
70589930,Sai Taneja,bariaazaan@example.com,Sambalpur,9/29/2023
93937586,Pranav Solanki,hayrewarjas@example.org,Medininagar,7/4/2023
8817168,Lajita Sharma,gaurang89@example.net,Mehsana,8/19/2023
85763665,Eshana Narula,lekha86@example.net,Sikar,6/26/2024
39423691,Lucky Goel,wparikh@example.com,Chandrapur,5/28/2024
17675915,Rayaan Wable,warhi45@example.net,Varanasi,1/18/2024
59141605,Saksham Kala,triyadutt@example.net,Motihari,7/10/2024
89418072,Azad Wason,ranaforum@example.com,Deoghar,10/11/2024
89412038,Ekansh Nagi,aarinirau@example.com,Kharagpur,9/9/2023
14632090,Ria Baria,qsoman@example.net,Miryalaguda,3/31/2024
70220141,Reyansh Dhaliwal,jganguly@example.org,Sambalpur,3/24/2024
79298972,Zaid Kari,solankiabeer@example.net,Nadiad,6/25/2023
78572233,Ucchal Nagy,chauhanliam@example.com,Siwan,10/26/2023
91382237,Yashasvi Prasad,osanghvi@example.org,Bhiwani,3/18/2024
25659794,Rajeshri Radhakrishnan,ganga35@example.org,Buxar,5/25/2023
88203688,Chavvi Karan,hsaini@example.org,Chittoor,4/16/2023
60732869,Joshua Nath,anamika40@example.com,Rajahmundry,4/8/2023
40563029,Chandani Rege,parsafaraj@example.org,Chandigarh,8/23/2024
34237583,Ishwar Chand,mitalwidisha@example.net,Hapur,9/8/2024
51174875,Sara Prasad,oviyabhardwaj@example.com,Saharsa,5/26/2023
41261495,Faris Deol,pdey@example.org,Bhagalpur,10/20/2024
46876240,Vihaan Doctor,jagvi98@example.org,Vijayanagaram,6/16/2023
20940403,Tanvi Kala,zayyan13@example.com,Dhule,5/8/2023
52234494,Chameli Kadakia,bhavinisandhu@example.com,Bhopal,7/25/2023
25503067,Ikshita Yohannan,solankicharita@example.org,Alwar,8/15/2023
3491230,Ucchal Chana,bariabina@example.org,Khora ,6/1/2023
16420489,Divya Peri,imaran88@example.net,Nandyal,4/1/2024
57291761,Samarth Muni,netrasarkar@example.org,Pallavaram,8/29/2024
21573815,Urvashi Dalal,rajagopalmanthan@example.net,Allahabad,9/26/2023
82854537,Yauvani Korpal,kulkarnidhriti@example.org,Varanasi,5/5/2024
88684966,Jalsa Khanna,warhi99@example.com,Surat,7/8/2024
65143359,Zinal Thakkar,pranavdara@example.net,Bhind,2/17/2024
77625089,Omisha Kalla,yogividhi@example.net,Rourkela,10/23/2023
8361353,Pahal Kibe,gabriel01@example.org,Bhiwani,2/17/2024
95269737,Aarini Vora,tmitra@example.com,Machilipatnam,3/10/2024
83701325,Chasmum Rau,advaithupadhyay@example.net,Dehradun,4/11/2023
98667584,Sara Soman,salvigeetika@example.com,Jaipur,10/27/2024
51476157,Abdul Bali,nandinibanik@example.net,Burhanpur,8/21/2024
2848415,Anika Raja,ukamdar@example.org,Aurangabad,7/13/2024
71235336,Gabriel Sawhney,chahalsamuel@example.net,Bokaro,1/30/2024
79206969,Aadi Bains,girindra18@example.net,Jamalpur,11/17/2023
27971619,Wriddhish Anne,jbhalla@example.org,Mirzapur,10/11/2023
66427343,Forum Iyer,rajavarsha@example.net,Dewas,8/25/2023
50392139,Zehaan Hayer,yashoda79@example.net,Jamnagar,7/2/2024
46088132,Benjamin Ramanathan,ssahota@example.com,Sasaram,5/9/2024
61226563,Chameli Kala,aadhya91@example.com,Vadodara,1/6/2024
5386246,Oeshi Dhillon,mallmaya@example.com,Kadapa,5/19/2023
97739583,Vasudha Nair,nratti@example.net,Hapur,7/21/2023
67711384,Widisha Varkey,gautami04@example.net,Bilaspur,9/6/2024
77320193,Aarush Das,jainjanuja@example.net,Jalgaon,10/3/2024
44409533,Vihaan Sule,varghesevasatika@example.net,Tadipatri,3/10/2024
84287579,Amrita Borde,orajagopalan@example.org,Raurkela Industrial Township,11/14/2023
25595836,Sathvik Prabhakar,vihaan96@example.net,Orai,10/22/2023
17681645,Maanav Bhat,zayan80@example.net,Bhagalpur,12/21/2023
95364457,Nitara Bandi,gaurangi65@example.org,Ramagundam,2/21/2024
23348269,Rudra Dutta,janya57@example.com,Ahmednagar,2/28/2024
95858939,Chakrika Shroff,nbalay@example.com,Raiganj,10/19/2023
46313756,Widisha Desai,nakul82@example.net,Kolhapur,3/26/2023
38694209,Harinakshi Patla,zbhagat@example.com,Uluberia,8/23/2024
54680459,Fariq Kala,danielbanerjee@example.com,Vijayanagaram,8/29/2023
67952740,Sathvik Majumdar,nadkarnidalbir@example.org,Raebareli,7/17/2024
90665975,Hamsini Dhingra,zaitra78@example.com,Nangloi Jat,9/24/2023
35237846,Bakhshi Varkey,baljiwan77@example.org,Guna,9/11/2023
85476508,Orinder Dua,sarafekavir@example.net,Pallavaram,5/22/2024
20122449,Amaira Ahuja,raagini26@example.net,Cuttack,1/22/2024
40392019,Yashvi Sur,omamrita@example.net,Eluru,2/8/2024
25587553,Nakul Venkatesh,hamsinikarpe@example.org,Imphal,9/24/2023
27727819,Lavanya Bhasin,vidhidixit@example.org,Nagercoil,10/28/2023
65396354,Hemani Modi,tanmayinarayanan@example.net,Hindupur,3/18/2023
84953008,Sai Pal,rattayashvi@example.net,Bongaigaon,9/9/2024
22081691,Yagnesh Bora,harrisonmore@example.net,Satara,11/16/2023
77086074,Ekantika Mannan,yatancherian@example.net,Hazaribagh,12/2/2023
13978108,Oscar Oak,dubeywatika@example.org,Kota,3/16/2024
3421258,Ishita Chaudhuri,tara78@example.com,Kota,6/19/2024
82160592,Krisha Keer,ishaandey@example.com,Chittoor,12/31/2023
4458329,Nimrat Sandal,manyachatterjee@example.net,Mira-Bhayandar,7/1/2024
92038780,Geetika Bansal,minhasraagini@example.com,Pallavaram,8/3/2023
63376126,Michael Pall,bsahni@example.org,Kollam,10/30/2024
62816600,Gagan Kumar,karajhalak@example.org,Kavali,4/24/2024
25713335,Ojas Sridhar,nbhatnagar@example.org,Chennai,2/10/2024
58111297,Chasmum Mutti,vrindakumer@example.com,Sambalpur,8/16/2023
22571994,Lakshit Bassi,badamivrishti@example.net,Bihar Sharif,7/8/2024
47711422,Meghana Varkey,ebhatti@example.org,Bhatpara,10/26/2023
35885052,Aadhya Ravi,urmibedi@example.org,Bhiwandi,9/24/2023
51503088,Arin More,aashibiswas@example.org,Kumbakonam,2/23/2024
47043878,Frado Batra,birnicholas@example.net,Bilaspur,6/13/2024
72495274,Vasatika Amble,bhattirishi@example.com,Aizawl,1/30/2024
6081270,Caleb Sane,diptagour@example.net,Gaya,8/17/2024
38048329,Harrison Loyal,niharika09@example.com,Pali,10/1/2024
69089982,Daniel Reddy,rrandhawa@example.org,Noida,9/16/2024
59909004,Indali Master,samaksh55@example.org,Haridwar,11/9/2023
79607319,Tanay Prabhakar,loyalluke@example.net,Indore,8/31/2023
66742602,Yatan Uppal,hchakraborty@example.net,Jalna,7/1/2023
24032469,Liam Khatri,chaayabalay@example.net,Muzaffarnagar,11/7/2023
65772743,William Kuruvilla,onveerbedi@example.net,Erode,8/2/2024
15661901,Warda Wagle,umangat@example.com,Kumbakonam,10/31/2024
21866852,Ojas Morar,gangulymahika@example.org,Guwahati,11/14/2023
79478655,Zilmil Rege,noah34@example.com,Silchar,8/15/2024
13164195,Fitan Uppal,abeerbedi@example.org,Durg,11/26/2023
38565569,Udarsh Nayar,garimabala@example.com,Anantapuram,3/1/2024
10225164,Siya Parmer,watika42@example.net,Dehri,9/25/2024
72946405,Ria Kuruvilla,oscar26@example.net,Kulti,2/7/2024
97557157,Priya Karan,ekiya65@example.net,Bardhaman,1/22/2024
32595806,Radha Bhardwaj,mchatterjee@example.com,Chandigarh,5/30/2024
53100521,Mitesh Bora,krishnanabhimanyu@example.com,Gandhidham,3/2/2024
59252433,Vincent Raval,riya20@example.org,Karaikudi,9/20/2024
59890331,Raagini Badal,nicholas03@example.com,Chennai,11/1/2024
95001589,Dayamai Bhasin,darika48@example.org,Asansol,8/23/2024
53076417,Chaitanya Nayak,yuvrajmadan@example.com,Malda,2/23/2024
82286725,Unnati Mishra,sarkarwarhi@example.net,Orai,10/17/2024
13383642,Xavier Kashyap,okulkarni@example.org,Mumbai,4/2/2024
52215833,Lipika Parmer,gavinprabhakar@example.net,Sirsa,9/27/2024
67271824,Liam Rama,ebains@example.com,Salem,9/13/2024
78903046,Dakshesh Sundaram,nidrachowdhury@example.com,Karawal Nagar,4/16/2023
90021871,Pooja Dube,sudikshagokhale@example.org,Thiruvananthapuram,8/4/2023
97286925,Omkaar Bedi,girindra67@example.com,Vellore,8/30/2023
6186471,Dominic Koshy,choprachanchal@example.org,Chittoor,9/18/2024
5039883,Gavin Garg,nitesh75@example.org,Purnia,12/19/2023
90882023,Benjamin Misra,craman@example.org,Begusarai,6/12/2023
33295496,Imaran Chaudry,janyasaha@example.net,Haldia,1/12/2024
72393904,Amara Mahajan,kamala48@example.net,Mumbai,7/25/2024
15830066,Rishi Krishnan,anvimerchant@example.net,Mira-Bhayandar,10/18/2024
93341057,Ayaan Tiwari,nagiyashica@example.net,Maheshtala,10/15/2023
64106072,Pratyush Majumdar,riasheth@example.org,Deoghar,4/13/2023
62742797,Tanvi Dhar,xbaral@example.org,Fatehpur,8/30/2023
79591237,Osha Warrior,anika64@example.com,Thane,12/23/2023
59095971,Jason Wagle,pahalsama@example.com,Amroha,9/8/2023
34768050,Ekalinga Dixit,ojas67@example.com,Dhanbad,11/21/2023
15221182,Charles Munshi,yashodaanne@example.org,Visakhapatnam,8/19/2023
66655397,Hemal Grover,xalak59@example.org,Pali,4/23/2023
63971358,Leela Hayre,npalla@example.org,Mau,6/24/2023
38615653,Xiti Sachdeva,hnarang@example.net,Motihari,3/30/2024
30192942,Darika Raj,indalisunder@example.net,Jodhpur,2/4/2024
4444673,Chatresh Patla,owenkhatri@example.net,Srikakulam,6/24/2023
25850478,Jeevika Taneja,barkha46@example.net,Danapur,4/5/2024
50484778,Hiral Saxena,kurianatharv@example.com,Kanpur,5/16/2024
30891209,Azaan Bora,manan23@example.org,Gudivada,7/22/2024
91144803,Hemang Singhal,njain@example.com,Imphal,9/16/2023
79764621,Darpan Sastry,dayita64@example.org,Rajahmundry,5/15/2023
87823209,Hemang Suri,aggarwalwatika@example.net,Tadepalligudem,4/8/2023
26432512,Warhi Iyer,petergrewal@example.net,Khora ,12/17/2023
34526570,Falak Edwin,jalsasetty@example.com,Mysore,7/29/2024
35358395,Hiral Kumar,yadavxalak@example.net,Dindigul,10/5/2023
20634789,Aarnav Som,watikasule@example.org,Chinsurah,7/2/2024
11047835,Nathaniel Reddy,rsengupta@example.net,Tinsukia,1/31/2024
17201639,Vidhi Toor,qsani@example.com,Korba,5/23/2023
87718744,Max Pandit,vamakshi09@example.com,Bathinda,9/29/2023
75474920,Ojas Wali,khuranafrado@example.org,Serampore,10/20/2024
57956497,Reva Sahota,frederick08@example.com,Kurnool,10/5/2024
14114543,Vedika Aurora,rajagopalangeetika@example.net,Muzaffarnagar,3/29/2023
5043760,Chatresh Dara,dsinghal@example.org,Davanagere,11/28/2023
66359719,Diya Murty,mitalihayer@example.com,Nagercoil,5/20/2024
32656885,Xiti Sane,nyadav@example.net,Durgapur,8/1/2023
2457734,Onkar Garg,warhi85@example.com,Ahmednagar,5/27/2023
9702217,David Doshi,madhavkibe@example.com,Shahjahanpur,9/17/2024
55425478,Karan Ramachandran,jackson54@example.net,Surendranagar Dudhrej,7/5/2024
50781611,Jeremiah Mallick,battayashasvi@example.com,Nagpur,5/24/2023
39150258,Dalaja Choudhury,beraprisha@example.com,Gandhinagar,4/19/2023
77035814,Ishaan Mohanty,dev69@example.com,Bhimavaram,6/3/2023
35459748,Ekbal Dasgupta,kchaudhary@example.org,Firozabad,1/29/2024
7728356,Vasana Bumb,odikaraval@example.net,Raebareli,3/18/2024
75632045,Shivansh Sharaf,minhasjacob@example.org,Silchar,8/10/2023
40667183,Yatin Setty,lthakkar@example.com,Bidar,9/9/2024
63368244,Jeevika Tara,rkapur@example.net,Danapur,8/1/2024
16448993,Chakradev Krishnan,ojasvi77@example.com,Korba,9/19/2023
3096845,Yashvi Chander,saksham67@example.com,Guntakal,10/22/2023
26863280,Aryan Dewan,balveer31@example.org,Rajkot,11/25/2023
28428852,Libni Dada,pranit07@example.net,Mira-Bhayandar,4/11/2023
37691544,Onkar Devan,bmane@example.com,Darbhanga,10/15/2024
70976153,Devansh Nanda,vihaankanda@example.com,Ahmednagar,3/1/2024
25287111,Lakshmi Ratti,chakradhar10@example.com,Thane,2/25/2024
82900175,Avni Som,hiralmunshi@example.net,Baranagar,6/1/2023
93699264,Bakhshi Ghose,fbalakrishnan@example.org,Hubli–Dharwad,10/14/2023
73869823,Nathan Ratti,radhakrishnanaarav@example.com,Mysore,5/18/2023
32293017,Samarth Kapoor,mandalmohammed@example.org,Gudivada,1/21/2024
44030130,Laksh Dalal,gchawla@example.net,Ghaziabad,7/31/2024
1200365,Avni Mistry,rkurian@example.net,Thane,6/21/2023
96903782,Tanish Andra,chasmum69@example.net,Kakinada,1/12/2024
35278126,Harinakshi Arya,agara@example.org,Tumkur,12/24/2023
6756256,Ijaya Goel,qsarin@example.org,Bellary,7/6/2023
8073518,Mekhala Pandit,biswasosha@example.com,Nellore,1/7/2024
76857266,Liam Nadig,siddharthissac@example.com,Mumbai,6/22/2024
49241309,Pahal Palla,wrideshmannan@example.net,Gurgaon,6/19/2024
80952275,Kevin Babu,aayush04@example.net,Bongaigaon,7/6/2024
31576845,Chasmum Raman,bimalaanne@example.org,Madurai,7/7/2023
47515046,Guneet Uppal,wvora@example.org,Jamshedpur,12/27/2023
98930670,Anjali Raju,wriddhish20@example.com,Singrauli,6/11/2024
24621386,Maanav Raghavan,ramanamika@example.org,Rajahmundry,11/15/2023
53399500,Libni Sinha,rayaantiwari@example.org,Kadapa,7/1/2024
52815265,Daniel Bains,lopa03@example.net,Pudukkottai,5/12/2024
61015113,Dalaja Choudhury,jaggionveer@example.com,Amroha,11/17/2023
63624332,Krisha Zachariah,dhingraabha@example.org,Rewa,8/17/2023
28286754,Bina Setty,nandini67@example.org,Singrauli,3/18/2024
60835946,Yoshita Sani,fganesh@example.org,Fatehpur,4/24/2024
59620534,Oeshi Sethi,parmarbhavika@example.com,Ambattur,1/16/2024
820740,Mekhala Sathe,naveennatt@example.com,Ambala,11/15/2023
91602727,Rayaan Palla,yatin72@example.org,Indore,8/31/2023
50848069,Yahvi Golla,tdutta@example.net,Belgaum,3/7/2024
55049973,Nicholas Badami,nsavant@example.org,Srikakulam,3/27/2024
12397668,Ojasvi Mahal,vedant21@example.org,Guwahati,5/9/2024
61516967,Mohammed Morar,wreddy@example.net,Erode,2/20/2024
96853930,Jagvi Varty,tbaral@example.com,Bhopal,7/3/2023
91853589,Xavier Wali,jatin71@example.net,Jalna,6/17/2024
7228206,Anmol Koshy,rdevi@example.com,Jalgaon,5/25/2023
41612464,Chatura Sodhi,adya94@example.com,Bhavnagar,8/6/2023
10683250,Manthan Sundaram,ekavir81@example.org,Bhagalpur,7/19/2024
94078407,Praneel Baria,olata@example.org,Uluberia,1/23/2024
26364643,Zehaan Keer,riya25@example.com,Morena,8/22/2024
85016568,Rudra Mall,nandra@example.com,Tinsukia,7/17/2024
11153360,Libni Sastry,warjaschoudhury@example.com,Amaravati,4/1/2024
88532418,Ansh Bahl,bina13@example.com,Gorakhpur,10/21/2024
66023110,Joshua Mishra,imaranchana@example.com,Kottayam,11/3/2023
18229949,William Bora,nlata@example.org,Danapur,4/15/2023
58873572,Chandran Kale,manbirdhawan@example.com,Nanded,9/10/2023
5001749,Dayamai Chanda,ekta28@example.com,Kota,6/6/2023
6668498,Bimala Prakash,vchander@example.net,Ratlam,5/8/2024
13441874,Hemang Sandal,ysingh@example.net,Berhampur,4/9/2023
52915166,Harita Gulati,sanaya15@example.net,Dehri,6/28/2024
41647393,Simon Padmanabhan,kevin23@example.com,Sirsa,11/9/2023
51945420,Geetika Kalita,bhandariaryan@example.com,Tiruppur,4/5/2023
53640286,Quincy Cheema,vigvasatika@example.org,Mathura,11/12/2023
15599514,Yashodhara Magar,jeetbansal@example.org,Tezpur,4/18/2023
55552600,Baljiwan Nagar,barkha14@example.net,Gorakhpur,10/30/2024
78439088,Ria Taneja,mbanerjee@example.com,Ballia,6/27/2024
42947770,Vincent Bahri,januja43@example.com,Bhalswa Jahangir Pur,9/18/2024
66252737,Umang Bhavsar,xiti79@example.org,Warangal,9/12/2024
71615827,Yash Contractor,aadi81@example.com,Bulandshahr,3/23/2024
15487049,Aadhya Cherian,rushil71@example.com,Motihari,2/13/2024
85218071,Panini Mani,bhavanighosh@example.org,Hyderabad,4/28/2023
24456825,Vansha Khurana,patrickyohannan@example.com,Indore,12/21/2023
15043066,Bakhshi Majumdar,mittalaarini@example.com,Rohtak,2/12/2024
98246574,Rachita Varty,hardik53@example.net,Chinsurah,3/24/2023
80567870,Andrew Bajaj,ekavir45@example.org,Khammam,6/5/2024
92843141,Mekhala Seshadri,shethchakradhar@example.com,Kota,4/2/2023
62416456,Diya Chakrabarti,bhavanikala@example.com,Medininagar,9/25/2023
6245778,Reva Shanker,edhitha04@example.org,Guntakal,1/11/2024
80315623,Varenya Banik,aachalsarma@example.com,Loni,10/14/2024
46623192,Warinder Sastry,pallaraksha@example.com,Nizamabad,10/22/2024
27504517,Rayaan Gupta,tailorsimon@example.org,Bardhaman,6/30/2023
22800586,Jacob Lad,ramakrishnanchandresh@example.net,Bijapur,6/12/2024
17287733,Balhaar Chaudhari,ranveerkrish@example.com,Morbi,4/27/2024
87691707,Radha Jha,subramanianveer@example.org,Miryalaguda,4/5/2024
8655667,Ayaan Upadhyay,akapur@example.com,Gwalior,7/16/2023
2442235,Pushti Bhattacharyya,qmaharaj@example.org,Latur,5/17/2024
41073776,Urmi Dara,anitakaur@example.com,Meerut,3/2/2024
45659330,Jackson Sandal,leena40@example.net,Gwalior,7/28/2024
79369660,Bahadurjit Doctor,isaiahdesai@example.com,Purnia,12/11/2023
44269569,Chasmum Natarajan,nisha81@example.org,Agra,6/16/2024
46848302,Praneel Ramesh,utara@example.com,Gulbarga,7/15/2024
83034412,Unnati Deol,vchoudhary@example.com,Jamnagar,4/22/2024
26912171,Jagat Banerjee,sudikshabhatt@example.com,Rampur,6/21/2024
71229024,Manbir Ramesh,ekbaldeshmukh@example.net,Jamalpur,2/10/2024
20835909,Inaya Ramanathan,madhavsom@example.org,Tinsukia,4/2/2023
83155219,Yauvani Chanda,ijayavasa@example.net,Satara,2/18/2024
80286283,Girindra Kalla,yash33@example.com,Ahmednagar,10/10/2023
30367559,Bhavna Guha,isabharwal@example.com,Aligarh,9/29/2024
76082627,Ekalinga Goda,madhavijayaraman@example.com,Jehanabad,7/3/2024
41874489,Vrishti Baria,varsha76@example.com,Ahmedabad,4/9/2023
47335806,Pavani Borde,yashodhara92@example.com,Pimpri-Chinchwad,5/25/2024
59824662,Tanish Jayaraman,sarmaavi@example.net,Bhilwara,5/18/2024
16436359,Yashica Ramesh,upasna58@example.net,Kota,7/26/2024
45383958,Aachal Mangat,yasti56@example.org,Rewa,10/2/2024
52613657,Kala Ravi,unni50@example.org,Sultan Pur Majra,3/16/2023
36675827,Xiti Chowdhury,naksh47@example.com,Patiala,10/7/2024
80800079,Shivani Barad,csanghvi@example.net,Bidhannagar,5/12/2023
45066676,Lipika Murthy,lankayagnesh@example.com,Satna,3/25/2023
1060685,Yadavi Rajagopalan,dipta24@example.net,Mango,3/7/2024
87536050,Rushil Raja,xrau@example.org,Vadodara,4/2/2023
67829645,Akshay Vohra,sainigam@example.net,Jamalpur,11/8/2023
45700473,Omkaar Padmanabhan,vedantgrover@example.com,Thoothukudi,12/23/2023
90144978,Pooja Lad,kothariyashoda@example.net,Chittoor,7/10/2024
96629258,Liam Joshi,choudharyelijah@example.net,Chandigarh,7/7/2023
76925460,Tara Narasimhan,reva48@example.org,Kharagpur,5/17/2024
59190584,Xiti Tata,jgolla@example.com,Vijayawada,5/19/2024
24323106,Faras Edwin,janani01@example.net,Amaravati,2/12/2024
66354642,Priya Behl,pdas@example.org,Tenali,3/30/2024
17390673,Raghav Wali,forum17@example.net,Korba,10/23/2024
80419534,Gunbir Pandey,baradvihaan@example.com,Sagar,1/2/2024
4439806,Balendra Sethi,johalmadhavi@example.net,Mathura,4/19/2024
89811984,Saumya Yadav,mseshadri@example.net,Ramgarh,7/26/2023
44223796,Bakhshi Lad,indira89@example.com,Erode,6/16/2023
88223261,Yoshita Suri,xiti38@example.com,Navi Mumbai,1/14/2024
90372221,Rajeshri Hayre,pahal62@example.com,Jabalpur,5/30/2023
87213891,Janani Malhotra,idikaamble@example.com,Sonipat,6/3/2023
45729563,Jagvi Chaudry,ishenoy@example.org,Bijapur,8/13/2023
10706516,Charita Srivastava,dakshesh23@example.org,Miryalaguda,8/18/2024
25526479,Mason Doctor,siyasinghal@example.net,Hazaribagh,3/16/2023
90902199,Faras Dua,sairajagopal@example.com,Kishanganj,6/27/2024
89874335,Mitali Sheth,sinhahemang@example.org,Raiganj,4/14/2023
27381533,Zayan Guha,bahriforum@example.net,Rampur,8/6/2023
50652833,Aarnav Mittal,mohananika@example.org,Belgaum,4/20/2024
65391539,Yashica Khurana,kkata@example.org,Satara,4/27/2024
59517074,Aarav Murty,chadhameera@example.com,Ichalkaranji,5/12/2023
66943324,Gavin Karnik,rudrakrishna@example.com,Gorakhpur,8/13/2023
67386193,Wakeeta Khurana,pillaifariq@example.net,Pali,6/1/2024
96009692,Panini Naik,ekapad42@example.org,Bhagalpur,7/28/2024
89986926,Manya Barad,vihaandey@example.net,Kota,11/4/2024
58170168,Urmi Bansal,vamakshiramachandran@example.org,Sasaram,8/3/2023
17392512,Lavanya Bumb,iwable@example.net,Secunderabad,7/4/2024
10038382,Rajata Balay,sanaya20@example.net,Bahraich,8/15/2023
98691989,Dakshesh Lala,wsathe@example.org,Bhavnagar,8/30/2024
14323169,Jai Raj,widishamerchant@example.org,Firozabad,5/15/2023
67729191,Arin Grover,rsehgal@example.org,Karimnagar,12/31/2023
57063557,Vaishnavi Srinivas,onisubramaniam@example.org,Raurkela Industrial Township,6/27/2023
83058329,Fariq Arya,aradhanaramachandran@example.com,Varanasi,7/13/2024
17521263,Tanvi Patla,kvarughese@example.com,Serampore,6/23/2024
37904682,Krisha Shere,ssarin@example.org,Bhimavaram,10/3/2024
30447453,Jagrati Lad,bjain@example.com,Thanjavur,6/1/2023
73661993,Elijah Verma,jiyer@example.org,Hajipur,8/28/2024
97277696,Ijaya Halder,hariyug@example.net,Jamalpur,6/21/2023
27336589,Bishakha Bhargava,siyathakur@example.org,Ghaziabad,12/28/2023
66499992,Anirudh Barad,nsundaram@example.org,Haridwar,4/17/2024
14367270,Ganga Mody,siddharthkale@example.com,Jabalpur,3/28/2024
30373140,Sai Dhingra,jnagarajan@example.com,Kishanganj,7/28/2024
96171594,Pratyush Tak,ibanik@example.org,Jodhpur,6/28/2023
35402531,Eta Gola,khareurishilla@example.com,Kulti,6/4/2023
82989313,Finn Ghose,chanderlogan@example.org,Deoghar,9/20/2024
93826036,Reyansh Sarma,awason@example.org,Hazaribagh,3/20/2023
87444738,Meghana Prabhu,comarfrado@example.net,Satna,8/16/2023
92356639,Girish Lall,nihalmani@example.net,Udaipur,7/20/2023
46836361,Champak Nazareth,gabrielkapadia@example.org,Bikaner,11/22/2023
25770577,Janya Chhabra,sachdevabdul@example.net,Jaipur,7/17/2023
59094034,Ekanta Dass,johalkala@example.net,Nangloi Jat,5/22/2023
65543312,Logan Pillay,krish11@example.com,Mumbai,7/28/2024
28205701,Vedika D’Alia,dhillonthomas@example.com,Panvel,10/25/2024
81346291,Yashasvi Acharya,ramaswamyedhitha@example.org,Nizamabad,8/7/2023
79764458,Bhavani Kant,mekhala15@example.org,Etawah,12/21/2023
42101831,Eshana Dutt,neelima02@example.net,Madhyamgram,9/16/2023
34657654,Vidhi Devi,zaid59@example.com,Ramgarh,6/24/2024
3730316,Ishanvi Shankar,daksha35@example.org,Berhampore,3/20/2023
86479284,Harini Kadakia,jacobmadan@example.org,Davanagere,10/17/2024
81174361,Shivansh Sawhney,kkhalsa@example.org,Bhopal,7/16/2024
13251137,Ekalinga Vasa,kibesiddharth@example.net,Rampur,5/19/2023
53523251,Yashoda Chauhan,unnigoswami@example.net,Ranchi,3/17/2024
84382654,Gaurangi Singh,vbumb@example.org,Pali,10/24/2024
22076522,Chaaya Andra,baniklila@example.org,Hindupur,5/13/2024
26521850,Yatin Varma,shahadvika@example.com,Kishanganj,6/10/2023
12277039,Manthan Trivedi,mparmer@example.org,Unnao,9/13/2023
39153585,Rishi Sur,modykaran@example.org,Tirunelveli,3/3/2024
99231937,William Banerjee,bahadurjitsarin@example.net,Secunderabad,8/13/2023
49970560,Pallavi Rao,aryan83@example.net,Guwahati,10/17/2023
68985290,Jack Memon,rmalhotra@example.net,Ujjain,12/11/2023
48000260,Dakshesh Jhaveri,kundaucchal@example.com,Bulandshahr,9/28/2023
2136830,Bhavya Goswami,saxenamadhavi@example.net,Bidhannagar,9/19/2023
44426129,Aahana Gopal,tdave@example.org,Vasai-Virar,9/23/2023
57081965,Daksha Mutti,chaman40@example.org,Patna,10/14/2024
34156884,Rachita Lal,savantwarda@example.com,Kolkata,6/2/2023
27694927,Vedant Chandra,bhavikadara@example.org,Nagpur,6/11/2024
16230299,Urvi Koshy,mdatta@example.net,Pune,8/22/2024
99424244,Bhavini Mander,yashasvipalan@example.net,Mumbai,3/30/2024
3893903,Bimala Sura,aradhanaganesh@example.net,Bathinda,3/23/2023
42989999,Ishwar Munshi,pganguly@example.org,Mahbubnagar,3/17/2024
16617201,Ekaraj Bhandari,magarbanjeet@example.net,Hosur,1/20/2024
46615831,Wishi Chada,avi03@example.org,Raurkela Industrial Township,5/28/2024
55286608,Ekaraj Shan,psankaran@example.net,Kozhikode,4/11/2024
79789048,Saumya Bassi,falgunichaudhari@example.net,Ozhukarai,11/4/2023
92885616,Noah Dey,nakshraghavan@example.net,Delhi,2/7/2024
8375298,Yahvi Vora,misrathomas@example.net,Begusarai,6/16/2023
75560116,Indali Sehgal,qthaker@example.com,Karaikudi,10/4/2024
81462774,Ishaan Sarkar,bdara@example.net,Junagadh,3/13/2024
89784343,Radhika Kaul,vidhimitra@example.net,Dibrugarh,4/2/2024
38355752,Udyati Shenoy,ilad@example.net,Panvel,10/31/2023
39976965,Dayamai Sawhney,seshadrizilmil@example.com,Pimpri-Chinchwad,5/3/2024
33280073,Yuvraj Lad,saanvimandal@example.org,Tadepalligudem,7/1/2023
46594066,Ishaan Lad,vsengupta@example.net,Giridih,7/15/2024
90298394,Urvashi Oak,tacharya@example.com,Bhilwara,4/22/2023
42465414,Ria Mallick,lajitatrivedi@example.com,Kadapa,1/26/2024
13850004,Umang Ramakrishnan,warda08@example.org,Kozhikode,12/15/2023
55060796,Lopa Barman,yashodhara48@example.net,Satara,7/2/2024
25829710,Saumya Chhabra,gangaverma@example.com,Faridabad,1/21/2024
53782978,Laban Baria,mohinihari@example.net,Junagadh,8/5/2024
76441843,Neelima Chander,znadkarni@example.org,Gulbarga,5/28/2023
4543215,Farhan Soni,binakala@example.com,Satna,10/21/2023
86444757,Zaitra Walia,jason88@example.org,Jabalpur,5/25/2023
22161071,Arunima Deol,dhruvlala@example.org,Jalna,6/30/2023
66310963,Farhan Khare,bavaatharv@example.com,Dewas,5/27/2023
57340963,Wridesh Kothari,eshana23@example.com,Proddatur,2/29/2024
49147776,Meghana Khanna,qkari@example.net,Panvel,7/4/2024
90743791,Vidhi Saxena,yasti64@example.net,Morbi,4/16/2023
54222320,Edhitha Kakar,pillayomisha@example.org,Pali,7/24/2023
6184558,Gaurang Grewal,jpalan@example.net,Tezpur,6/6/2023
46989310,Atharv Sharaf,lallwarinder@example.net,Hindupur,10/3/2024
35420673,Anika Agrawal,ymukhopadhyay@example.com,Chennai,10/16/2023
9450435,Sai Chaudhry,ravalbina@example.com,Bellary,11/19/2023
34853377,William Dutta,ktandon@example.net,Nanded,6/4/2023
91384030,Gaurika Sheth,guneet73@example.org,Arrah,12/25/2023
84641682,Anthony Natt,devansh22@example.com,Bhilai,9/23/2024
97259564,Watika Narayanan,soommen@example.com,Khammam,2/18/2024
88553721,Vritti Mangat,rchoudhary@example.com,Kadapa,9/10/2023
59518795,Wazir Sandal,pmangal@example.org,Jodhpur,11/9/2023
81533356,Gauri Lala,veer75@example.net,Tiruppur,1/28/2024
12469338,Lavanya Dani,fsathe@example.org,Coimbatore,1/30/2024
60561655,Rohan Palla,imukherjee@example.org,Nashik,12/26/2023
9105829,David Gopal,kdeol@example.org,Begusarai,7/14/2023
33034249,Lavanya Hari,aarini44@example.org,Bhind,10/19/2024
69632084,Max Sandal,amrutakhosla@example.org,Etawah,4/7/2024
69516494,Veda Chad,nakulsani@example.org,Kanpur,9/23/2024
87120918,Wyatt Basak,maanav92@example.com,Malda,4/12/2024
25665997,Barkha Sodhi,esom@example.net,Muzaffarnagar,8/21/2024
48778633,Sarthak Chaudhari,jmore@example.net,Pimpri-Chinchwad,12/13/2023
89617089,Kamala Apte,warjasnayar@example.org,Bidhannagar,4/20/2024
61877649,Yuvraj Roy,fitanvarty@example.net,Nagaon,10/25/2023
46185579,Vidhi Pillai,ishanvi02@example.org,Siliguri,8/18/2024
8734819,Balveer Verma,henry39@example.org,Surendranagar Dudhrej,11/11/2023
46208150,Watika Bedi,lallawilliam@example.net,Meerut,2/5/2024
13189939,Ishanvi Raman,kalaoviya@example.net,Bhopal,5/4/2024
93318833,Jagat Sridhar,kashvi96@example.org,Indore,1/10/2024
75640174,Advik Bhakta,yashodharaseshadri@example.org,Akola,7/26/2024
69415494,Yashvi Iyer,hkurian@example.net,Rajkot,3/23/2023
58505903,Harinakshi Sibal,borabarkha@example.org,Kottayam,1/22/2024
90184276,Vasudha Brar,rachitraju@example.com,Kurnool,2/12/2024
5226128,Wridesh Mander,samakshshere@example.org,Bhimavaram,3/9/2024
99347871,Robert Kashyap,gnadkarni@example.net,Muzaffarnagar,12/1/2023
57081917,Nidra Choudhary,htiwari@example.net,Howrah,12/16/2023
18791381,Avni Gera,haritagandhi@example.net,Jamalpur,3/2/2024
94979163,Warda Sarin,yloke@example.com,Kanpur,5/14/2024
81822935,Dhruv Ganguly,balvansule@example.org,Nanded,8/19/2023
63310076,Chavvi Jani,dbhandari@example.com,Etawah,5/15/2024
80862136,Pallavi Seth,deshpandebalhaar@example.net,Ambattur,3/31/2024
64316806,Yadavi Bhagat,yahviparsa@example.org,Karnal,7/7/2024
37183511,Neel Minhas,upma50@example.net,Gopalpur,7/29/2024
52085702,Irya Soni,kadereyansh@example.com,Fatehpur,9/13/2023
16376189,Samaksh Srivastava,vsom@example.org,Chapra,2/25/2024
17132416,Diya Tak,timothy84@example.com,Solapur,1/2/2024
66440188,Ira Radhakrishnan,thomas14@example.org,Haldia,8/15/2023
10700664,Rehaan Tara,ishere@example.org,Raebareli,10/10/2024
12769552,Chameli Ranganathan,yutikaraja@example.org,Ratlam,5/3/2023
89142848,Vasudha Jain,rameshzaitra@example.org,Rajkot,1/1/2024
32006907,Mohammed Din,egandhi@example.com,Guwahati,9/28/2023
85072416,Brinda Sekhon,nayarnathan@example.org,Loni,1/3/2024
23755474,Jhalak Rajagopal,rajugeetika@example.org,Jodhpur,9/13/2024
26752630,Nakul Gade,samuel16@example.net,Delhi,9/25/2024
59353207,Aayush Oza,wmangat@example.org,Khammam,5/31/2023
12090436,Tripti Yogi,sekhonjhalak@example.org,Asansol,3/19/2023
97419742,Wishi Doshi,gauri61@example.com,Adoni,10/9/2023
99772709,Xiti Jaggi,girishgour@example.net,Tadepalligudem,9/3/2023
88667557,Gunbir Anand,avni95@example.net,Chennai,4/16/2024
4394659,Xalak Goel,thakurmitali@example.org,Pune,8/25/2023
52757321,Hritik Narain,jagvi66@example.net,Bulandshahr,4/26/2024
19275474,Girik Hora,azadchoudhary@example.org,Lucknow,10/22/2024
55404382,Isaiah Issac,csahni@example.net,Guntakal,9/25/2023
70084516,Ishaan Baria,gulatichaitaly@example.org,Pallavaram,3/10/2024
29265216,Samuel Buch,ethankala@example.com,Bidar,4/22/2024
16785724,Indali Majumdar,ozaomkaar@example.com,Vellore,8/6/2023
14272050,Rajata Misra,quincy04@example.net,Satna,11/26/2023
95736310,Bishakha Vora,sinhasudiksha@example.com,Morbi,1/8/2024
14079305,Jeevika Narain,rattiikshita@example.org,Warangal,9/8/2024
71189232,Darsh Bedi,agastyabhatia@example.net,New Delhi,6/28/2024
61486140,Jeremiah Chand,zdeep@example.com,Amritsar,12/15/2023
76008165,Hemangini Mutti,maniomisha@example.com,Katihar,2/7/2024
63060947,Kamala Bobal,canne@example.net,Hindupur,6/11/2024
25706121,Baghyawati Toor,thomas08@example.com,Srinagar,3/3/2024
55803572,Champak Palla,gbail@example.net,Rewa,3/27/2023
38133873,Rehaan Borde,janya13@example.net,Khammam,4/13/2024
73735548,Ishanvi Bala,praneelgolla@example.com,Haldia,6/11/2023
12778027,Eshana Prabhu,isha32@example.com,New Delhi,5/26/2023
42781544,Isaiah Sankar,saxenalogan@example.org,Faridabad,12/5/2023
78725001,David Thaker,janujaahuja@example.org,Machilipatnam,11/1/2024
20254516,Tanveer Samra,triptisama@example.com,Nandyal,7/23/2024
97928781,Dhriti Om,ychander@example.org,Gaya,5/24/2024
3875480,Harshil Mital,qnarula@example.com,Berhampur,5/26/2024
27416314,Anika Hari,garima95@example.org,Kanpur,3/2/2024
77214094,Raksha Walla,oakkaran@example.org,Khammam,7/9/2023
77661491,Jyoti Srinivas,zramesh@example.org,Hosur,6/23/2024
10285414,Meera Nigam,priyalanka@example.org,Shimla,7/13/2023
8205155,Vrishti Din,pooja30@example.com,Sagar,8/12/2023
29361038,Idika Gade,oscarchaudhari@example.com,Aurangabad,8/14/2023
6319646,Rehaan Suresh,ryan15@example.com,Udupi,2/20/2024
22738465,Gabriel Oak,advayluthra@example.com,Narasaraopet,7/2/2023
37947202,Eta Srinivasan,mitali78@example.org,Nandyal,1/25/2024
93284515,Tejas Mahal,naksh19@example.org,Mumbai,12/1/2023
84161531,Raagini Verma,ethanmander@example.org,Rohtak,7/12/2024
22293666,Gopal Kumar,imaran02@example.net,Saharsa,4/9/2023
15236510,Pooja Prasad,wyattsrinivas@example.com,Serampore,12/13/2023
34787383,Ekbal Talwar,jyotisethi@example.com,Anantapur,10/12/2024
18954314,Ladli Nagarajan,krishnadamyanti@example.org,Mau,10/18/2024
20298398,Urvi Bali,yuvrajdayal@example.org,Ahmednagar,12/22/2023
33617546,Harrison Edwin,kapurtristan@example.org,Bhopal,9/24/2024
76359458,Yahvi Sule,vyanjananigam@example.net,Hosur,7/22/2023
96640716,Yatan Varughese,vedachopra@example.net,Sikar,10/15/2024
78847070,Gauri Ramakrishnan,priyasura@example.net,Anantapur,7/27/2023
27513158,Dev Taneja,unadig@example.net,Aizawl,3/5/2024
65618148,Aadhya Palla,forumshan@example.org,Gandhinagar,3/29/2023
68307253,Rachita Borra,andrewarora@example.net,Dewas,10/24/2024
87889031,Baghyawati Nair,apandit@example.org,Bhimavaram,6/10/2023
70243933,Irya Gola,ekbal71@example.org,Mahbubnagar,8/5/2023
12141418,Faras Patla,nperi@example.com,Ambala,9/4/2023
60565603,Ladli Tara,kallawaida@example.com,Madhyamgram,7/18/2024
64906311,Balendra Pandey,ijaya32@example.net,Sikar,7/26/2024
12851610,Unnati Narayanan,indali31@example.net,Proddatur,8/6/2024
84937877,Yug Mahal,tejasdani@example.com,Guntur,6/11/2023
49574186,Yashica Devan,nimrat27@example.com,Barasat,9/17/2024
65221572,Leela Bumb,jkapoor@example.com,Delhi,3/4/2024
4758426,Qushi Dash,contractorurishilla@example.org,Vijayawada,1/6/2024
84826389,Alexander Peri,rchaudry@example.org,Sonipat,11/28/2023
42102289,Guneet Vaidya,wyattkara@example.com,Raebareli,9/5/2024
11063505,Garima Pillay,dakshesh96@example.org,Udaipur,11/1/2024
84862161,Advaith Baria,ayushnatarajan@example.org,Farrukhabad,2/14/2024
88520326,Chasmum Dhaliwal,sarora@example.org,Asansol,11/26/2023
8025622,Daksh Bali,xraju@example.org,Bulandshahr,3/14/2024
99361865,Ekantika Ravel,bhasinsiddharth@example.com,Berhampur,5/21/2023
40841791,Krishna Chahal,teerth57@example.org,Mysore,6/26/2023
20360447,Timothy Dubey,naksh97@example.net,Akola,10/25/2024
90647204,Lipika Swaminathan,chandchaitaly@example.com,Muzaffarnagar,10/14/2023
78748184,Odika Jain,eray@example.net,Karawal Nagar,11/22/2023
65121696,Warinder Gopal,roynimrat@example.org,Mirzapur,10/19/2024
99729547,Wridesh Saini,meeradey@example.net,Gwalior,12/7/2023
65692224,Aahana Buch,zayyan92@example.com,Jaunpur,3/18/2023
22613559,Omya Johal,yogiwilliam@example.org,Berhampur,12/21/2023
17749347,Akshay Bhasin,bhatsiddharth@example.org,Panchkula,7/26/2024
57526322,Henry Dar,yamini34@example.net,Kishanganj,7/19/2023
1589656,Xiti Prabhu,maharajmitesh@example.org,Gorakhpur,5/26/2024
58085779,Abeer Oak,omistry@example.net,Berhampur,8/9/2024
70221073,David Setty,ekansh32@example.org,Etawah,5/22/2023
77869660,Nidhi Sha,ewali@example.org,Gandhinagar,11/20/2023
38957713,Damyanti Krish,xkhatri@example.net,Uluberia,8/5/2023
51544662,Hiral Tara,chandasamuel@example.org,Chinsurah,12/17/2023
37309023,Dominic Dutt,msule@example.net,Guntur,12/5/2023
99707100,Falan Master,mrao@example.net,Munger,2/24/2024
59643062,Reyansh Khatri,ishanvisuri@example.org,Aligarh,9/27/2024
22227829,Rehaan Patla,kala29@example.com,Bhiwani,9/18/2024
20343501,Anthony Krishnamurthy,sahotamax@example.net,Sasaram,4/12/2023
48409448,Pavani Vaidya,varsha47@example.net,Ludhiana,5/7/2024
55038040,Vidhi Balakrishnan,tnigam@example.net,Agartala,1/14/2024
34755436,Jatin Ramachandran,naveen22@example.org,Kolkata,6/1/2023
87463923,Gagan Lal,pranit82@example.com,Katihar,3/21/2024
28499191,Amara Patel,duaakshay@example.com,Thoothukudi,7/24/2023
37759707,Jhalak Venkataraman,zachariavasana@example.org,Sultan Pur Majra,10/2/2023
26936578,Lavanya Bawa,riya23@example.net,Maheshtala,4/5/2024
22020776,Manan Banerjee,zpal@example.net,Bhiwandi,5/23/2023
47618810,Ekalinga Mandal,avi52@example.net,Ghaziabad,5/27/2024
53605257,Harita Naidu,devika35@example.com,Haridwar,9/23/2023
28289030,Sarthak Parmar,cgulati@example.net,Dehri,10/11/2024
26935187,Tanveer Yogi,jananikapoor@example.net,Chandrapur,11/3/2023
75944533,Garima Kohli,ganesharin@example.com,Jabalpur,10/21/2023
31389750,Advika Bala,praneelmorar@example.com,Karaikudi,8/18/2023
99784559,Laban Chopra,gayathri37@example.net,Allahabad,7/14/2024
87450286,Harish Bedi,pathakpanini@example.org,Asansol,12/25/2023
94850985,Isaac Anne,unnati97@example.org,Delhi,11/8/2023
3660263,Jagdish Bains,qsrinivas@example.org,Phagwara,5/27/2023
61982521,Jagat Dewan,pchander@example.com,Faridabad,11/29/2023
29973346,Pranit Sane,panchaljasmit@example.com,Sambhal,2/2/2024
894128,Chatura Agarwal,harishom@example.net,Durgapur,7/20/2023
40871915,Alka Sandal,harinakshisahota@example.net,Mehsana,2/10/2024
41972994,Lila Khanna,vsaini@example.com,Bhatpara,7/21/2023
11082181,Pratyush Munshi,evig@example.com,Kalyan-Dombivli,2/15/2024
26040510,Jasmit Barad,jeetnazareth@example.com,Kadapa,10/3/2023
82770142,Balveer Brar,yashica30@example.org,Karaikudi,9/8/2024
46504355,Ridhi Oak,avnijha@example.net,Arrah,4/4/2023
40419593,Siya Pandit,dbera@example.org,Dibrugarh,8/27/2024
31076002,Urvi Wali,rachit18@example.net,Tinsukia,5/19/2023
91590001,Nandini Bawa,jsandhu@example.org,Kolhapur,9/19/2023
76377003,Harsh Bhandari,viswanathanaarav@example.com,Chandigarh,8/7/2024
40626729,Rachit Toor,chavvigola@example.com,Tinsukia,3/19/2024
50680889,Warda Karan,yashawininazareth@example.org,Thoothukudi,2/22/2024
41439103,Ati Wali,avi82@example.net,Junagadh,9/20/2024
35782051,Ekiya Mital,deygaurav@example.net,Mango,11/26/2023
71252391,Mohini Johal,ajaggi@example.com,Kulti,5/24/2024
56764791,Priya Shukla,rajavasana@example.net,Hindupur,9/8/2024
50652909,Meera Jain,deyrehaan@example.org,Farrukhabad,2/25/2024
29451600,Max Shankar,bchoudhry@example.com,Amritsar,4/15/2023
38114014,Yatin Sandal,balakrishnanchristopher@example.org,Mumbai,1/3/2024
25977417,Lohit Sengupta,agarwalamol@example.net,Berhampore,4/13/2024
39418109,Yahvi Kala,reyanshbasu@example.com,Navi Mumbai,7/29/2023
80761521,Yashica Rama,laladarika@example.com,Latur,5/17/2024
54375571,Omaja Bumb,vrishtirajagopal@example.com,Korba,9/30/2023
50968312,Idika Chaudhry,anirudh02@example.org,Maheshtala,2/17/2024
33829924,Jeevika Sami,chhabranisha@example.org,Kanpur,12/18/2023
29562072,Edhitha Ranganathan,yashawini55@example.net,Hindupur,8/10/2023
4618801,David Saran,dalbir79@example.org,Jodhpur,11/16/2023
30535703,Dev Comar,jmurthy@example.net,Morbi,6/6/2024
10605484,Rachit Chakraborty,karabhiram@example.com,Visakhapatnam,5/17/2024
8164639,Pushti Dhillon,varenya91@example.com,Gandhidham,5/27/2024
63360864,Idika Sahni,kotavrinda@example.net,Bhopal,3/28/2024
2361575,Aarnav Seth,banditeerth@example.org,Faridabad,9/14/2023
59485034,Dominic Sidhu,narainbaghyawati@example.com,Agartala,3/20/2023
6025470,Isaac Mander,rdixit@example.com,Sagar,8/17/2024
31371112,Osha Chad,babujoshua@example.org,Darbhanga,11/17/2023
14294171,Ikshita Bava,chaturadave@example.net,Saharanpur,12/23/2023
92245432,Ayushman Goel,zagate@example.net,Tadipatri,6/2/2024
2928026,Vrishti Basak,gautamisrinivasan@example.com,Ahmedabad,3/20/2024
98687927,Yachana Brar,xlanka@example.com,Pali,9/23/2023
15796277,Finn Pau,vganesh@example.com,Loni,8/2/2024
92604392,Kevin Palan,ati37@example.com,Faridabad,11/16/2023
77303171,Sneha Menon,vgopal@example.com,Guna,8/22/2023
24144240,Charles Parsa,vasudha38@example.com,Tezpur,9/6/2023
74548003,Falan Dhillon,bakhshi09@example.org,Erode,7/15/2024
8122530,Fiyaz Rai,dixitanay@example.org,Tadepalligudem,5/30/2023
97664747,Sanaya Chatterjee,ranveer24@example.org,Gulbarga,3/21/2024
79960955,Chatresh Samra,yohannanshaurya@example.org,New Delhi,5/23/2023
99643057,Avni Lad,vohratanveer@example.org,Ichalkaranji,11/1/2024
1313292,Robert Kaur,mohinisarna@example.net,Korba,3/4/2024
94453274,Widisha Wali,jdixit@example.net,Aurangabad,10/14/2024
1588560,Jeremiah Nath,faqidswaminathan@example.org,Anantapuram,12/1/2023
30029998,Ishwar Edwin,khuranaanusha@example.net,Hazaribagh,9/1/2024
37095171,Ira Soni,oviyadada@example.net,Guna,12/4/2023
79773912,Vaishnavi Gulati,adityaramanathan@example.net,Jaunpur,10/6/2023
30317733,Janani Sawhney,amritaoommen@example.com,Durgapur,6/28/2024
48188624,Maanav Tella,doshidarpan@example.com,Chittoor,2/19/2024
59197894,Mitesh Saha,dayalgeetika@example.com,Akola,10/14/2023
34697768,Omaja Oak,tripti84@example.net,Aurangabad,3/17/2023
82372427,Anjali Cheema,anthonybandi@example.com,Dehradun,10/19/2023
41008070,Libni Dua,kariwyatt@example.net,Vijayawada,5/1/2024
87220860,Yashvi Dua,lmane@example.net,Kochi,4/22/2024
19705695,Ayush Kala,sundarameta@example.net,Patiala,7/26/2024
60974181,Hardik Kakar,radharam@example.org,Bahraich,1/22/2024
90621147,Vaishnavi Chowdhury,oeshibhatnagar@example.org,Jhansi,10/5/2024
68661619,Chaaya Manne,masonyogi@example.net,Darbhanga,7/18/2024
64748953,Oscar Natt,chaudharisanya@example.org,Hapur,6/29/2023
6579892,Indrajit Sodhi,kalasai@example.net,Silchar,10/3/2023
85747175,Karan Chatterjee,krishadyal@example.org,Rajkot,11/27/2023
30455484,Lajita Ravel,agateamrita@example.com,Katni,5/8/2023
37802267,Lipika Jha,luke49@example.net,Orai,11/24/2023
17341194,Faras Kaul,jairajdhawan@example.net,Burhanpur,4/21/2023
22047134,Ubika Shukla,malhotrajonathan@example.org,Warangal,10/26/2024
54893418,Chatresh Prashad,mpatel@example.org,Dibrugarh,2/14/2024
48647253,Theodore Ram,pranitsachdeva@example.net,Warangal,3/15/2024
1705969,Qasim Kalla,ekannan@example.com,Surat,5/23/2024
59398136,Neelima Lanka,vasanadugar@example.org,Machilipatnam,8/24/2023
94165062,Siddharth Shroff,qsarin@example.com,Eluru,8/16/2023
47206881,Barkha Contractor,gollaqabil@example.net,Nellore,7/24/2024
37915052,Ayush Kade,tbajaj@example.net,Jalna,11/16/2023
98211325,Tristan Varkey,rrao@example.com,Bhilai,6/26/2024
76218218,Vedant Dubey,patlaanamika@example.com,Etawah,5/4/2024
58152923,Amrita Babu,mandarajeshri@example.com,Kishanganj,7/4/2023
42262168,Mason Iyengar,nisha39@example.net,Avadi,2/23/2024
40256341,Sachi Keer,tanay81@example.org,Mira-Bhayandar,10/27/2024
33998721,Aahana Naik,rakshabahri@example.org,Bhilai,2/11/2024
49260858,Charan Chaudhary,bmishra@example.net,Phagwara,7/5/2023
22524981,Samar Sengupta,ipant@example.org,South Dumdum,10/28/2023
50015282,Ekbal Shan,goyalhema@example.com,Berhampore,4/20/2023
98088303,Neel Palan,tsethi@example.net,Agartala,8/22/2023
19425804,Xavier Sahni,anamika10@example.org,Jodhpur,4/6/2023
14974554,Kevin Magar,frado24@example.org,Baranagar,10/10/2024
25128143,Odika Kannan,kondaadya@example.org,Mahbubnagar,11/2/2024
21524495,Alka Deol,sanya43@example.org,Katni,1/5/2024
49136375,Rohan Basak,duttavedika@example.org,Bathinda,8/1/2024
97507853,Udyati Rana,zaid68@example.com,Chapra,10/7/2024
68857118,Hritik Batta,horajacob@example.org,Nanded,6/23/2024
81183415,Rachita Char,tejas00@example.com,Imphal,1/31/2024
91196901,Atharv Kurian,balhaar57@example.net,Jabalpur,4/15/2024
8228843,Vritti Halder,vyasmitesh@example.org,Bangalore,7/6/2024
50518311,Arunima Tak,umangdate@example.net,Arrah,8/31/2024
21779155,Udant Upadhyay,ranganathanoeshi@example.com,Guntur,10/4/2023
94281220,Teerth Balan,xdubey@example.net,Pondicherry,5/5/2024
15631726,Ucchal Murthy,paldavid@example.com,Tezpur,2/5/2024
9573071,Ranveer Mahal,phegde@example.org,Thrissur,11/7/2023
31026200,Saksham Garg,suhani16@example.net,Kavali,3/18/2024
49457685,Bahadurjit Pau,osharaf@example.org,Kamarhati,10/30/2023
82169898,Bhavna Pau,ssavant@example.net,Buxar,3/21/2024
72132838,Yashvi Kashyap,granganathan@example.org,Raurkela Industrial Township,10/28/2023
954629,Fiyaz Mand,naggarwal@example.com,Begusarai,2/26/2024
44139071,Lopa Padmanabhan,jagratimangat@example.com,Belgaum,1/16/2024
6344345,Shaurya Chhabra,samarjhaveri@example.net,Burhanpur,10/3/2024
31981068,Hemang Sarkar,msinghal@example.com,Shivpuri,6/12/2023
30788486,Vrishti Mittal,madanfaraj@example.org,Bhimavaram,3/1/2024
48368085,Patrick Doctor,mmittal@example.com,Vijayanagaram,10/31/2024
82374625,Ronith Sami,pandeyliam@example.org,Singrauli,3/22/2023
75674671,Balendra Bains,chaayabuch@example.org,Tadipatri,4/1/2024
34668988,Wishi Varughese,damyanti67@example.net,Nagpur,8/10/2023
53354003,Yatin Borra,amara94@example.org,Raiganj,9/23/2024
78732957,Madhav Anne,alka61@example.org,Malegaon,8/12/2024
10210309,Deepa Dewan,sagarjagdish@example.com,Kharagpur,5/8/2024
23984022,Liam Gupta,onveerdalal@example.org,Nagaon,8/19/2023
95371787,Bhavya Bhattacharyya,yachanabora@example.com,Gudivada,3/20/2023
89968482,Elijah Bora,vbarad@example.org,Kottayam,3/30/2023
31527100,Triya Tailor,kamalasankaran@example.org,Ratlam,11/21/2023
8791577,Warda Kohli,madhavigandhi@example.com,Madhyamgram,8/29/2023
63217390,Warinder Sha,urishilla57@example.org,Deoghar,7/18/2023
62526813,Keya Bansal,ravelrishi@example.com,Nashik,8/19/2024
16561710,Isaiah Natt,amrita65@example.org,Baranagar,9/16/2023
91550885,Isaiah Basu,upadhyayekansh@example.org,Alappuzha,5/17/2023
75025941,Rachita Buch,deepaloke@example.com,Jalna,3/26/2023
90649019,Omaja Sahni,meera84@example.org,Fatehpur,4/7/2023
88550139,Oeshi Kamdar,semjanani@example.net,Nadiad,8/11/2024
66932104,Chakradhar Dhawan,patlaatharv@example.com,Shahjahanpur,10/19/2023
45481936,Robert Gour,cheemaranveer@example.org,Munger,8/4/2023
5961261,Vrishti Memon,brijeshwable@example.net,Varanasi,6/28/2023
17696094,Tanvi Barad,zachariaaashi@example.net,Kirari Suleman Nagar,9/18/2024
91408854,Warinder Virk,eta71@example.net,Vijayawada,2/8/2024
32203588,Krish Srinivas,agastya33@example.org,Berhampur,4/6/2024
63339001,Viraj Bhandari,manansheth@example.com,Noida,9/9/2023
45553300,Panini Lall,jtrivedi@example.com,Latur,6/19/2024
67960179,Nakul Goda,udantgole@example.com,Bidar,6/28/2024
40085705,Anirudh Deshpande,jsaxena@example.org,Kishanganj,9/2/2023
60700850,Ishwar Dubey,jbassi@example.com,Tezpur,7/22/2024
12059049,Jagdish Mander,wpall@example.net,Nizamabad,9/23/2024
52409516,Rehaan Jha,ekanshpadmanabhan@example.org,Jabalpur,4/23/2023
66269844,Harshil Edwin,pallabina@example.com,Ghaziabad,8/23/2023
8513589,Ishaan Nayak,odika51@example.net,Bathinda,2/8/2024
6335221,Lajita Loyal,vedhikagulati@example.com,Rajpur Sonarpur,1/5/2024
69925688,Yashica Sehgal,igola@example.net,Nandyal,2/25/2024
18326028,Lekha Bakshi,chakradharganesh@example.com,Ratlam,4/10/2024
15661674,Jyoti Ray,dugalchandresh@example.org,Vadodara,11/10/2023
92642745,Nicholas Puri,ekta46@example.net,Bihar Sharif,5/7/2024
72164737,Mugdha Mohan,sara93@example.org,Udaipur,8/16/2023
35912599,Neha Atwal,sacharindali@example.org,Bilaspur,5/8/2024
46717997,Wishi Srivastava,jsoman@example.com,Unnao,12/20/2023
38478423,Theodore Doctor,thomasdin@example.org,Nellore,3/29/2024
47990044,Leela Dubey,triptisahota@example.net,Kadapa,9/29/2024
18465047,Patrick Chaudhry,amairadevan@example.org,Ghaziabad,3/25/2024
36737539,Leena Naidu,harinakshi40@example.net,Gwalior,2/6/2024
23286884,Vedika Kaur,okumer@example.org,Serampore,3/16/2024
34297405,Jack Babu,sherekevin@example.net,Saharanpur,12/13/2023
85626346,Isaiah Gera,aayush34@example.org,Ghaziabad,8/14/2024
84468124,Ishanvi Parmar,senanmol@example.net,Gaya,4/20/2023
11470681,Yashawini Sunder,kdash@example.com,Munger,8/23/2023
77903462,Madhavi Pandya,chanakyabhattacharyya@example.org,Thane,9/20/2024
68341636,Hemani Mannan,patrick94@example.com,Aurangabad,8/27/2024
7522036,Kashvi Karan,chhabraunnati@example.net,Hospet,1/24/2024
69364309,Bhavini Chokshi,atimunshi@example.com,Haridwar,9/22/2024
51661209,Vasana Chandran,aaravdave@example.com,Bidhannagar,6/23/2023
4849477,Caleb Ram,leenamahal@example.com,Hosur,7/22/2023
74313592,Vaishnavi Prasad,shivanilata@example.org,Pimpri-Chinchwad,9/10/2024
26245432,Darika Konda,tanklekha@example.com,Tirupati,1/11/2024
78412820,Charvi Bajaj,yastikota@example.net,Siliguri,7/18/2024
11254582,Caleb Krish,rachitsaran@example.net,Machilipatnam,8/13/2023
3399251,Ekalinga Bhatt,karinakul@example.org,Solapur,5/3/2023
70820304,Advik Butala,deygirindra@example.net,Adoni,1/17/2024
17861428,Nicholas Chowdhury,agastya94@example.org,Chandigarh,3/4/2024
39317905,Gagan Garg,wvarkey@example.com,Hazaribagh,5/10/2024
36885115,Agastya Contractor,swaminathanranbir@example.org,Latur,4/22/2023
36462363,Samaksh Mandal,warjas57@example.com,Dhanbad,10/31/2024
85490177,Jonathan Shukla,krishnadayal@example.net,Howrah,7/24/2024
63402854,Pallavi Sidhu,finnmallick@example.org,Kollam,8/31/2024
99301505,Reyansh Wason,ypant@example.net,Bhimavaram,8/11/2024
92098757,Bhavna Mammen,umang45@example.net,Phagwara,11/19/2023
79916464,Aishani Sunder,krishnasane@example.org,Shahjahanpur,2/13/2024
10240052,Gagan Kakar,dipta34@example.org,Guntakal,3/25/2024
9738801,Damyanti Nadkarni,ganga81@example.com,Nellore,3/2/2024
2233446,Wakeeta Pillay,handayashvi@example.com,Panihati,12/27/2023
35434373,Pushti Pandya,deolanmol@example.org,Aurangabad,7/30/2023
89476734,Jackson Rajagopal,fganesan@example.com,Surat,7/12/2023
51833636,Ikbal Munshi,leela67@example.net,Anand,3/3/2024
75913572,Aahana Menon,guhadalaja@example.com,Guna,3/26/2024
40277444,Damyanti Acharya,naksh70@example.org,Panihati,5/10/2023
80833965,Irya Brar,semrachana@example.com,Sangli-Miraj & Kupwad,9/5/2023
46146390,Yashoda Sani,jalsaluthra@example.net,Bahraich,4/19/2023
59436131,Vritti Kota,anya33@example.com,Imphal,9/2/2024
14479168,Sai Sawhney,vihaantata@example.net,Rewa,2/6/2024
43784632,Adya Johal,tbrar@example.com,Gandhinagar,4/12/2023
33331259,Leena Deol,nitesh33@example.com,Saharsa,8/7/2024
85838438,Advay Mann,dixitakshay@example.org,Suryapet,4/25/2024
57674875,Kiaan Shukla,palanazad@example.com,Burhanpur,5/7/2023
37227953,Madhav Raghavan,iacharya@example.org,Pune,9/11/2024
83867512,Aarush Samra,rayvasudha@example.org,Kadapa,6/22/2024
17100301,Jason Sur,dugarkritika@example.com,Deoghar,8/6/2024
12967305,Bhavani Sood,sanayareddy@example.net,Durg,12/24/2023
72079189,Bhavani Gupta,siddharth05@example.net,Hosur,5/23/2023
83348353,Eta Dutt,fradorai@example.org,Gurgaon,8/23/2024
80954112,Irya Rana,lajitasanghvi@example.org,Jammu,6/6/2023
61320989,Anirudh Rege,choudharyvrinda@example.org,Aurangabad,7/1/2023
45166203,Rushil Dass,borraonveer@example.net,Proddatur,10/26/2023
25294147,Daksh Guha,rattabalveer@example.com,Amritsar,6/16/2024
33706378,Michael Dugar,cherianchakradev@example.org,Mehsana,9/2/2023
82804543,Yamini Thakkar,amorar@example.com,Arrah,8/2/2024
68016312,Qarin Bera,prasadikshita@example.net,Orai,9/24/2024
75860724,Pranav Venkataraman,pantindira@example.com,Aizawl,6/12/2023
10541231,Dayita Yadav,dalajasekhon@example.net,Bhiwandi,7/17/2024
18035010,Vrishti Chakrabarti,narasimhanteerth@example.com,Burhanpur,1/30/2024
36400756,Rayaan Nayak,mallguneet@example.org,Bidar,4/4/2023
4869199,Advik Bajwa,mahikakakar@example.org,Siwan,10/16/2024
52659908,Lucky Kala,jaggiurmi@example.com,Kozhikode,5/2/2024
2517955,Charan Sharma,rsagar@example.org,Mathura,2/28/2024
63858550,Neha Balakrishnan,parsaviraj@example.net,Ichalkaranji,5/5/2024
71755645,Hemang Raja,netra96@example.org,Pallavaram,4/12/2024
92203470,Chatresh Narula,vshanker@example.net,Amaravati,11/10/2023
77161976,Kavya Gupta,farissuresh@example.com,Dindigul,7/5/2024
28663279,Sai Bhatia,xchoudhry@example.org,Jamnagar,3/30/2023
23098216,Ladli Chhabra,nagykashish@example.com,Mahbubnagar,11/1/2023
75752515,Gagan Chakraborty,tbadal@example.com,Ballia,4/17/2024
54730270,Aradhana Munshi,rajeshri93@example.org,Salem,3/22/2023
12655794,Teerth Mand,karavrishti@example.net,Hosur,3/7/2024
44557943,Megha D’Alia,pallawyatt@example.net,Bangalore,1/23/2024
72089140,Kritika Kalla,ishanviacharya@example.net,Kamarhati,6/4/2024
77768189,Ojas Sinha,anjalisamra@example.com,Machilipatnam,6/17/2023
60300263,Sathvik Jani,omishasood@example.org,Rewa,10/7/2023
22210238,Rayaan Krishna,fsuri@example.org,Muzaffarnagar,6/10/2024
30979436,Diya Chaudry,jchaudhary@example.net,Ozhukarai,7/26/2024
23676689,Jagat Dhar,jagatkota@example.net,Orai,10/3/2023
82025691,Zaid Boase,hsaran@example.net,Begusarai,6/24/2023
68128937,Girish Murthy,desainitara@example.net,Panipat,3/7/2024
23081177,Harinakshi Batta,bhavanibajaj@example.net,Panchkula,6/14/2024
90745023,Samarth Sathe,gillkritika@example.com,Ratlam,10/28/2023
83262890,Aryan Date,parikhwishi@example.com,Ulhasnagar,10/15/2023
3588443,Yashica Pingle,nakul94@example.org,Rohtak,4/11/2024
92509376,Sudiksha Dutta,gayathri09@example.org,Jehanabad,9/3/2024
77031496,Abeer Rastogi,contractorsimon@example.com,Pimpri-Chinchwad,12/28/2023
51119088,Zehaan Srinivas,narayananlakshit@example.net,Tinsukia,7/26/2023
9107360,Anvi Iyer,dmane@example.net,Dindigul,4/23/2024
88866835,Osha Dora,ebatta@example.net,South Dumdum,11/1/2023
50527764,Sai Garg,krishna27@example.com,Amroha,12/28/2023
19400174,Urvi Grover,bawamaanav@example.org,Saharanpur,5/22/2024
80517784,Udyati Dara,aradhana66@example.org,Raiganj,7/5/2024
60446619,Yashvi Kar,hsaha@example.com,Guntakal,6/15/2024
85074810,Aarna Naik,jai89@example.net,Bhagalpur,9/14/2024
73654821,Vedant Rattan,soodurishilla@example.org,Vijayawada,10/16/2023
47387512,Shivansh Gaba,harshilsawhney@example.net,Chittoor,7/8/2023
35988028,Tejas Char,ekaraj79@example.org,Naihati,8/31/2024
92583164,Amruta Lad,omaja42@example.org,Burhanpur,9/29/2023
8155924,Suhani Kanda,srinivasanchanakya@example.net,Patiala,3/30/2024
72702075,Veda Thaman,azaanprabhakar@example.org,Jalna,7/1/2024
79155946,Nachiket Saini,samuelkari@example.com,Thiruvananthapuram,9/5/2023
31708103,Kabir Mani,gaurang03@example.org,Gudivada,9/25/2023
77345018,Bishakha Lanka,aarnavmenon@example.com,Udupi,7/26/2024
25722990,Nidra Radhakrishnan,yauvani33@example.net,Pallavaram,3/13/2024
60062501,Anirudh Mistry,abhiramsrivastava@example.com,Bhilwara,1/4/2024
33472376,Krisha Misra,khannayoshita@example.org,Bardhaman,1/16/2024
34073080,Pushti Gour,rdoshi@example.org,Thrissur,5/4/2023
86897973,Arin Pandya,wchoudhary@example.com,Arrah,3/30/2024
85198177,Charita Comar,divyashanker@example.org,Jammu,4/1/2023
8395343,Ekani Pingle,joshiwarhi@example.com,Bathinda,3/10/2024
51557673,Faras Varughese,hemangchhabra@example.net,Mira-Bhayandar,8/1/2023
75892474,Baghyawati Ray,sameshissac@example.net,Guntur,8/27/2023
67092149,Daksh Atwal,indiratrivedi@example.com,Davanagere,12/16/2023
35554129,Darika Natarajan,wahabmisra@example.com,Alappuzha,8/11/2024
18889370,Mason Atwal,ckashyap@example.org,Sri Ganganagar,6/14/2023
16764246,Aarini Dewan,alkaseshadri@example.net,Pali,9/28/2024
43459807,Charan Brahmbhatt,aahanatailor@example.net,Khammam,4/8/2023
10857389,Nihal Mital,ipal@example.org,Hindupur,7/29/2024
59329145,William Guha,lshenoy@example.org,Gulbarga,8/30/2024
31456752,Henry Borah,ramachandrankavya@example.com,Thanjavur,6/21/2024
96583772,Ekta Sane,jtank@example.com,Bhatpara,11/19/2023
18394558,Dipta Sarraf,yashodalata@example.org,Bareilly,12/30/2023
2584499,Shivansh Tata,diya19@example.com,Ludhiana,9/13/2024
27709218,Ryan Dhingra,rthaman@example.org,Dindigul,4/26/2024
99160348,Jeremiah Sarin,kdada@example.org,Siliguri,9/15/2024
55693909,Darsh Pandey,mdugar@example.net,Narasaraopet,6/27/2024
31582950,Bhavya Khalsa,advaithtata@example.com,Jhansi,12/20/2023
19482392,Yachana Nath,dnanda@example.net,Muzaffarnagar,6/22/2023
4862761,Maya Chatterjee,quincyacharya@example.net,Eluru,8/31/2023
45804389,Liam Dayal,daksh09@example.net,Maheshtala,7/2/2023
74179536,Hitesh Ray,amairasodhi@example.net,Nizamabad,10/14/2024
91024604,Manbir Devan,ishwarnagi@example.net,Sambalpur,8/27/2023
31923338,Ishwar Goyal,ejaggi@example.com,Yamunanagar,3/13/2024
33574338,Prisha Bahl,venkateshowen@example.org,Thiruvananthapuram,8/12/2023
82322028,Reyansh Sinha,venkateshdamyanti@example.org,South Dumdum,7/16/2023
51812283,Vasana Rajagopalan,ucchal05@example.org,Katni,3/14/2024
68419593,Sneha Sodhi,parth81@example.org,Patna,10/19/2023
54205055,Yasti Shukla,moreekaja@example.com,Junagadh,5/18/2024
84456355,Avi Ratti,kallamaya@example.com,Karawal Nagar,9/26/2023
93458307,Jalsa Choudhury,yasti36@example.com,Anand,10/25/2023
27304827,Arjun Bhardwaj,jason04@example.org,Coimbatore,6/1/2024
67302239,Tanvi Bajaj,gpal@example.net,Kozhikode,10/29/2023
12305040,Guneet Jayaraman,hamsini08@example.org,Noida,7/20/2023
43377076,Imaran Krishnan,aryanchoudhary@example.net,Junagadh,9/22/2023
52075070,Vedika Muni,kdate@example.com,Kadapa,8/31/2023
4378755,Oscar Ratta,wguha@example.com,Pali,11/10/2023
67215939,Dominic Viswanathan,tatakala@example.com,Erode,1/3/2024
13963450,Hemang Kakar,jjhaveri@example.org,Malegaon,3/23/2024
59009727,Charles Kulkarni,ysahni@example.com,Adoni,3/16/2024
47274329,Hemal Murthy,ramanathanrajeshri@example.net,Ludhiana,2/12/2024
97492493,Alexander Ray,zkalla@example.com,Singrauli,4/26/2023
16256136,Panini Mangal,gautambhasin@example.org,Aurangabad,9/9/2023
42209203,Aryan Sundaram,jmahal@example.com,Bangalore,3/29/2024
30767655,Aarnav Issac,onimandal@example.com,Karnal,6/5/2024
81605722,Bachittar Morar,vasana79@example.net,Salem,11/18/2023
16082651,Amara Sundaram,sehgalsiya@example.net,Junagadh,11/4/2023
52337289,Pooja Mital,jbhargava@example.com,Morena,6/16/2023
24644542,Harish Mahajan,darajeet@example.com,Tirupati,3/17/2024
72564495,Urmi Badami,quincyanne@example.com,Gandhidham,3/13/2024
95594611,Dayita Dass,vaidyasuhani@example.org,Thiruvananthapuram,4/9/2023
23794330,Nisha Amble,xbhakta@example.net,Machilipatnam,5/28/2024
1771249,Samesh Devi,osant@example.org,Bathinda,4/14/2023
57360162,Aarini Rama,bkuruvilla@example.com,Bally,10/30/2023
70230254,Hamsini Sandhu,aachalsheth@example.net,Suryapet,12/24/2023
30285217,Isha Sahni,upalla@example.net,Parbhani,9/23/2023
14428954,Viraj Tank,otalwar@example.com,Medininagar,10/22/2024
9987182,Tristan Hegde,devansh88@example.org,Darbhanga,8/21/2024
92636025,Balendra Sidhu,cborah@example.org,Ambattur,9/24/2024
19771128,Urvashi Bhandari,maxlad@example.net,Vijayawada,11/26/2023
13122744,Yashvi Dalal,zashilkaran@example.com,Kalyan-Dombivli,2/2/2024
90696847,Balendra Choudhary,vyanjanasharma@example.com,Bathinda,9/19/2023
44050697,Hemang Ratti,joshuaganesan@example.org,Ujjain,12/28/2023
44723662,Veer Dixit,theodore63@example.com,Dhanbad,10/7/2023
69908484,Kevin Sachar,harita88@example.org,Udupi,8/8/2024
82708090,Krishna Seshadri,raghav93@example.net,Panvel,1/1/2024
83267752,Om Choudhury,gaurav60@example.net,Raipur,9/25/2023
19259955,Rehaan Borde,dasslila@example.org,Nagpur,4/3/2023
11616535,Vrinda Bassi,faraschandra@example.net,Tadepalligudem,8/18/2024
50557979,Kiaan Naidu,mdeol@example.org,Khammam,3/31/2024
53538932,Quincy Nanda,maya02@example.com,Thoothukudi,5/11/2023
63292875,Guneet Borah,dev66@example.org,Noida,9/30/2024
98858383,Janani Gill,vrinda77@example.org,Dehri,12/31/2023
86715467,Chanakya Bansal,azad10@example.net,Amaravati,3/18/2024
13197985,Gaurika Balasubramanian,divya22@example.org,Nanded,4/19/2023
85561151,Zinal Dhawan,gulatiedhitha@example.org,Kanpur,8/13/2024
94706375,Urishilla Kala,pdin@example.org,Amravati,4/5/2023
53974737,Kiaan Menon,narainojas@example.net,Panipat,10/30/2023
83039559,Hemang Jain,khuranachanchal@example.net,Jalgaon,7/1/2023
98218863,Panini Dua,karurishilla@example.net,Pimpri-Chinchwad,6/5/2023
54347213,Devansh Prasad,brijesh54@example.org,Lucknow,4/7/2024
30065862,Urishilla Hegde,ydeo@example.org,Allahabad,9/2/2024
42615134,Champak Patil,nmall@example.com,Muzaffarnagar,9/22/2024
94033330,Prisha Tella,joshibalveer@example.org,Visakhapatnam,9/25/2024
64795608,Ishita Mital,aishanikalita@example.com,Udupi,10/22/2023
1662375,Tanmayi Yohannan,indrajitdhillon@example.com,Tiruchirappalli,11/18/2023
91130614,Rayaan Seth,chaman96@example.org,Jabalpur,6/22/2023
85020453,Hamsini Tripathi,shaurya77@example.com,Jaunpur,5/18/2023
80875034,Vasatika Palla,maanasrattan@example.com,Mahbubnagar,7/15/2023
72605638,Zansi Nanda,teerth55@example.net,Korba,9/2/2024
47939657,Idika Sem,johalsiya@example.org,Bhavnagar,7/1/2024
35156679,Chakradev Verma,vincent13@example.com,Etawah,1/7/2024
47125914,Yashoda Chacko,ati59@example.com,Kochi,3/29/2023
94713625,Samar Deol,davesathvik@example.com,Barasat,8/15/2023
43066953,Hredhaan Sengupta,upma64@example.net,Bikaner,10/15/2024
32987624,Dalaja Arora,calebsengupta@example.com,Jabalpur,4/5/2023
11143197,Siya Mani,malloliver@example.net,Bulandshahr,3/29/2023
77015367,Oni Bhagat,dominicbhandari@example.com,Chittoor,7/17/2024
63571453,Praneel Saran,jaggikala@example.com,Kanpur,5/14/2023
95334407,Krish Sunder,eta37@example.net,Cuttack,3/29/2023
2400009,Jonathan Korpal,liam03@example.org,Amaravati,2/26/2024
43519553,Lekha Swamy,bhavnamittal@example.com,Mathura,2/7/2024
91566278,Keya Chadha,gdeo@example.net,Burhanpur,9/24/2024
93522848,Mohammed Sahni,takkrishna@example.net,Jodhpur,10/29/2023
48776805,Prisha Sanghvi,laleta@example.net,Alwar,6/1/2023
6061349,Gautami Trivedi,iryasarin@example.org,Haldia,3/17/2024
49617531,Vamakshi Pradhan,thomassanghvi@example.com,Firozabad,3/19/2024
25915909,Gaurangi Singh,wallavasudha@example.com,Bhimavaram,1/18/2024
2058037,Yutika Badal,biswastamanna@example.org,Rajkot,11/17/2023
43307488,Jagrati Prabhu,choudharybalhaar@example.org,Bhatpara,8/6/2023
58513300,Hemal Mammen,farajwason@example.org,Jodhpur,9/25/2023
41146001,Nirja Prasad,mahallaban@example.net,Belgaum,7/12/2023
89910157,Dayamai Ray,jdate@example.com,Khandwa,3/19/2023
33608451,Lohit Dugar,vgera@example.net,Madurai,5/19/2023
58214883,Udant Grover,cnarayan@example.com,Darbhanga,5/5/2024
2875442,Arunima Vyas,buchayushman@example.net,Bettiah,7/19/2023
83660688,Gopal Dube,aditya26@example.com,Kottayam,7/13/2024
9650263,Samar Vasa,gpadmanabhan@example.com,Gandhidham,4/24/2023
36517334,Ria Dua,akshay40@example.com,Naihati,3/30/2024
1989720,Anusha Bahri,hemanginigour@example.org,Saharanpur,11/10/2023
68486301,Bachittar Misra,kallaneel@example.net,Kanpur,4/26/2023
2134827,Vasudha Kalita,zaitra93@example.org,Ambarnath,10/22/2023
67896836,Om Murty,cmittal@example.net,Gulbarga,9/16/2024
98152679,Geetika Arora,kurianlakshit@example.net,Thiruvananthapuram,8/1/2024
6812439,Vasana Mand,prakashvrinda@example.net,Bhalswa Jahangir Pur,10/17/2024
90038364,Upadhriti Chand,ybawa@example.com,Ozhukarai,3/18/2024
47215976,Jasmit Ganesh,urishillajain@example.org,Jalna,9/25/2024
74840437,Rachit Arya,sarmachatresh@example.net,Korba,3/10/2024
10418604,Xavier Agrawal,lopaagrawal@example.org,Gandhidham,4/11/2024
65514005,Ekapad Kuruvilla,yatinsoni@example.com,Dhanbad,7/21/2023
1479065,Keya Grover,vbalakrishnan@example.org,Bokaro,2/9/2024
87641623,Isaac Rattan,iborde@example.org,Bulandshahr,9/25/2023
34381941,Oeshi Thaman,bahriishanvi@example.net,Malegaon,7/13/2023
81822494,Dominic Verma,lucky44@example.org,Sri Ganganagar,7/14/2024
97191387,Chavvi Bhatia,vmall@example.org,Madurai,6/3/2023
25795941,Urishilla Dhillon,ryanbath@example.com,Bhalswa Jahangir Pur,4/14/2024
97825663,Upadhriti Sha,pahalsaini@example.com,Udaipur,6/19/2023
19966989,Varsha Dutt,hritik00@example.com,Secunderabad,3/6/2024
57967753,Lila Tailor,bchoudhury@example.com,Davanagere,1/11/2024
10694081,Faris Raval,neel30@example.net,Meerut,10/2/2023
4356173,Jalsa Khatri,mahajanbakhshi@example.org,Rajkot,9/10/2024
87266309,Yachana Sethi,dashneel@example.com,Agra,11/17/2023
65134271,Ansh Singh,damyantiwalia@example.net,Ajmer,12/18/2023
11928321,Nikita Palan,hdivan@example.net,Maheshtala,6/30/2024
32527479,Nidhi Varkey,krishakaul@example.org,Jorhat,11/4/2023
47275378,Aarav Dar,amruta30@example.net,Ahmednagar,3/16/2023
9246851,Aarush Dixit,psandal@example.com,Ujjain,10/10/2024
12402437,Kamala Rama,raymegha@example.net,Rajahmundry,6/29/2024
95382317,Aradhana Sen,indiraseshadri@example.com,Patiala,5/20/2024
19523014,Neha Shroff,vaishnaviravi@example.net,Ongole,2/24/2024
2188994,Bimala Mitra,uarora@example.net,Patiala,10/26/2023
31328762,Vanya Sanghvi,banikishita@example.net,Durg,3/8/2024
39354312,Chatresh Andra,gmorar@example.net,Kulti,9/22/2023
17939362,Anjali Yogi,utkarshratti@example.com,Noida,2/11/2024
12755730,Indrajit Mahal,padmanabhanharshil@example.org,Howrah,8/20/2023
64562786,Neel Sankar,krishadvika@example.com,Firozabad,3/13/2024
18771682,Nitara Sur,lohitsarraf@example.com,Shivpuri,7/11/2023
18170800,Anamika Sur,rhayre@example.net,Mathura,7/2/2024
31914222,Rajeshri Lad,uraj@example.org,Bhilwara,9/29/2024
29095552,Gunbir Vala,sathvikbala@example.com,Amritsar,4/19/2023
13415362,Tristan Grover,diyakuruvilla@example.org,Dibrugarh,6/25/2023
13284996,Irya Dayal,shamanbir@example.org,Phagwara,4/11/2024
3410758,Qabil Salvi,gandhibhavya@example.net,Hazaribagh,7/16/2023
14330483,Vasatika Konda,kaurishwar@example.org,Durgapur,8/4/2023
95768401,Jyoti Pau,varughesedayamai@example.org,Kadapa,11/3/2024
57662767,Lila Chakraborty,birhemangini@example.org,Kalyan-Dombivli,10/21/2023
51387106,Nandini Devi,xitigour@example.net,Jamalpur,10/15/2023
89995124,Gauri Butala,ranveeranne@example.org,Muzaffarpur,10/29/2023
73660582,Timothy Bhalla,simonmurty@example.net,Agra,10/20/2024
70459847,Krish Shankar,mekhalasaraf@example.org,Bhopal,8/29/2024
3999964,Ansh Minhas,nbir@example.net,Orai,8/8/2023
39674723,Advika Keer,khatriayushman@example.net,Bettiah,8/5/2024
23448955,Pranit Gade,kamdarhemang@example.com,Raebareli,10/12/2024
76971644,Banjeet Pal,jaggigaurang@example.net,Thoothukudi,9/20/2024
81382213,Victor Khurana,jkaur@example.org,Burhanpur,5/18/2024
21456226,Indrajit Mitra,yauvani00@example.net,Adoni,7/21/2023
46378942,Oscar Kurian,vedhikanarasimhan@example.com,Chandigarh,11/20/2023
12088552,Aditya Barman,draj@example.org,Patiala,4/17/2023
18642306,Wazir Bahl,jsunder@example.com,Tinsukia,12/21/2023
11387110,Om Sastry,aishani38@example.com,Coimbatore,8/17/2023
51341672,Aarna Mital,ghoshlavanya@example.org,Bhagalpur,4/3/2024
79630614,Nikita Misra,rachanabadal@example.net,Sasaram,7/13/2024
76602787,Qasim Chandra,pavanijaggi@example.org,Mehsana,4/7/2024
50630016,Max Ranganathan,aaravkhosla@example.org,Unnao,8/22/2023
85354059,Anamika Dugar,borahansh@example.net,Begusarai,8/20/2023
30188374,Naveen Chakrabarti,manbir37@example.org,Haldia,3/28/2024
13760839,Anvi Savant,yashvi72@example.org,Guwahati,8/23/2023
12455156,Ijaya Agrawal,anirudh89@example.com,Eluru,4/3/2023
13604883,Siddharth Kata,mvaidya@example.com,Karimnagar,9/23/2024
69240186,Triya Memon,ssoman@example.org,Kottayam,4/16/2024
57765367,Advika Sundaram,shivani60@example.net,Sultan Pur Majra,1/26/2024
97928541,Pratyush Peri,vasudha09@example.com,Tiruchirappalli,6/27/2023
31718565,Andrew Wable,jackson06@example.org,Durgapur,5/29/2024
76438648,Faraj Radhakrishnan,sandalpanini@example.org,Dewas,4/10/2023
36146306,Aryan Ghose,brahmbhattvihaan@example.net,Pallavaram,11/10/2023
87160527,Gautam Ravel,pandyazaitra@example.org,Bulandshahr,10/9/2024
1108176,Charita Chad,ekantika51@example.com,Bhalswa Jahangir Pur,7/27/2023
83610315,Nachiket Roy,wsangha@example.net,Shahjahanpur,7/31/2023
24043135,Edhitha Bassi,chavvijohal@example.com,Bijapur,10/1/2024
84448310,Ati Lad,tanmayi18@example.org,Mumbai,9/28/2024
59769142,Pooja Bajaj,ijaya43@example.com,Bellary,3/1/2024
90753712,Amruta Bhatt,hkant@example.net,Dharmavaram,6/24/2024
38748727,Raghav Nath,bmani@example.net,Tiruchirappalli,8/4/2024
45033270,Manan Chandran,keermugdha@example.org,Thanjavur,4/28/2024
6459100,Shivansh Mand,gaurav29@example.com,Agra,10/4/2024
60904312,Jagdish Badami,isha60@example.com,Mumbai,6/4/2024
98225598,Neelima Som,gyohannan@example.com,Sambalpur,5/12/2023
31813,Indrajit Pau,wakeetasehgal@example.com,Sultan Pur Majra,4/10/2024
79135318,Amaira Issac,zayyankala@example.org,Saharanpur,6/14/2023
99627097,Amara Narayanan,yatin58@example.net,Raiganj,3/19/2023
90919603,Priya Chaudry,osaraf@example.com,Howrah,11/14/2023
46741896,Jagvi Patla,faras93@example.net,Mango,10/21/2023
58942207,Krisha Sama,agarwalrohan@example.org,Patna,7/5/2024
86839058,Kashvi Sarma,samuel91@example.org,Ujjain,6/19/2024
82179338,Isha Dugar,adya37@example.net,Ulhasnagar,3/17/2023
1342184,Girish Sem,krao@example.com,Dehradun,10/25/2024
76604145,Nidra Agate,ayushbobal@example.org,Rourkela,3/22/2023
37702698,Joshua Bajaj,theodoretalwar@example.com,Bareilly,11/13/2023
3786105,Ojas Sankaran,jyoti35@example.net,Kirari Suleman Nagar,6/2/2024
64535602,Faris Mahajan,calebbhargava@example.net,Jalgaon,8/9/2023
29525287,Theodore Dhar,sachidutt@example.net,Bhimavaram,11/16/2023
1683786,Urvashi Balan,simonkade@example.org,Hajipur,9/12/2023
73586244,Netra Oak,manbir86@example.net,Erode,2/28/2024
26805477,Xavier Hans,doctoraradhana@example.org,Sambhal,5/28/2024
73679086,Tarak Divan,ranbir07@example.org,Dibrugarh,7/12/2023
59677346,Falak Reddy,gopalmody@example.com,Bongaigaon,11/2/2024
81528623,Qasim Hans,dbains@example.net,Jamshedpur,6/8/2024
38420886,Nidra Date,uhora@example.org,Sonipat,4/8/2023
12302179,Nikita Nagi,shettyradha@example.com,Tumkur,2/1/2024
88164280,Saumya Barman,nakul83@example.com,Thane,9/9/2024
74735607,Naksh Amble,aadhyabhalla@example.com,Raipur,12/30/2023
42514124,Bakhshi Sodhi,tsuri@example.org,Bally,5/10/2023
13071673,Ijaya Bir,tkalla@example.com,Jhansi,4/27/2024
68196920,Vasana Tripathi,faras32@example.com,Rewa,10/29/2023
26844216,Yochana Babu,sibalmaya@example.com,Pali,6/7/2024
38780509,Ira Guha,haritabasu@example.com,Ongole,5/11/2024
3292927,Nisha Iyer,vdalia@example.org,Rewa,1/12/2024
28991365,Avi Menon,rachitapandey@example.com,Jamnagar,3/20/2024
39999278,Chandresh Khare,agarwalladli@example.org,Baranagar,8/2/2024
86050297,Vincent Sahni,bhardwajwidisha@example.com,Sikar,4/15/2023
86045277,Umang Pai,ykeer@example.org,Mau,8/15/2024
88167544,Fariq Chawla,nachiketgrewal@example.org,Mirzapur,4/15/2023
75984768,Dev Deshpande,tsarkar@example.org,Guwahati,8/5/2024
15144290,Omkaar Swamy,ekaraj66@example.org,Nizamabad,10/17/2024
52279849,Henry Sawhney,sidhuyashodhara@example.net,Anantapur,7/10/2024
81160474,Adweta Gokhale,upkaar63@example.net,Aizawl,8/2/2023
84361534,Ansh Agrawal,ayush35@example.net,Narasaraopet,7/24/2024
53025962,Sai Mandal,narangsai@example.org,Dibrugarh,6/13/2024
83404008,Pooja Chaudhary,kuruvillabhanumati@example.net,Berhampore,9/17/2024
81959925,Aarav Gopal,indalikapur@example.org,Durgapur,10/11/2023
76850859,Harita Bir,rajata75@example.net,Berhampur,12/29/2023
11705793,Tripti Barad,natarajanfaris@example.org,Dindigul,4/12/2024
62068277,Zarna Shetty,kumerzansi@example.org,Hosur,3/3/2024
9048817,Bhavika Banik,jkhurana@example.org,Udaipur,5/8/2023
31619915,Joshua Trivedi,dnair@example.net,Gandhinagar,6/9/2024
42872865,Vasatika Chatterjee,ishwar92@example.com,Bulandshahr,10/9/2023
81906973,Oliver Wagle,siddharth54@example.com,Loni,8/16/2023
82286908,Oliver Sengupta,wallawriddhish@example.org,Vasai-Virar,6/24/2024
1174162,Anirudh Vig,hema05@example.com,Guna,7/2/2023
62323608,Ekansh Bains,bgoyal@example.net,Nandyal,8/9/2023
72857290,Krishna Aggarwal,mahikakala@example.net,Sasaram,9/20/2023
21784094,Lakshit Rai,jagdish68@example.com,Bareilly,5/18/2024
82529927,Yoshita Jain,omyapadmanabhan@example.com,Chinsurah,4/3/2024
14994388,Charles Wason,wrao@example.com,Gwalior,4/29/2024
54216497,Mohini Pandya,turvisani@example.com,Guwahati,7/7/2024
80796977,Nicholas Chandra,issacgeorge@example.com,Deoghar,6/28/2024
31681710,Udant Prabhakar,nachiket85@example.net,Panchkula,1/6/2024
47955004,Mohini Sidhu,wmitter@example.net,Kollam,8/21/2023
23126657,Ekiya Sekhon,ochakraborty@example.org,Bahraich,4/23/2023
91973128,Advik Hayre,guneetwable@example.com,Karnal,7/1/2024
22915611,Rishi Minhas,watikamemon@example.com,Karaikudi,8/6/2023
76864442,Yashasvi Srinivas,omya58@example.com,Karnal,7/31/2023
96628029,Zansi Kara,qmitter@example.com,Tirupati,3/22/2024
59216664,Netra Keer,yauvanikhare@example.net,Deoghar,3/22/2023
70615775,Abdul Narang,tmannan@example.org,Ludhiana,1/7/2024
34761418,Nitesh De,faraj44@example.net,Bhilwara,8/19/2024
56248757,Ekansh Narayan,qraghavan@example.com,Chapra,8/5/2024
31622158,Omya Modi,bailjonathan@example.com,Kolhapur,5/6/2023
4200802,Chakrika Gaba,ekavir26@example.net,Ramgarh,11/15/2023
58631874,Yauvani Bhat,emagar@example.org,Avadi,10/1/2024
22036818,Yatan Yogi,sandhurishi@example.org,Hindupur,11/14/2023
7333934,Om Chand,gavin45@example.net,Deoghar,12/23/2023
5712468,Zinal Shan,farisbadal@example.net,Thanjavur,3/25/2024
17929886,Oscar Parekh,rattatanveer@example.net,Salem,3/28/2023
408590,Januja Zachariah,nakshsahni@example.net,Jorhat,3/11/2024
42797397,Banjeet Shanker,upkaar20@example.com,Jaunpur,5/8/2023
58929595,Aarush Ratti,emaharaj@example.net,Hubli–Dharwad,8/8/2024
41971906,Yashica Sankaran,rachita94@example.org,Phagwara,2/13/2024
80269328,Daksha Saxena,xchandran@example.net,Ambattur,5/3/2023
76533277,Bakhshi Kuruvilla,muniharshil@example.net,Gangtok,10/11/2023
50760752,Yug Varughese,kapooravi@example.org,Maheshtala,3/17/2023
83588803,Indira Sabharwal,faris26@example.com,Tinsukia,7/11/2024
30755306,Divya Kakar,samakshravel@example.org,Bhilwara,6/14/2024
26592009,Michael Dhingra,mdasgupta@example.org,Adoni,11/2/2023
32830199,Abhimanyu Suri,kalaarya@example.com,Aizawl,8/27/2024
99824171,Vasatika Ram,tkhare@example.com,Thoothukudi,4/15/2024
61618079,Isaac Sunder,maxedwin@example.net,Ambala,7/14/2023
71694275,Samarth Wagle,ronith46@example.org,Aurangabad,6/2/2023
81200164,Zehaan Chaudhry,qoza@example.com,Anantapur,8/30/2024
66233704,Adya Wason,ibiswas@example.org,Jorhat,5/18/2024
66866026,Vyanjana Nagi,tellajasmit@example.org,Ahmedabad,7/5/2023
86483673,Ranveer Ranganathan,yatinthaker@example.org,Satara,8/18/2023
22483684,Gautami Dar,vanya27@example.net,Kirari Suleman Nagar,3/5/2024
65368179,Ati Iyer,urmisahni@example.org,Bokaro,10/23/2023
94430842,Pallavi Kothari,nishakhatri@example.net,Jammu,3/19/2024
18940384,Anita Sehgal,leela14@example.net,Sonipat,10/8/2023
25585013,Ishita Amble,baradjanani@example.com,Vasai-Virar,5/5/2024
9314637,Aarav Sandal,chakrikasood@example.net,Bhubaneswar,7/28/2024
92409489,Deepa Devi,dhingrachaitaly@example.net,Shivpuri,4/9/2024
21425168,Gavin Panchal,banjeetchoudhary@example.org,Aligarh,8/11/2023
11228463,Theodore Cherian,oliver85@example.com,Kanpur,7/30/2023
57642258,Gunbir Dutt,pbaria@example.com,Etawah,9/27/2024
26250082,Om Bora,hegdenitara@example.net,Arrah,10/24/2024
34580200,Unni Dara,janyamisra@example.org,Bally,6/4/2024
89531595,Balvan Bera,sankaranindali@example.net,Jammu,8/13/2023
72760434,Andrew Sibal,abajaj@example.net,Kozhikode,10/7/2024
86499778,Chakrika Sachar,tejas83@example.net,Bhilai,9/21/2023
41395224,Thomas Sarkar,ywali@example.com,Jalna,10/26/2024
21270783,Aarna Vig,asrivastava@example.com,Bhavnagar,5/1/2023
68939350,Rachita Dhar,nicholas19@example.net,Machilipatnam,4/28/2023
14839726,Lohit Lanka,faris19@example.org,Mira-Bhayandar,1/24/2024
38808614,Xavier Shetty,zbandi@example.net,Vijayanagaram,6/15/2023
44828791,Zansi Panchal,usami@example.com,Khora ,6/2/2023
1603358,Samaksh Randhawa,ubumb@example.com,Gandhinagar,6/9/2024
31826,Ekiya Pau,fbedi@example.com,Chinsurah,11/29/2023
191616,Brijesh Tata,yadavipatla@example.org,Pallavaram,4/27/2023
45546750,Mugdha Pandey,panchalharish@example.net,Madhyamgram,10/28/2024
33675108,Yagnesh Patel,fraja@example.org,Jalgaon,12/3/2023
98896871,Laksh Narula,iverma@example.net,Asansol,6/6/2023
644189,Tanay Sahni,janya99@example.org,Bhopal,12/15/2023
21461764,Nandini Bassi,yahvi51@example.org,Singrauli,4/18/2023
70170606,Edhitha Chhabra,omisha41@example.net,Purnia,7/11/2024
65782437,Geetika Kara,warda03@example.com,Haldia,4/12/2023
37245065,Ishani Dhillon,abhiramagate@example.net,Dibrugarh,7/21/2024
42012717,Edhitha Sahota,georgesami@example.org,Jabalpur,8/18/2023
60399360,Gavin Solanki,kuruvillachaman@example.net,Jamnagar,4/27/2024
5140660,Tripti Loke,anika70@example.com,Akola,8/18/2023
40858753,Samaksh Sharma,neel23@example.net,Bharatpur,5/6/2024
69219122,Varsha Varughese,inayaswaminathan@example.com,Pimpri-Chinchwad,10/9/2024
8967266,Theodore Bhakta,bhaktayochana@example.com,Imphal,9/1/2024
27304727,Farhan Patel,daveekavir@example.com,Tiruvottiyur,3/26/2024
62600289,Tanmayi Zachariah,aishanikata@example.net,Udaipur,2/20/2024
50286371,Jonathan Zachariah,luke39@example.org,Bangalore,1/10/2024
43799224,Vasatika Agate,chandrahemangini@example.net,Karaikudi,6/23/2024
29431960,Jagdish Manda,hredhaan09@example.org,Etawah,2/9/2024
7076456,Upkaar Munshi,onveer31@example.org,Ichalkaranji,2/6/2024
43860025,Nidhi Baria,wwalia@example.org,Nagpur,11/20/2023
74833221,Agastya Saran,nde@example.net,Nashik,4/28/2024
13465850,Anmol Koshy,nitesh46@example.org,Danapur,9/26/2023
46541905,Arunima Rout,jacobthakur@example.org,Udaipur,2/6/2024
21809858,Ekansh Seshadri,faqid76@example.org,Bihar Sharif,4/6/2023
75928073,Harsh Aggarwal,dayamai16@example.com,Udupi,8/1/2023
67538982,Upma Salvi,farhanmishra@example.net,Shivpuri,8/21/2023
57505804,Zinal Padmanabhan,yashodharabhat@example.com,Orai,8/25/2024
88775948,Yug Pal,dsankaran@example.com,Nagaon,6/27/2024
89704218,Harini Ramakrishnan,dateeiravati@example.org,Khora ,10/7/2023
9796585,Damini Jha,bhaktaekanta@example.org,Danapur,11/30/2023
1497747,Nachiket Kalla,solankibarkha@example.org,Sangli-Miraj & Kupwad,4/11/2024
29038113,Wridesh Vyas,hamsini20@example.net,Kalyan-Dombivli,6/10/2024
61182897,Yug Dutt,vamakshi57@example.org,Satara,3/28/2023
15391556,Ria Pau,oviya43@example.net,Nellore,10/12/2023
1529180,Darsh Gokhale,randhawaaashi@example.com,Bareilly,6/7/2024
32797235,Shravya Chandran,bhargavanicholas@example.com,Guntakal,11/29/2023
78158536,Yatan Gola,tailoraryan@example.org,Imphal,4/7/2024
88779806,Ethan Taneja,mohammed37@example.com,Srinagar,7/29/2023
93018527,Lekha Rout,ibhargava@example.net,Narasaraopet,5/16/2024
52393801,Aarush Roy,hemalkapadia@example.org,Ranchi,3/20/2023
70529459,Zayyan Parsa,alexanderbajaj@example.org,Pondicherry,5/4/2023
48481702,Dayita Kothari,upadhyaylohit@example.org,Shivpuri,6/15/2024
15417130,Henry Arora,sanya65@example.com,Indore,3/3/2024
14705462,Nakul Pal,ydevan@example.net,Bahraich,9/24/2023
14944819,Triya Patla,fradonarayan@example.net,Anand,11/24/2023
89028323,Avni Padmanabhan,ekavirbaral@example.net,Lucknow,9/3/2023
11775073,Keya Ganesan,shethgagan@example.com,Morbi,6/2/2023
54799731,Rushil Palan,agatemanya@example.org,Jaipur,5/10/2023
93617659,Nikita Ramanathan,arya76@example.net,Nangloi Jat,9/21/2024
45708879,Girindra Majumdar,faraj30@example.net,Ulhasnagar,3/11/2024
62807542,Chatura Apte,andrajyoti@example.com,Patiala,3/17/2023
7551173,Chandran Sur,wakeetajohal@example.org,Ghaziabad,10/27/2023
65815155,Amara Palan,diya73@example.org,Bangalore,9/10/2024
86704661,Kamala Chokshi,turvidas@example.net,Kamarhati,3/16/2024
57896058,Samuel Gara,kibechandresh@example.com,Begusarai,6/23/2024
85519349,Harshil Kari,dayalguneet@example.org,Anand,12/7/2023
66308810,Utkarsh Ramaswamy,chadharajata@example.org,Sangli-Miraj & Kupwad,5/27/2024
13130974,Divya Garde,varkeyridhi@example.org,Eluru,7/31/2024
8632679,Ayaan Bal,baladhruv@example.net,North Dumdum,7/20/2023
91072336,Tristan Parmer,abhakhare@example.net,Jaunpur,6/7/2023
24633671,Manan Buch,vsekhon@example.net,Karnal,9/21/2024
78254569,Theodore Sathe,nathanielgaba@example.net,Kalyan-Dombivli,11/30/2023
60698094,Matthew Bhatti,wazir62@example.org,Malegaon,5/16/2024
84257716,Yauvani Rajan,kgoda@example.net,Hazaribagh,3/22/2023
84929351,Charvi Kala,geetika61@example.com,Gandhinagar,12/7/2023
48160359,Zehaan Sundaram,vparsa@example.com,Karaikudi,3/28/2024
51031122,Netra Kashyap,balanwazir@example.net,Dehradun,9/12/2023
3844290,Yashawini Thaman,kohliwyatt@example.com,Berhampore,10/29/2023
71643758,Lucky Kapoor,thakkarlavanya@example.org,Kottayam,9/16/2024
49258916,Zehaan Thakur,yash08@example.com,Jaipur,4/2/2024
60379302,Raksha Chand,bchar@example.net,Patiala,7/14/2023
88873916,Daniel Reddy,urmi43@example.net,Tirupati,9/21/2023
65559853,Yahvi Bali,tthakur@example.com,Kamarhati,5/3/2024
88046313,Lila Dube,parth32@example.org,Thane,5/29/2023
76987910,Oeshi Kannan,manderowen@example.com,Shahjahanpur,3/8/2024
20517871,Lavanya Natt,wbhakta@example.org,Imphal,7/6/2023
26227445,Krishna Warrior,ishakara@example.com,Ghaziabad,9/7/2024
42272393,Anya Parmer,dhillonwyatt@example.com,Moradabad,9/21/2023
12574626,Nitesh Joshi,cborra@example.net,Amritsar,5/2/2024
63349378,William Sangha,aradhanahalder@example.com,Mango,8/1/2024
88045094,Yuvraj Memon,tanveerben@example.com,Panvel,12/16/2023
61226835,Owen Soni,varsha95@example.net,Kishanganj,7/24/2023
82585664,Turvi Parmar,ekanshdevan@example.org,Ludhiana,10/30/2023
69762479,Joshua Banerjee,rohan04@example.org,Jamalpur,3/25/2024
93675757,Geetika Mander,cgole@example.com,Noida,11/28/2023
5009458,Yasti Choudhary,diyabal@example.com,Thiruvananthapuram,8/17/2023
59545278,Yagnesh Randhawa,chahalaarav@example.org,Yamunanagar,10/28/2024
59619739,Charan Ramanathan,aryadayal@example.org,Delhi,11/12/2023
9097480,Hamsini Verma,vartyekiya@example.org,Bihar Sharif,12/21/2023
56195475,Falguni Date,sharmaaradhana@example.com,Ahmedabad,6/25/2024
45052594,Harish Venkatesh,hiteshlanka@example.com,Aligarh,6/3/2024
24517523,Mohini Pillai,edyal@example.com,Tirunelveli,11/12/2023
97111069,Megha Hora,inaya49@example.com,North Dumdum,2/16/2024
88299992,Laban Bandi,ikrish@example.org,Firozabad,5/17/2024
60757351,Naksh Sule,frederickkunda@example.org,Salem,5/15/2024
14161586,Aachal Nazareth,aadhya71@example.org,Bettiah,6/14/2023
35133191,Ojasvi Sha,vrittinanda@example.org,Loni,10/22/2024
56480776,Matthew Parsa,sagate@example.com,Udaipur,3/17/2024
31000129,Lohit Kaur,siddharth81@example.net,Raichur,3/29/2024
18113428,Dominic Goda,tagarwal@example.net,Rajkot,9/15/2023
56250563,Anthony Tara,tnagarajan@example.com,Jabalpur,9/2/2023
96253172,Zarna Mammen,patilnachiket@example.com,Berhampur,8/8/2023
83023956,Lopa Kalita,qbehl@example.org,Nanded,9/1/2023
19080489,Reva Sha,zchad@example.com,Jalandhar,3/30/2023
899941,Lopa Venkataraman,gavinchoudhary@example.org,Sambhal,6/25/2024
51014003,Matthew Swaminathan,sanayathakur@example.net,Giridih,12/16/2023
55971849,Orinder Joshi,anamikasuri@example.org,Rewa,4/5/2024
45314389,Amaira Subramanian,mandatanveer@example.org,Ajmer,3/26/2023
65426878,Frado Warrior,lekhagoyal@example.com,Nagpur,4/4/2023
8651281,Jonathan Seshadri,chaudharyonveer@example.com,Ranchi,10/20/2024
69353754,Brijesh Choudhary,aishanishanker@example.com,Medininagar,1/24/2024
84119685,Harish Aurora,csem@example.com,Sambhal,6/9/2023
60656482,Rajata Purohit,jack16@example.net,Haldia,10/31/2023
54952806,Manya Kohli,vchatterjee@example.net,Coimbatore,5/4/2023
58644651,Gaurangi Vala,mohantyidika@example.net,Secunderabad,5/10/2024
35690581,Sachi Jani,janyabadami@example.com,Gorakhpur,4/12/2023
80850753,Gautami Rai,anirudh54@example.com,Thane,12/15/2023
29653387,Aradhana Rout,fitannadig@example.net,Malda,4/26/2024
47295676,Neel Sandhu,kadelopa@example.net,Bhopal,6/2/2024
30900441,Omaja Misra,badamiaarnav@example.org,Khora ,7/25/2024
43980719,Unni Pillai,advayamble@example.org,Kalyan-Dombivli,3/4/2024
96001315,Jhalak Naidu,charles11@example.net,Bihar Sharif,2/15/2024
5716817,Xalak Master,pandeyadvik@example.com,Aurangabad,3/11/2024
33658749,Anjali Varty,bedidalbir@example.org,Ahmednagar,3/11/2024
63661771,Peter Mitra,ilad@example.net,Karnal,12/29/2023
71767248,Shivani Khurana,nazarethraagini@example.net,Jalandhar,11/1/2024
72675976,Kavya Pingle,sodhiadvaith@example.org,Bhusawal,7/15/2024
81994445,Imaran Jha,maanav88@example.net,Kalyan-Dombivli,8/1/2024
54145987,Rushil Yadav,ethakkar@example.com,Agartala,10/3/2023
16485871,Chaman Kota,pillaijanaki@example.org,Salem,6/25/2024
43243913,Rushil Iyer,zkrishnan@example.net,Jehanabad,5/11/2024
19741509,Michael Vohra,choudhuryalka@example.org,Vellore,3/11/2024
98540377,Brinda Datta,nidra84@example.net,Unnao,9/15/2023
88843865,Mitesh Chaudry,jkalla@example.com,Srinagar,10/1/2023
50045027,Yashvi Bajaj,yoshitanarang@example.org,Sagar,7/6/2023
59840071,Vihaan Chokshi,fiyaz21@example.net,Deoghar,6/6/2023
51547198,Kashvi Date,saksham00@example.org,Agartala,8/4/2024
53624677,Varenya Ganesh,beraaarav@example.org,Udaipur,12/21/2023
93122847,Nachiket Sangha,ssabharwal@example.org,Ludhiana,9/15/2024
62971413,Baljiwan Agrawal,zayanmenon@example.org,Amritsar,10/2/2023
73933840,Amara Gill,radhachand@example.net,Raiganj,3/12/2024
80759416,Pavani Prabhakar,borratarak@example.com,Junagadh,2/11/2024
96042320,Jagdish Ray,jgoda@example.com,Nagaon,12/2/2023
76970363,Hardik Andra,raagini33@example.org,Firozabad,12/28/2023
84993732,Henry Modi,sampathyashodhara@example.com,Aligarh,9/17/2024
30823988,Owen Sangha,ladlimisra@example.org,Deoghar,3/25/2024
86226771,Theodore Rao,balvansha@example.net,Shivpuri,8/17/2024
10048910,Pratyush Sawhney,bhavyabuch@example.com,Kozhikode,9/25/2023
18935489,Krishna Dugal,seshadriekaja@example.net,Tezpur,6/15/2024
61763552,Gopal Parikh,quincykanda@example.net,Panihati,5/22/2023
88346104,Lakshit Hari,troy@example.net,Udaipur,3/19/2024
33651554,Madhav Sridhar,ishababu@example.org,Saharsa,9/6/2024
39140039,Upasna Naidu,nathaniel57@example.org,Madhyamgram,11/19/2023
50080663,Adweta Bumb,tandonbina@example.net,Morbi,10/6/2024
40643232,Falguni Chand,rajeshri70@example.com,Salem,4/12/2023
82134278,Jeremiah Jha,ekanimorar@example.net,Coimbatore,10/7/2023
35705377,Wahab Bobal,ybajaj@example.net,Tumkur,4/26/2023
11503405,Damyanti Dua,dipta25@example.net,Amritsar,1/14/2024
4988545,Prisha Jha,urvibuch@example.net,Anantapuram,4/6/2023
4545935,Aayush Ahluwalia,jagdish37@example.org,Warangal,8/6/2024
46148283,Kamya Mander,taurora@example.com,Kalyan-Dombivli,10/7/2023
29324437,Radhika Bains,nram@example.org,Nanded,8/19/2024
48730063,Jatin Dua,sethiojas@example.org,Farrukhabad,4/3/2024
70608515,Aashi Behl,jaingarima@example.org,Belgaum,7/13/2024
32003512,Advaith Sarkar,bordemadhav@example.org,Sasaram,10/18/2024
96989204,Nimrat Kalita,yparsa@example.net,Deoghar,6/24/2024
4789829,Balvan Shah,fbala@example.net,Rourkela,11/2/2024
15733078,Ekanta Shukla,ychoudhry@example.net,Phagwara,8/10/2023
48158494,Hamsini Choudhury,wmagar@example.net,Kishanganj,4/30/2024
12272282,Dev Bal,vbansal@example.com,Sikar,4/9/2023
13265605,Yatin Krishnamurthy,chadaliam@example.net,Kollam,11/4/2024
80696046,Avni Trivedi,idayal@example.net,Agartala,11/8/2023
87266831,Indira Palan,vanshachaudhari@example.net,Mirzapur,9/29/2024
90346920,Idika Acharya,chaitanyatiwari@example.net,Satara,9/14/2024
93938425,Darpan Goyal,nitaratara@example.net,Nagercoil,4/19/2024
89699655,Om Chadha,bhavanisarna@example.net,Darbhanga,2/4/2024
87654461,Maya Amble,kalpit11@example.com,Sambhal,9/1/2023
79944855,Anay Natarajan,falanissac@example.org,Indore,10/31/2024
49617892,Dayamai Parmer,finn87@example.com,Orai,2/21/2024
74230420,Ati Choudhry,ronith00@example.com,Mathura,3/26/2024
66629497,Widisha Kaur,vihaanchanda@example.org,Vellore,4/26/2023
43256928,Gaurav Bhardwaj,okamdar@example.com,Baranagar,8/14/2023
59345983,Liam Sagar,ladsimon@example.net,Saharanpur,6/25/2023
88252625,Kritika Jha,tripathibhavya@example.net,Shivpuri,2/27/2024
14275043,Tanvi Lala,oscar88@example.net,Bhilwara,1/25/2024
64489709,Ekavir Kade,qasimganguly@example.net,North Dumdum,4/22/2024
59815512,Teerth Seshadri,jeet97@example.com,Jalna,11/11/2023
73377004,Dayamai Borah,gdhar@example.com,Delhi,9/11/2023
74761384,Banjeet Gara,zpau@example.net,Nadiad,10/27/2024
79257353,Tanvi Wagle,duttijaya@example.net,Jaunpur,9/24/2023
17159117,Tripti Bassi,vinayaganguly@example.net,Karawal Nagar,5/21/2024
95912198,Bhavna Gara,zwagle@example.com,Anantapuram,4/5/2024
88215615,Falan Dar,pushtitank@example.org,Bongaigaon,5/16/2023
49756591,Madhav Murthy,jai91@example.org,Miryalaguda,4/17/2024
50650215,Isaac Samra,aashi06@example.net,Pimpri-Chinchwad,11/16/2023
32500305,Ridhi Khatri,anthonydey@example.net,Orai,6/9/2024
42723554,Pranit Wagle,bordeorinder@example.net,Gandhinagar,5/21/2023
1491857,Naveen Balakrishnan,xuppal@example.net,Morena,6/5/2024
81229704,Vamakshi Hari,jason27@example.org,Noida,3/22/2024
70966268,Odika Mahal,vasanaram@example.com,Arrah,10/3/2023
97182359,Rayaan Viswanathan,psarkar@example.org,Morbi,1/22/2024
46675763,Tanmayi Ramaswamy,bakshigavin@example.net,Katihar,8/15/2023
51034600,Ubika Borah,gandhijanaki@example.org,Bhilai,4/25/2023
76512976,Yashica Pathak,baradlajita@example.com,Belgaum,7/27/2024
119099,Zansi Parsa,neha08@example.com,Kavali,8/1/2023
84850688,Atharv Nagar,gunbir72@example.org,Barasat,9/20/2024
95971469,Rachit Parikh,ryansinghal@example.net,Chapra,9/9/2024
28413467,Leena Mane,kandachakradhar@example.org,Kolhapur,7/24/2024
45071436,Gaurang Ratta,shethbhavini@example.org,Tadepalligudem,10/11/2024
99734256,Ishwar Nair,ambleira@example.com,Ratlam,6/4/2024
14472401,Ayaan Rege,dubeyekanta@example.com,Thiruvananthapuram,4/30/2024
4606533,Anusha Bhagat,triya55@example.org,Rajpur Sonarpur,7/30/2024
32426778,Falguni Kapadia,jdivan@example.net,Naihati,5/27/2024
63802820,Netra Yohannan,liamagarwal@example.com,Orai,11/23/2023
24988999,Yashawini Goyal,suhani03@example.com,Raiganj,5/12/2024
77497950,Omkaar Varughese,ayushmanpandya@example.com,Kolkata,5/14/2023
16424635,Fitan Kade,schoudhary@example.net,Mirzapur,10/1/2024
93127511,Warinder Chandran,reyansh94@example.com,Bijapur,8/27/2023
88434834,Chandresh Pingle,dayita84@example.net,Ambarnath,10/25/2023
88067569,Aayush Sengupta,lekha10@example.com,Gaya,12/25/2023
86294036,Chatresh Rajagopalan,harshilbansal@example.org,Arrah,7/13/2023
57331847,Jack Kamdar,yatan68@example.net,Amravati,9/19/2023
45586151,Pallavi Ram,ishroff@example.org,Saharsa,11/25/2023
11389698,Chameli Grover,wmohan@example.org,Jammu,6/8/2023
95018817,Ucchal Bajaj,vpathak@example.net,North Dumdum,6/4/2024
29415527,Abha Behl,yastidin@example.net,Pudukkottai,4/22/2024
64932019,Ekiya Babu,chanchalmaharaj@example.org,Hindupur,10/9/2023
48418662,Matthew Joshi,rattanhamsini@example.net,Machilipatnam,6/21/2024
66485571,Anthony Pall,sastryyug@example.com,Ratlam,9/15/2023
85658166,Faraj Krish,parikhcharvi@example.org,Thrissur,5/4/2024
20625627,Hredhaan Prasad,ishanvi25@example.com,Amritsar,8/10/2024
72942753,Alka Pal,fvig@example.com,Gurgaon,9/9/2024
1624115,Saksham Atwal,meghaatwal@example.org,Kochi,10/26/2023
82918668,Harita Nagy,shahadvaith@example.com,Gudivada,8/8/2024
85006599,Siddharth Krishna,farya@example.net,Shimoga,1/17/2024
73727901,Chanakya Khatri,azad52@example.net,Solapur,5/27/2024
53636086,Max Nadkarni,kumersiya@example.org,Bally,11/7/2023
79076101,Maanav Gaba,vasatikachoudhry@example.org,Ujjain,1/15/2024
65660660,Arya Sodhi,devika25@example.net,Gangtok,8/4/2023
64162093,Nakul Mall,sbarman@example.net,Korba,4/22/2024
91243571,Ojas Deep,yashoda19@example.net,Navi Mumbai,12/15/2023
22133362,Samesh Dixit,raaginiramanathan@example.org,Anantapuram,8/31/2024
49915498,Harini Mangal,aahana49@example.com,Jalandhar,5/19/2023
38018949,Jeet Pandey,irya08@example.net,Farrukhabad,9/4/2024
93321933,Xalak Sangha,wallawahab@example.net,Ozhukarai,3/17/2024
10508763,Anamika Issac,lbahri@example.org,Ratlam,12/14/2023
37362180,Praneel Mangat,pben@example.com,Visakhapatnam,8/17/2023
8881320,Tanmayi Sem,jsahota@example.com,Uluberia,10/24/2024
25447967,Udyati Sani,fsaha@example.com,Rajkot,9/4/2023
64197854,Krishna Ramanathan,bina08@example.com,Bellary,10/28/2023
34074184,Nakul Din,rajagopalisha@example.com,Bangalore,3/30/2024
95873651,Shivani Divan,matthewbal@example.org,Ballia,6/2/2024
90150193,Advik Rajan,siya35@example.com,Buxar,7/14/2023
39717448,Om Korpal,ssaraf@example.com,Jorhat,6/10/2023
63948546,Samesh Dass,prabhuforum@example.com,Bhubaneswar,1/18/2024
9900288,Jasmit Pall,waidarau@example.org,Gulbarga,1/9/2024
38496400,Dhruv Bakshi,mohinibhargava@example.com,Bathinda,3/25/2024
27692428,Warjas Tara,akshaydeshmukh@example.com,Chennai,5/29/2024
65903057,Krishna Shroff,anthonyparsa@example.org,Uluberia,4/13/2023
43990799,Indrajit Singh,raghav41@example.org,Dindigul,2/4/2024
42208242,Farhan Tata,dlal@example.org,Danapur,11/19/2023
44776601,Krisha Sood,dugalgayathri@example.net,Durg,5/13/2024
6724509,Guneet Brahmbhatt,hkale@example.org,Munger,4/7/2023
59222551,Urmi Parekh,duttabrijesh@example.org,Jamshedpur,8/5/2023
44888581,Rehaan Samra,rajata67@example.com,Ballia,3/28/2023
96729650,Yochana Ravel,rnagi@example.org,Ahmednagar,5/4/2024
39957741,Siddharth Sibal,ksinha@example.org,Bellary,11/5/2023
24104630,Jonathan Deo,tanvi11@example.org,Jaipur,1/14/2024
96434674,Yashawini Kota,jeet35@example.org,Anantapur,11/30/2023
14255231,Advika Taneja,kapoornikita@example.com,Surendranagar Dudhrej,6/18/2023
83412446,Libni Kunda,deovritti@example.net,Avadi,5/25/2023
11493380,Jhalak Peri,tbhatia@example.org,Madurai,4/20/2023
48821170,Hredhaan Bajaj,samaksh27@example.org,Jalgaon,10/9/2023
19145354,Shivani Deo,bathyashodhara@example.net,Rohtak,5/31/2023
76830090,Harshil Dey,kannantanvi@example.net,Panipat,4/4/2024
81808190,Qasim Sharma,rbarad@example.org,Bhusawal,7/6/2023
40986000,Charles Gara,ichada@example.net,Karnal,10/17/2023
60495351,Henry Rana,ebhakta@example.org,Srikakulam,4/24/2023
39261715,Reva Bhatnagar,ucchal41@example.com,Patna,12/27/2023
63793401,Frado Ramakrishnan,saniijaya@example.org,Kavali,3/24/2024
27746432,Eesha Rajagopal,solankiekaraj@example.net,Bangalore,7/29/2023
51670882,Krishna Hans,takbarkha@example.net,Dehradun,9/27/2024
61020,Onkar Suresh,rudradeshpande@example.com,Kurnool,7/27/2024
46802633,Champak Subramaniam,raagini83@example.com,Bettiah,2/18/2024
63083547,Aarav Mander,giriknarula@example.net,Jhansi,12/7/2023
17106161,Gagan Prabhakar,chaitanyaraman@example.net,Shimoga,5/1/2024
54797119,Anusha Patel,xkoshy@example.com,Bilaspur,12/19/2023
62721353,Jagdish Bora,warhi76@example.org,Danapur,10/12/2024
40587811,Jeevika Rajagopalan,manneoeshi@example.org,Adoni,12/15/2023
25520143,Rajata Ahuja,ozaayushman@example.com,Berhampur,1/23/2024
81377917,Nachiket Panchal,chaitaly28@example.org,Maheshtala,4/23/2023
49433260,Abhiram Wason,fdevan@example.com,Hospet,5/20/2024
40117357,Jai Murty,subramaniansanya@example.net,Imphal,3/20/2023
81102955,Pushti Naidu,darairya@example.org,Bhiwani,7/12/2024
40192266,Vasana Dhar,janimanbir@example.org,Bhopal,3/4/2024
51669263,Odika Manda,esekhon@example.com,Avadi,9/23/2023
85831746,Girindra Basak,madantripti@example.com,Bahraich,9/11/2023
97466783,Harita Mangat,jagat26@example.org,Kota,4/7/2023
23982977,Charita Rama,nadkarniyauvani@example.net,Salem,7/4/2023
79695653,Yash Hans,indrajit03@example.net,Sonipat,8/7/2023
83577942,Oviya Rau,suhanipandit@example.net,Shivpuri,8/11/2024
44149982,Tara Uppal,gbuch@example.net,Yamunanagar,8/16/2023
46686696,Wazir Seth,william12@example.com,Thoothukudi,3/2/2024
12184293,Dayita Mand,rudra41@example.net,Phagwara,6/16/2023
19084027,Mitesh Sehgal,ychakraborty@example.net,Unnao,7/30/2023
77559557,Akshay Varty,balendra63@example.com,Madurai,8/28/2023
34713143,Ganga Sabharwal,mugdhamannan@example.org,Jehanabad,8/3/2024
75073623,Yashvi Bansal,dasskabir@example.net,Kumbakonam,5/19/2024
12415659,Damini Wagle,omamol@example.net,Ambala,5/30/2024
5277675,Vansha Deol,hariaarna@example.net,Ghaziabad,10/22/2024
81420960,Warda Chanda,korpalomya@example.net,Hazaribagh,5/21/2023
97144544,Indali Toor,pdeep@example.org,Guna,8/13/2024
6856445,Meghana Mangal,abhimanyubala@example.com,Darbhanga,1/23/2024
70363568,Ekavir Sunder,siyengar@example.com,Shahjahanpur,8/3/2023
10019218,Elijah Brar,ikbalshukla@example.net,Parbhani,8/28/2023
12799092,William Sarkar,vsridhar@example.net,Unnao,5/19/2024
12507907,Maanas Dugal,warda81@example.net,Nangloi Jat,11/22/2023
29584848,Lucky Chada,devganesan@example.org,Dehri,10/3/2024
27955158,Abeer Kamdar,aaggarwal@example.net,Shivpuri,3/16/2024
13651980,Abhiram Basak,khalsaadweta@example.org,Ranchi,5/28/2023
90246977,Yuvraj Chacko,zinal84@example.org,Tiruchirappalli,5/5/2023
91614690,Chaman Yohannan,mugdhakakar@example.net,Nandyal,6/9/2023
92027021,Chatura Natt,jack25@example.com,Ballia,10/17/2024
11493300,Yatan Bedi,pranitratta@example.org,Durg,7/26/2024
77862447,Tejas Doshi,yashawini78@example.org,Bally,7/14/2023
47503133,Mitesh Rajan,nilima95@example.com,Chapra,10/26/2024
65745775,Aryan Mangal,fshan@example.org,Buxar,12/8/2023
89867195,Akshay Comar,qbarman@example.com,Tumkur,10/11/2023
6247821,Mekhala Vora,gardequincy@example.org,Panvel,7/15/2023
73393269,William Varughese,xsachar@example.org,Ajmer,6/11/2024
48716374,Chaman Merchant,fchaudhari@example.org,Hapur,5/1/2023
78614729,Finn Goswami,sethidaniel@example.org,Tiruvottiyur,9/5/2024
20238921,Shivani Kumer,ubhargava@example.com,Thiruvananthapuram,9/29/2023
84066402,Lucky Dar,amrutadixit@example.com,Amritsar,10/11/2023
60271325,Michael Chopra,harshdalal@example.org,Malegaon,5/8/2024
40692378,Chatresh Rastogi,xiti56@example.org,Jabalpur,9/13/2024
469006,Shivansh Loyal,darikaperi@example.net,Begusarai,8/21/2023
41811800,Sneha Bahl,advaygolla@example.org,Jaunpur,10/10/2023
87107263,Lakshmi Arora,parmarvansha@example.org,Vijayawada,10/2/2024
89619421,Urvi Maharaj,imaran14@example.com,Rajpur Sonarpur,11/2/2023
62828341,Darika Deol,xbakshi@example.net,Howrah,6/27/2024
55738118,Jagrati Badami,ovenkataraman@example.com,Hapur,12/29/2023
2684440,Hamsini De,yashodharaanne@example.org,Ranchi,9/5/2023
77811864,Urvashi Iyengar,yadaviwali@example.com,Miryalaguda,9/10/2023
43052303,Girik Mutti,rajanathan@example.com,Eluru,6/21/2023
24478397,Jairaj Gill,vivaanagarwal@example.org,Bidar,3/28/2024
22846435,Jackson Shenoy,gopalkrishnamurthy@example.net,Tezpur,7/15/2023
32868927,Anjali Lala,maanasgarg@example.org,Karimnagar,4/13/2023
88312515,Kiaan Chhabra,peter83@example.com,Gandhinagar,2/5/2024
33741801,Girindra Nadig,quincy72@example.com,Ratlam,1/27/2024
29502852,Andrew Vasa,aarush91@example.org,Dibrugarh,8/28/2024
75464725,Chavvi Sibal,ishanibahl@example.com,Sambhal,12/2/2023
88745052,Leena Zacharia,krishnaprabhu@example.org,Kumbakonam,4/12/2024
50632192,Omkaar Mander,tanvi84@example.org,Nadiad,3/17/2023
81655250,Kashvi Rege,gnanda@example.org,Madurai,7/4/2023
29858395,Patrick Rout,aayushpal@example.net,Hospet,9/3/2024
56572297,Rachita Wali,shivanimody@example.org,Ulhasnagar,10/2/2024
18140588,Orinder Malhotra,samarth50@example.org,Jalna,7/4/2024
74352908,Ishaan Chad,wishinagarajan@example.com,Guntakal,3/31/2024
37633848,Samuel Banerjee,shettyfaris@example.com,Kharagpur,8/27/2023
19180962,Osha Varghese,pjohal@example.org,Kalyan-Dombivli,7/5/2024
75739462,Vasana Ganesh,xsarma@example.org,Satna,6/23/2024
47926198,Bhavini Kulkarni,elijah77@example.net,Nandyal,2/4/2024
57809174,Girindra Dara,hemalad@example.org,Lucknow,4/12/2024
21786873,Balhaar Ramesh,andraidika@example.com,Lucknow,3/7/2024
32564478,Ekbal Dubey,wsrinivasan@example.com,Kishanganj,6/24/2024
41168392,Sneha Rajagopalan,kamalacontractor@example.com,Silchar,1/10/2024
40305293,Tejas Parmer,waglevedhika@example.com,Bhatpara,9/1/2024
91562028,Ayaan Kashyap,sachdevishwar@example.org,Noida,10/9/2024
5754255,Radha Rana,kritika79@example.org,Mango,11/12/2023
73891999,Vinaya Khatri,zarnakala@example.org,Sambalpur,7/22/2024
91500615,Varenya Vala,nakul89@example.org,Parbhani,7/27/2024
79742293,Faris Mohanty,udarsh64@example.com,Hajipur,2/11/2024
71902700,Qarin Nazareth,garimaraju@example.com,Bhind,2/5/2024
78267238,Luke Bala,wdubey@example.org,Warangal,7/7/2024
16780752,Avi Soman,routdiya@example.com,Begusarai,12/7/2023
91312072,Joshua Rana,mkakar@example.net,Jalna,4/20/2024
28458746,Dalaja Borde,murtybhavani@example.net,Bulandshahr,9/14/2023
57770044,Zarna Master,xalak26@example.net,Ajmer,11/19/2023
2234490,Amara Gala,gangasanghvi@example.com,Singrauli,8/7/2024
76202036,Ishita Patla,omajawali@example.com,Gwalior,3/11/2024
45112520,Anamika Hayre,eeshaganesan@example.net,Rajahmundry,6/30/2024
30116949,Harshil Pathak,janakisaraf@example.com,Nadiad,8/23/2023
16640907,Anjali Choudhary,indira18@example.com,Bhagalpur,10/5/2024
44174426,Girindra Nair,wazirsanghvi@example.org,Salem,7/2/2024
13939675,Edhitha Lal,mukherjeejai@example.net,Amroha,4/5/2024
33394166,Dakshesh Lad,panditkritika@example.com,Surendranagar Dudhrej,10/3/2024
45323391,Viraj Kota,sampathosha@example.org,North Dumdum,3/24/2024
71411879,Aarav Mukherjee,handaeshana@example.org,Etawah,10/23/2024
13585482,Meera Dara,sodhibachittar@example.org,Buxar,7/6/2023
40434527,Liam Nigam,advay02@example.net,Vellore,6/27/2024
59830126,Raghav Iyengar,fborde@example.org,Howrah,10/28/2024
12622901,Januja Kaul,dhaliwaljagdish@example.com,Bareilly,8/7/2024
3897936,Maanav Singh,unnikarpe@example.com,Pudukkottai,9/26/2023
48281892,Teerth Mukherjee,toordakshesh@example.org,Vellore,4/11/2023
33370343,Yachana Bava,ohans@example.com,Ratlam,7/7/2024
40877127,Falak Sarraf,ydas@example.com,Ludhiana,7/31/2023
75081265,Gaurav Luthra,mohantygautam@example.net,Nizamabad,5/4/2023
92118758,Yadavi Bhatt,ranbirchaudhry@example.com,Gorakhpur,1/3/2024
66766629,Harita Mander,ayushwalla@example.org,Gulbarga,2/22/2024
89686431,Eta Dani,pushti67@example.org,Dharmavaram,8/14/2024
88517890,Anvi Swaminathan,duttirya@example.net,Nizamabad,8/14/2024
69761993,Udant Kade,lila77@example.net,Gangtok,8/6/2024
11562458,Parth Raghavan,bhargavaeshana@example.org,Firozabad,11/16/2023
57892837,Thomas Bail,zarnasandhu@example.net,Bally,3/22/2024
85474732,Waida Lanka,banikgirik@example.net,Allahabad,1/1/2024
62541176,Yutika Andra,boaseonkar@example.com,Tirupati,8/26/2024
31940833,Urmi Amble,anita28@example.net,Karawal Nagar,7/31/2023
76212152,Mitali Kapoor,ektabava@example.com,Agra,10/11/2024
42366724,Quincy Kari,gopaldugar@example.org,Saharanpur,7/27/2023
54619715,David Cherian,imaran51@example.com,Panchkula,10/27/2024
24896263,Nachiket Prasad,dorafalan@example.net,Amroha,6/21/2024
5700842,Waida Trivedi,garimashere@example.net,Amravati,9/11/2024
73799927,Tamanna Kashyap,ldin@example.net,Ambala,4/28/2023
12867472,Ishanvi Tripathi,yohannanubika@example.net,Mehsana,10/14/2024
97315135,Bhavini Parikh,parth29@example.com,Shivpuri,1/3/2024
48150243,Ekaja Dube,ahluwaliasaumya@example.net,Delhi,11/27/2023
19556566,Yashica Doctor,yachanachokshi@example.com,Tiruvottiyur,11/1/2023
59240916,Ronith Murthy,jgulati@example.com,Faridabad,8/19/2023
61002154,Ridhi Datta,basakyashodhara@example.net,Imphal,6/16/2023
81584486,Orinder Kurian,cnazareth@example.net,Hazaribagh,1/24/2024
41494867,Kalpit Gulati,uppaldipta@example.net,Bongaigaon,12/4/2023
75908967,Hemang Sama,qcontractor@example.com,Yamunanagar,6/3/2023
38902882,Ria Dugar,craval@example.org,Firozabad,3/10/2024
52048413,Keya Balakrishnan,parikhsamesh@example.org,Jalna,10/4/2023
99412119,Samarth Sachar,cmurty@example.net,Agartala,5/24/2024
47625855,Caleb Brar,eeshanigam@example.com,Mango,5/21/2023
19393135,Nathaniel Gokhale,ekanta98@example.net,Bidhannagar,6/11/2023
87669943,Ikshita Rajagopalan,rsethi@example.org,Nandyal,4/2/2023
90586443,Baljiwan Pandey,vmitra@example.org,Ambala,8/30/2023
15066187,Vedant Keer,jalsadube@example.com,Jammu,3/19/2023
78806824,Yashawini Vasa,ekaraj06@example.org,Guntakal,1/8/2024
59110513,Chaaya Mody,choudharyjagrati@example.org,Raebareli,6/16/2023
64823226,Vasudha Sheth,ramanathanridhi@example.org,Tirupati,4/8/2023
49529811,Zayyan Swaminathan,liam57@example.net,Pimpri-Chinchwad,5/16/2024
18199057,Xalak Sahni,biswasfalak@example.net,Ratlam,5/30/2023
17805991,Jhalak Rai,panditdev@example.net,Dhule,5/9/2024
56441247,Aashi Narula,girindrachar@example.com,Meerut,6/2/2024
91228580,Ojasvi Yadav,hiteshsekhon@example.net,Mangalore,5/29/2024
35435896,Abhiram Tiwari,rachana11@example.net,Dehradun,9/8/2023
6867315,Yash Lata,xchhabra@example.net,Imphal,8/31/2024
54837637,Nathaniel Som,bvora@example.org,Ichalkaranji,9/1/2023
76257013,Lavanya Loyal,gkothari@example.net,Mango,8/2/2023
11478478,Vedika Dugal,sroy@example.org,Ahmednagar,10/31/2023
91347159,Turvi Parikh,wdua@example.org,Pallavaram,6/23/2024
6982488,Vanya Sachdev,shivani04@example.com,Jalna,1/11/2024
38327793,Yug Brar,wallachandran@example.net,Nandyal,5/4/2024
64722323,Harish Kant,tamannamody@example.com,Dibrugarh,5/14/2023
19523856,Aryan Sood,shettykashish@example.net,Thoothukudi,11/2/2023
8628482,Krishna Mani,joshioviya@example.com,Bhiwandi,12/30/2023
58979427,Kiaan Wason,chaudhrysuhani@example.com,Jalna,1/22/2024
26716400,Yamini Dey,neelima32@example.com,Morena,7/12/2023
89998489,Logan Bhasin,chadaforum@example.org,Rajkot,10/26/2024
15808945,Vrinda Khurana,wsekhon@example.com,Gangtok,4/10/2024
60728956,Andrew Nigam,nitara58@example.net,Khandwa,6/26/2023
25430839,Ria Nair,azad16@example.org,Vellore,9/15/2023
80935110,Oscar Bir,kpant@example.net,Tumkur,7/14/2023
70965437,Ayush Lanka,tpradhan@example.com,Alwar,3/22/2024
53557741,Robert Shroff,ojas02@example.net,Hospet,10/30/2024
12832151,Ekavir Bhalla,ksehgal@example.net,Baranagar,7/12/2023
188838,Idika Basu,deepakhanna@example.com,Madanapalle,7/16/2024
56780331,Vinaya Atwal,niharikasuresh@example.net,Gaya,4/18/2024
43574734,Falak Magar,daliajack@example.net,Rourkela,5/11/2024
53392567,Darika Banerjee,chadhapallavi@example.net,Aligarh,4/16/2024
20310720,Samaksh Chaudhuri,cheriankrishna@example.net,Bhubaneswar,4/3/2023
59427862,Hemani Lall,libnikaur@example.net,Erode,10/10/2024
99695529,Charvi Tripathi,srivastavalipika@example.net,North Dumdum,4/11/2023
1134585,Bhavani Rau,uppalvrishti@example.com,Ghaziabad,2/6/2024
65488134,Faqid Kar,naveen31@example.net,Agra,4/28/2023
96461062,Udarsh Lal,jhalak01@example.com,Hosur,5/29/2023
57637943,Kiaan Kala,krish70@example.org,Amroha,3/13/2024
49371494,Zansi Banik,lohit10@example.net,Kanpur,12/14/2023
75038062,Udarsh Bail,maharajhredhaan@example.com,Avadi,5/18/2024
17299810,Hamsini Krish,balendrasanghvi@example.com,Kadapa,3/4/2024
82032191,Benjamin Bhatnagar,qarin38@example.org,Satara,2/20/2024
52417972,Nisha Chadha,rmishra@example.net,Madhyamgram,3/6/2024
9049965,Ishani Kalla,wakeetachaudhary@example.org,Raichur,4/3/2024
70420271,Ryan Ratta,amolkadakia@example.com,Bhusawal,12/9/2023
19536688,Parth Ramaswamy,thakurvasatika@example.org,Tiruppur,9/19/2023
72359843,Leena Kala,rrai@example.com,Kalyan-Dombivli,9/24/2024
9981089,Ikbal Hari,madhav05@example.net,Proddatur,10/5/2023
62510499,Pratyush Trivedi,nswaminathan@example.org,Kozhikode,8/14/2024
34835738,Vrinda Mutti,wableyashoda@example.net,Jalna,8/13/2023
9641623,Samarth Chander,bailfalguni@example.net,Kota,9/23/2023
60275891,Anmol Chandra,aaravgala@example.com,Amaravati,10/1/2024
78750264,Krishna Choudhry,raksha27@example.com,Ratlam,9/19/2024
18986315,Adweta Wason,shaamol@example.net,Bidhannagar,4/5/2023
10945990,Frado Keer,chandrananita@example.net,Burhanpur,3/25/2024
1601161,Chanchal Thakur,faras36@example.com,Amaravati,5/24/2024
6390687,Shivansh Dasgupta,watika26@example.net,Alwar,8/23/2024
63092485,Jeet Magar,hemanikalla@example.net,Alappuzha,6/23/2024
38244021,Samaksh Oza,sankaransara@example.net,Chapra,4/22/2024
44859592,Dhriti Koshy,urmi61@example.net,Proddatur,10/5/2023
87984862,Qasim Kant,qbandi@example.net,Yamunanagar,11/21/2023
86067293,Udarsh Gour,neelima84@example.net,Sambalpur,6/7/2023
41164215,Lucky Savant,lakshminaidu@example.org,Secunderabad,3/23/2023
46025543,Rachit Chatterjee,zayan61@example.org,Kottayam,11/25/2023
33481252,Ishaan Naidu,vedika57@example.net,Noida,8/18/2024
68692574,Bachittar Wagle,lajita90@example.net,Bharatpur,8/7/2024
34839913,Gaurika Dayal,vyanjana32@example.net,Belgaum,8/12/2024
88923048,Nandini Narula,michaelyogi@example.com,Agra,7/23/2024
21201299,Ladli Hegde,girikprashad@example.org,Unnao,5/27/2024
34281470,Yash Johal,deygautam@example.com,Kharagpur,1/10/2024
72576730,Girik Kala,sarthak86@example.net,Chennai,2/17/2024
90856813,Neha Ramaswamy,pkeer@example.org,Dhanbad,10/5/2024
81500385,Upma Gokhale,sara91@example.net,Ludhiana,11/5/2023
22974816,Ekantika Muni,naikyatin@example.org,Bhusawal,1/8/2024
20496835,Chandresh Panchal,qpanchal@example.com,Alwar,12/1/2023
38549299,Ati De,thakkarpushti@example.net,Asansol,8/14/2023
78014505,Kashish Chakraborty,pkala@example.com,Kottayam,4/9/2023
64940409,Yoshita Divan,deshmukhaahana@example.com,Gurgaon,9/6/2024
30042971,Garima Morar,ubikaoak@example.com,Rewa,10/12/2024
74682740,Aarush Badami,vradhakrishnan@example.org,Rewa,6/17/2024
84824280,Kamya Narayan,bhavyabakshi@example.com,Ongole,5/9/2024
85907588,Avni Rai,ybarad@example.org,Rampur,3/13/2024
6637282,Damini Lad,chandanikhatri@example.org,North Dumdum,10/31/2023
21432404,Darika Sharaf,mpalla@example.net,Kalyan-Dombivli,2/15/2024
87954926,Yachana Mahal,raghavansanaya@example.com,Ambala,2/7/2024
29941225,Oviya Bhandari,luke76@example.net,Chapra,6/25/2024
68906393,Zilmil Ranganathan,mahalabha@example.net,Jalgaon,6/13/2024
94486311,Ladli Mani,chatterjeeimaran@example.com,Chittoor,8/17/2023
28221067,Ekansh Tandon,isen@example.org,Agra,10/21/2024
3872421,Ladli Saran,virkfalak@example.com,Panvel,7/6/2023
77921718,Raghav Bassi,wsood@example.org,Thrissur,11/21/2023
6187807,Jairaj Tata,paivritti@example.net,Dindigul,8/24/2023
96795047,Osha Desai,rachitabehl@example.org,Chittoor,5/3/2024
44198187,Charvi Lanka,vrishti63@example.com,North Dumdum,3/16/2024
94730288,Idika Bath,yuglall@example.net,Rampur,7/4/2023
49769532,Yashawini Barman,gbath@example.net,Ramagundam,5/25/2023
93730857,Pratyush Goyal,gabrielghosh@example.net,Singrauli,3/11/2024
51556553,Hitesh Bakshi,sunderkrish@example.org,Noida,2/5/2024
22253483,Chandresh Hora,geetikadave@example.net,Haridwar,9/27/2023
4438410,Siya Mittal,kdara@example.net,Panipat,10/17/2024
44410149,Dhruv Patel,brarmitesh@example.net,Pondicherry,5/18/2023
3282647,Warda Pal,csinha@example.net,Unnao,1/15/2024
69340015,Aryan Ravel,garasara@example.com,Tenali,10/31/2023
29600229,Tamanna Borde,hyadav@example.net,Gulbarga,1/14/2024
89886179,Ladli Shah,tarakbahri@example.net,Kharagpur,2/10/2024
12077371,Gautami Maharaj,david51@example.org,Sambalpur,10/9/2023
84216691,Ayaan Sanghvi,amrita48@example.net,Saharanpur,3/26/2023
90666073,Pratyush Dhar,qadimtak@example.org,Farrukhabad,12/10/2023
21577948,Madhav Johal,venkateshchatura@example.org,Ahmednagar,11/2/2023
32635818,Panini Natt,amara35@example.org,Loni,3/16/2024
98444183,Radha D’Alia,gbansal@example.net,Tenali,2/4/2024
43047341,Unnati Wali,tmand@example.net,Jaunpur,9/19/2023
52617081,Max Mander,nitesh99@example.net,Raurkela Industrial Township,7/31/2024
60371334,Shaurya Kuruvilla,anvisharma@example.net,Purnia,5/5/2023
34425723,Vasatika Saini,prisha41@example.net,Saharanpur,9/10/2023
64298209,Girindra Sangha,balayvasana@example.org,Jodhpur,6/15/2023
85518832,Alexander Sem,michaelsami@example.net,Tezpur,7/26/2023
42432226,Gaurang Mitra,smuni@example.net,Gandhinagar,8/3/2023
50953418,Samaksh Kannan,ssrinivasan@example.net,Rajpur Sonarpur,3/27/2023
52428250,Thomas Rai,ansh09@example.com,Bulandshahr,9/11/2023
60210778,Upasna Bhasin,chandran47@example.org,Motihari,4/14/2024
92209869,Bishakha Shah,rhora@example.net,Jhansi,10/3/2023
46828932,Balveer De,nachiketdewan@example.net,Eluru,4/30/2023
83304462,Diya Loyal,cheriannaksh@example.com,Jamnagar,1/26/2024
46875863,Charita Anne,rajeshri43@example.net,Bidar,10/14/2023
36774480,Ria Jha,alkaseth@example.com,Gandhidham,9/15/2024
18896771,Tejas Wable,edhitha15@example.org,Ramagundam,5/17/2023
89669139,Bishakha Natarajan,egoyal@example.com,Tiruppur,3/19/2023
81337068,Ira Kapur,benjamintara@example.org,Thiruvananthapuram,1/28/2024
75082508,Omaja Bajwa,chanchaltara@example.org,Navi Mumbai,1/10/2024
84847500,Teerth Mohanty,wbrar@example.org,Bally,8/1/2024
79942821,Tristan Pillay,vvora@example.org,Madhyamgram,9/5/2023
62679120,Ekansh Padmanabhan,jalsa70@example.org,Siwan,9/3/2024
54850870,Jatin Magar,ganesanshaurya@example.com,Panipat,4/14/2024
50105174,Tanveer Baria,nvora@example.com,Malda,9/8/2023
45700739,Luke Dar,madhavi20@example.net,Visakhapatnam,8/7/2024
25081012,Mohammed Oak,bhavanikara@example.net,Baranagar,12/24/2023
57566548,Oliver Tella,vasudhasawhney@example.com,Arrah,5/4/2023
49449238,Omaja Mukhopadhyay,onarayan@example.com,Dindigul,6/28/2024
31156674,Aarav Jaggi,golalila@example.net,Jamnagar,4/7/2024
50088518,Osha Lata,divyasangha@example.com,Dewas,5/16/2023
75836905,Ganga Gill,dixitgabriel@example.org,Ongole,12/7/2023
86487478,Ojas Gour,qarin92@example.net,Machilipatnam,1/9/2024
93370787,Oni Sahota,mallmichael@example.org,Jehanabad,10/16/2024
16400639,Anvi Dutta,btailor@example.com,Pallavaram,9/3/2023
87943214,Samar Basak,kalabaljiwan@example.net,Tiruvottiyur,9/2/2024
21409946,Ayushman Agrawal,vohraurishilla@example.com,Bhilwara,3/22/2024
56604077,Yutika Pandit,shivanshdesai@example.com,Ghaziabad,1/11/2024
88571088,Keya Krishnan,raghavannisha@example.net,Bulandshahr,10/16/2024
54099929,Devika Hans,randhawadamini@example.net,Karnal,10/22/2023
68714053,Max Boase,tbutala@example.net,Nanded,7/19/2024
5751638,Xiti Wagle,darshmunshi@example.net,Aligarh,9/11/2024
43431724,Jack Kalita,calebdewan@example.com,Rohtak,11/26/2023
81136091,Yuvraj Chander,ichadha@example.net,Nanded,3/27/2024
38671747,Falan Acharya,varenya53@example.com,Rajahmundry,11/5/2023
23095784,Alka Mitra,mallshivani@example.net,Bathinda,5/30/2023
91291123,Qarin Sama,fzacharia@example.org,Etawah,2/10/2024
10729474,Gautami Pingle,oliverraman@example.org,Howrah,10/19/2023
96373206,Garima Magar,geramitesh@example.com,Indore,6/24/2023
93198324,Bhavya Dutta,kdugar@example.org,Thane,11/19/2023
95590889,Janani Purohit,atharvgaba@example.net,Kharagpur,6/23/2023
85177880,Aryan Sridhar,munipeter@example.com,Bardhaman,1/27/2024
10524732,Bhavna Ramesh,esingh@example.org,Rajahmundry,11/16/2023
22931642,Lajita Ghosh,fmukhopadhyay@example.net,Ambala,10/3/2024
5901440,Faris Chopra,waida01@example.org,Sambhal,5/16/2024
6617417,Pavani Talwar,elijah70@example.net,New Delhi,10/8/2024
92306841,Dakshesh Kalita,balhaarbath@example.com,Rampur,2/9/2024
89361574,Nakul Goyal,matwal@example.net,Deoghar,10/20/2023
93723634,Aditya Swamy,gaurangarya@example.org,Berhampur,3/16/2023
75490147,Parth Chad,georgebala@example.org,Vadodara,3/17/2023
45650429,Zehaan Soni,kantchasmum@example.net,Ramgarh,3/30/2023
59323931,Ridhi Yadav,speri@example.net,Bijapur,8/24/2024
77397957,Sachi Dubey,vbarman@example.com,Coimbatore,2/14/2024
23976957,Ryan Sawhney,advikram@example.com,Visakhapatnam,8/31/2023
70543108,Baljiwan Sampath,edwinkamala@example.com,Rajahmundry,9/20/2024
20689141,Maya Yohannan,yatandhawan@example.net,Korba,5/25/2024
72797139,Ucchal Kapoor,kantcaleb@example.net,Dhule,7/17/2023
75467328,Warhi Ravel,priyakar@example.com,Siliguri,4/7/2023
69276352,Jason Goel,rachit92@example.net,Mysore,5/20/2023
39876773,Hardik Sethi,atwaldominic@example.org,Mirzapur,10/21/2024
36998375,Yatin Mammen,william17@example.net,Tirupati,5/29/2024
97185284,Jeevika Nayar,pallavidhi@example.com,Haldia,11/7/2023
23126356,Oliver Kaur,fmurty@example.org,Bhopal,5/29/2024
93803038,Adweta Tara,chowdhuryyashasvi@example.org,Dhule,10/14/2024
1697604,Arjun Deep,vedant34@example.net,Bongaigaon,7/24/2023
53332493,Anirudh Bose,kamya09@example.org,Surendranagar Dudhrej,6/30/2023
35812567,Xalak Sood,khuranaurmi@example.com,Bikaner,6/25/2024
74172010,Urvi Rajagopalan,singhallohit@example.net,Tadipatri,5/8/2023
89157395,Tanmayi Saraf,doctorpraneel@example.com,Fatehpur,9/28/2024
79991320,Ojas Bawa,tnagi@example.net,Kumbakonam,3/25/2024
15568831,David Swamy,shroffpranav@example.com,Jammu,10/6/2023
46563355,Zehaan Srinivasan,sathvikmane@example.net,Ajmer,2/15/2024
9278983,Madhav Guha,wahab65@example.org,Bathinda,2/23/2024
70168151,Akshay Dubey,toorharinakshi@example.net,Jamalpur,9/17/2024
96149069,Omisha Pall,jhabhavya@example.com,Ozhukarai,5/13/2024
22822088,Baghyawati Wadhwa,atwalabhiram@example.com,Amravati,8/5/2023
1449273,Forum Deol,pgarg@example.org,Pondicherry,12/6/2023
97388817,Yahvi Bala,vkant@example.org,Bathinda,6/16/2024
18567760,Ethan Natarajan,semnakul@example.net,Fatehpur,5/28/2024
12695670,Anya Borde,qahuja@example.net,Jaipur,9/25/2023
33871107,Aarav Rout,vermachaaya@example.com,Thiruvananthapuram,11/2/2024
49869358,Varenya Nigam,ekiya67@example.com,Dharmavaram,5/3/2024
96806748,Qabil Nath,kritikaganesh@example.net,Bareilly,10/19/2024
82948843,Nathan Seth,hamsinipanchal@example.com,Phusro,5/17/2023
79866758,Chavvi Dhar,fbakshi@example.net,Malda,4/13/2023
9335625,Falguni Sangha,sudiksha34@example.org,Coimbatore,7/27/2024
28876580,Udant Doshi,pradhanzayyan@example.org,North Dumdum,12/18/2023
91768226,Vansha Walia,bhavikagour@example.net,Bardhaman,11/9/2023
56457995,Turvi Venkataraman,anya55@example.com,Amroha,1/1/2024
23844919,Jagvi Bhatt,hmannan@example.org,Bhagalpur,7/25/2024
81088747,Peter Wagle,bhattshravya@example.net,Ujjain,6/14/2024
85854265,Vasatika Naidu,amerchant@example.net,Vijayanagaram,6/7/2024
73363613,Aradhana Bala,bumbanjali@example.net,Gopalpur,4/14/2023
64141971,Madhavi Jaggi,eswamy@example.org,Anantapur,6/20/2023
70867736,Madhavi Nagarajan,harijeremiah@example.com,Ambattur,5/29/2024
52678787,Zashil Salvi,amruta16@example.org,Ghaziabad,1/29/2024
27586115,Maanas Batra,aarinisoni@example.com,Jamnagar,11/25/2023
92404798,Gautami Dayal,bosearyan@example.net,Jorhat,3/29/2023
55170753,Praneel Nagy,gchauhan@example.net,Miryalaguda,5/27/2024
19182548,Laban Kulkarni,balhaarsastry@example.net,Bijapur,3/22/2023
67701771,Gaurav Sodhi,nsibal@example.net,Mathura,11/14/2023
75828735,Yahvi Hegde,ctripathi@example.net,Ramagundam,5/5/2023
2219590,Upadhriti Sandhu,comarmugdha@example.org,Solapur,9/24/2024
64497538,Libni Chadha,vyaswaida@example.net,Bongaigaon,1/5/2024
48033969,Kavya Kunda,ramalaksh@example.net,Baranagar,8/16/2023
67708491,Dalbir Kata,triyaswamy@example.com,Patiala,10/12/2024
80858127,Rachana Chaudhry,ybal@example.com,Raichur,8/1/2024
28280172,Gaurang Dutta,johalekbal@example.org,Amravati,6/19/2023
6398761,Kabir Kala,pallafaris@example.com,Naihati,8/10/2024
69749541,Ayush Amble,vedika87@example.net,Satara,6/6/2023
57474553,Damini Sule,ukrishnan@example.net,Moradabad,9/6/2023
37551429,Diya Chand,tbaria@example.net,Khandwa,3/22/2023
949062,Jackson Karpe,sembhavika@example.net,Mau,10/13/2023
74174956,Hemani D’Alia,kashvisharaf@example.org,Latur,9/26/2024
55007963,Darika Borah,dominic54@example.com,Chennai,8/30/2023
64017365,Vasatika Banerjee,warjaschanda@example.net,Delhi,5/22/2024
26199489,Aarna Gola,hemang36@example.org,Serampore,7/15/2024
7288562,Triya Singhal,arjun79@example.org,Dewas,6/14/2023
78394303,Alexander Kata,krishnaupkaar@example.com,Bilaspur,7/31/2023
43518622,Pooja Gole,yutika87@example.com,Jaunpur,5/20/2024
60967677,Chatura Sandhu,alexander15@example.org,Agartala,5/3/2023
35144658,Tristan Gulati,bakshielijah@example.com,Bilaspur,1/27/2024
37054866,Avi Sodhi,guhawarjas@example.net,Guntur,4/30/2024
3100301,Wazir Saini,ishani86@example.com,Bathinda,6/19/2023
62194279,Lavanya Rastogi,krishnannetra@example.com,Mysore,9/29/2023
43599910,Oviya Swaminathan,nazarethnaksh@example.com,Sambhal,10/3/2024
36222767,Alka Behl,revakrishna@example.net,Mango,5/12/2023
91320466,Laban Raju,ryandyal@example.net,Yamunanagar,10/15/2023
30468930,Nirja Manda,chavvisavant@example.com,Gandhinagar,5/24/2024
45503888,Brinda Natarajan,udeol@example.org,Raurkela Industrial Township,5/18/2023
85340038,Faris Oza,goswamialexander@example.com,Noida,8/17/2023
13796199,Pallavi Mutti,gangulylogan@example.com,Deoghar,5/4/2023
10769994,Tripti Tandon,aradhana79@example.org,Begusarai,5/7/2023
65406127,Anita Ganguly,yutika10@example.org,Nangloi Jat,6/15/2024
8383197,Nikita Ravi,wriddhishgoda@example.net,Tiruppur,10/17/2023
8384106,Urishilla Upadhyay,enagi@example.net,Hubli–Dharwad,8/3/2023
27698051,Mitesh Savant,indalimane@example.net,Gandhinagar,7/30/2023
56352626,Liam Palan,shravya32@example.org,Nagercoil,6/29/2023
41194825,Mekhala Shah,patlaanjali@example.com,Singrauli,10/26/2023
62526567,Chaman Karan,azaankunda@example.net,Chittoor,7/1/2023
67277562,Arunima Borde,nkurian@example.org,Ghaziabad,11/20/2023
48228547,Anika Baria,triyasinha@example.org,Katihar,7/13/2024
36578947,Ekansh Madan,gdeep@example.org,Ranchi,4/8/2023
21701991,Wazir Hari,ydevan@example.net,Allahabad,10/5/2023
20469626,Tanish Ghose,barkhasawhney@example.net,Guntakal,12/26/2023
20314691,Raksha Bhattacharyya,indrajitvarkey@example.net,Salem,7/17/2024
91778474,Sai Raman,jeremiah38@example.org,Kalyan-Dombivli,2/25/2024
83964902,Jeremiah Keer,mohini14@example.org,Bhimavaram,11/10/2023
92455970,Bhavna Chada,rbakshi@example.org,Navi Mumbai,6/13/2024
52001314,Libni Manda,zarnagrewal@example.com,Kota,4/14/2024
72917958,Guneet Sampath,qswamy@example.net,Sirsa,12/19/2023
88739922,Harrison Yogi,borraqadim@example.com,Madurai,3/27/2024
59297955,Charita Mistry,anirudh92@example.com,Orai,2/26/2024
99490786,Ayush Biswas,frederickkale@example.org,Kishanganj,9/23/2023
54877984,Ubika Basak,ayaan26@example.org,Visakhapatnam,5/9/2023
62243869,Vrishti Thakkar,gaurangiparmer@example.org,Raebareli,9/24/2024
19067680,Rajata Mall,qarin71@example.org,North Dumdum,12/29/2023
61753272,Ojasvi Dash,widisha91@example.net,Anantapur,8/20/2024
34567918,Meghana Ranganathan,laban62@example.net,Latur,10/9/2024
20163931,Gautami Doshi,vedhika55@example.net,Kumbakonam,8/5/2024
69088723,Triveni Nori,yvaidya@example.com,Hapur,10/12/2024
27620326,Chasmum Sahni,grovercharan@example.com,Tezpur,7/17/2024
71321741,Adya Virk,chakrikakrishna@example.com,Saharsa,2/27/2024
10855630,Anya Rajagopal,sbajwa@example.org,Rajahmundry,6/3/2024
24137201,Jyoti Grewal,dattaeesha@example.net,Haridwar,9/22/2024
31776996,Bhavya Shankar,bavakai@example.com,Madanapalle,4/13/2024
48167795,Charita Kapoor,anaybalan@example.net,Visakhapatnam,11/28/2023
62419778,Frederick Subramaniam,girish83@example.com,Jamnagar,8/23/2024
75510747,Shaurya Luthra,yachana38@example.com,Fatehpur,3/18/2024
99406165,Yadavi Tiwari,karanmemon@example.com,Purnia,1/12/2024
84572019,Jagrati Baral,vasudhagara@example.net,Burhanpur,11/15/2023
70391758,Meghana Palan,eiravatiraval@example.net,Tezpur,6/9/2023
5135207,Xalak Mittal,libnikonda@example.com,Moradabad,8/24/2023
60834500,Rishi Jain,bathanirudh@example.org,Khammam,10/28/2024
96629034,Raghav Nayak,bchahal@example.org,Hyderabad,4/27/2024
5418547,Qushi Devi,swaminathanshaurya@example.org,Pune,8/27/2023
32540616,Jairaj Sehgal,bumblaban@example.net,Nellore,3/21/2024
70798876,Amaira Sane,jeetkale@example.net,Dhanbad,10/4/2024
79895967,Hema Luthra,omfalan@example.net,Chennai,5/5/2024
44477365,Nihal Buch,sandhuwarjas@example.net,Katihar,7/8/2024
72889295,Samuel Pal,banikyadavi@example.org,Sasaram,5/7/2024
66886852,Ubika Chand,advay03@example.org,Korba,3/24/2024
9195970,Riya Uppal,sunderabhimanyu@example.com,Karawal Nagar,6/21/2024
60049160,Abdul Nayak,saanvi74@example.org,Bardhaman,9/10/2023
61522288,Gunbir Kala,balendratak@example.com,Tiruppur,7/2/2023
90448312,Chandani Tata,raiishanvi@example.net,Panihati,5/21/2024
86748343,Faris Pillay,anusharatti@example.net,Sultan Pur Majra,3/10/2024
91791128,Warda Mand,aptejagdish@example.com,Allahabad,3/18/2024
57548210,Alka Varughese,subramaniankrishna@example.org,Erode,9/29/2024
5369136,Yasti Wagle,pantmaanas@example.com,Ambala,9/11/2024
54038173,William Palan,mekhalapant@example.net,Jehanabad,11/24/2023
67528368,Anay Rana,sundersaksham@example.org,Suryapet,4/16/2023
25981385,Chasmum Deol,kala09@example.com,Kakinada,10/7/2023
10088428,Tara Raghavan,vwalia@example.net,Khammam,1/16/2024
57833505,Pooja Nadkarni,parmarvasatika@example.org,Thrissur,1/10/2024
69416782,Gagan Goel,abhalla@example.com,Bijapur,6/21/2024
2114782,Brinda Jha,bhardwajwyatt@example.com,Solapur,5/29/2023
40323385,Kai Sami,leela55@example.net,Bikaner,11/17/2023
2414265,Ayushman Bala,tkonda@example.net,Sultan Pur Majra,10/19/2023
21626705,Ekani Dubey,mittergunbir@example.org,Bongaigaon,11/27/2023
8351747,Darika Kaul,tankjeremiah@example.com,Khammam,9/13/2024
67046342,Sanya Chacko,warriorqasim@example.com,Vadodara,9/11/2023
6344788,Max Mandal,sanya24@example.com,Bareilly,2/15/2024
625395,Leena Loyal,devanshwalia@example.org,Siliguri,3/27/2024
33533919,Anamika Ghosh,lakshit76@example.org,Gulbarga,10/22/2024
58974323,Reva Bhavsar,chaudharychaitaly@example.com,Burhanpur,6/12/2024
10686446,Onkar Ratti,tshanker@example.net,Tadipatri,7/5/2023
5228136,Oeshi Mallick,hardikkrishna@example.org,Ambarnath,9/30/2024
81046421,Jacob Narayan,choudharyayushman@example.com,Kalyan-Dombivli,5/3/2024
13494314,Eesha Nadig,hansgirindra@example.com,Mahbubnagar,6/16/2023
19091057,Kalpit Kohli,chaudharyupma@example.com,Kozhikode,3/15/2024
65963876,Vamakshi Talwar,pahalhora@example.net,Loni,5/20/2024
48765625,Aradhana Ganguly,gaganbanik@example.net,Bathinda,3/13/2024
12500465,Barkha Chakrabarti,kagarwal@example.com,Phusro,10/5/2023
68703613,Praneel Bir,hanskashish@example.com,Imphal,11/26/2023
48284116,Bhanumati Pingle,nandasaanvi@example.com,Narasaraopet,2/2/2024
773410,Ladli Saha,gautami44@example.net,Kota,6/25/2023
32929817,Vedika Devi,jbehl@example.com,Muzaffarpur,8/26/2024
83298567,Vansha Kuruvilla,xalak62@example.com,Asansol,10/2/2024
97509888,Rushil Patil,utkarsh96@example.net,Thanjavur,6/9/2024
31324823,Utkarsh Biswas,hbarad@example.com,Fatehpur,9/16/2023
60319216,Lohit Narasimhan,bhavya01@example.com,Ahmedabad,8/25/2023
94552818,Pooja Lalla,kritikabarad@example.org,Srinagar,1/14/2024
16410708,Zinal Bahri,karan05@example.com,Gudivada,10/14/2024
84848018,Jackson Roy,janijanaki@example.org,Alappuzha,6/26/2023
31569754,Edhitha Kumer,psibal@example.org,Bilaspur,2/2/2024
31384626,Tanay Desai,hayremeera@example.net,Nangloi Jat,6/13/2024
98307019,Omya Magar,dev03@example.org,Bangalore,10/16/2024
55733729,Aarini Singhal,siya60@example.net,Anantapuram,7/13/2024
80269862,Bimala Chad,chameli76@example.net,Silchar,10/17/2024
90586029,Aarini Ray,vamakshi98@example.net,Faridabad,7/30/2024
4594944,Hardik Mane,abduldara@example.org,Cuttack,3/26/2024
78209683,Edhitha Barad,jatin05@example.net,Jhansi,2/13/2024
34588087,Tanmayi Vyas,mishravinaya@example.com,Shimla,5/16/2023
77614510,Girik Gopal,gaurav77@example.net,Sirsa,3/28/2023
35455991,Aryan Balakrishnan,sibalamruta@example.net,Tezpur,4/2/2023
99714944,Bhanumati Chauhan,kashish47@example.org,Adoni,10/1/2023
63870636,Darpan Bhatia,chakradhardutt@example.com,Aurangabad,4/29/2023
55936462,Upkaar Mahajan,saanviseth@example.org,Berhampur,4/24/2023
211163,Hiral Baral,bhavsaryagnesh@example.com,Satna,6/10/2024
77618011,Bhavna Bath,klad@example.com,Silchar,5/16/2024
82700270,Hemal Bhavsar,karanbhatnagar@example.org,Kishanganj,8/17/2024
41181125,Bimala Samra,matthew06@example.org,Mysore,6/14/2023
14458150,Kamya Ratta,svasa@example.net,Sambhal,7/30/2024
68965787,Ekavir Agate,yahvikumar@example.org,Dhule,10/9/2024
10951674,Anmol Lad,charlesmander@example.com,Guna,4/23/2023
15345667,Lila Chanda,manneparth@example.net,Durg,8/29/2023
8457972,Yauvani Gaba,lakshitpandey@example.net,Asansol,2/4/2024
57207678,Yashodhara Mishra,urvi08@example.net,Chandrapur,8/8/2024
64151769,Teerth Mallick,dalbir88@example.com,Mysore,5/2/2024
16786161,Maya Ram,paiunnati@example.org,Chandigarh,11/21/2023
6992801,Yochana Nagy,xganesan@example.org,Rajkot,6/3/2023
92091019,Kai Subramanian,mitali48@example.com,Kalyan-Dombivli,9/13/2023
14519263,Edhitha Sawhney,mohantyhitesh@example.net,Ajmer,6/21/2024
79169760,Benjamin Kant,hkhalsa@example.com,Nagaon,9/12/2024
63238941,Vidhi Misra,ramaswamyqushi@example.com,Gwalior,3/11/2024
9551011,Idika Chand,gpall@example.net,Navi Mumbai,4/10/2023
13581527,Jhalak Kalla,saanvimammen@example.org,Hajipur,6/1/2024
57523973,Darpan Rama,wagleyadavi@example.com,Suryapet,9/26/2023
68941950,Ayushman Raghavan,zansi49@example.org,Bhusawal,7/2/2024
97141762,Banjeet Goda,grovermaanav@example.org,Agra,7/28/2024
2558646,Vyanjana Dara,falakkunda@example.net,Bhusawal,11/1/2024
61121421,Aditya Sami,nandini14@example.net,Tirunelveli,1/17/2024
23380116,Neelima Mody,cvenkataraman@example.com,Jehanabad,5/7/2024
78961097,Irya Agarwal,hemanisinghal@example.org,Udupi,4/26/2024
11202130,Zehaan Lad,vnarayan@example.org,Bhilwara,11/28/2023
8955057,Zashil Goyal,brarjatin@example.com,Bhubaneswar,10/12/2024
22112867,Sanaya Chakrabarti,anay97@example.net,Bangalore,8/2/2024
5607734,Riya Batta,mandermitesh@example.net,Jamshedpur,9/1/2024
98016334,Krishna Char,krishnabhavsar@example.net,Howrah,8/19/2024
61024977,Krishna Manda,elijahagrawal@example.org,Dindigul,3/5/2024
40727086,Osha Brahmbhatt,harishnayak@example.org,Bijapur,1/5/2024
96109948,Riya Wason,kotharizaitra@example.com,Shivpuri,8/12/2023
71176678,Garima Tata,charita65@example.com,Dhule,5/5/2024
16547602,Geetika Das,loyalchakradhar@example.net,Nadiad,4/19/2023
37379797,Aashi Majumdar,omkaarmemon@example.org,Jalna,8/24/2024
37926207,Pahal Chaudhary,upadhriti58@example.net,Eluru,9/2/2023
63451391,Amrita Kibe,viswanathanekansh@example.org,Surendranagar Dudhrej,3/26/2024
62629494,Anamika Bali,ssridhar@example.net,Jorhat,9/13/2024
13871547,Anthony Dhawan,nimrat66@example.org,Bhilwara,6/17/2023
1507408,Kai Gara,dbera@example.net,Bangalore,3/21/2024
3638834,Falan Nayak,garaveer@example.com,Warangal,7/8/2023
32054313,Jai Char,rajayutika@example.com,Raurkela Industrial Township,10/3/2024
97678578,Jagat Hayre,ymalhotra@example.net,Loni,6/15/2024
75028268,Pahal Malhotra,wazir75@example.com,Kirari Suleman Nagar,11/13/2023
59930550,Anamika Wali,madhavi76@example.org,Agra,4/22/2024
23567263,Yatan Sem,hitesh51@example.net,Chinsurah,8/11/2024
65570302,Onveer Parsa,widisha66@example.net,Deoghar,10/11/2024
94529626,Gavin Kaur,ldubey@example.net,Pudukkottai,12/6/2023
54338574,Yashodhara Gokhale,nandagavin@example.org,Guntur,8/9/2023
14006996,Saumya Rau,anitakorpal@example.org,Buxar,7/31/2023
88324928,Geetika Nanda,jpalla@example.org,Alappuzha,3/19/2023
77128325,Yug Mangat,vohrameghana@example.com,Satna,8/5/2023
44562310,Harsh Om,vincent86@example.com,Warangal,6/29/2024
32809328,Oeshi Raghavan,kiaan42@example.net,Chittoor,2/9/2024
37288781,Kritika Narayan,fyadav@example.org,Tadepalligudem,8/4/2023
35049420,Udarsh Mangal,zpatil@example.org,Madanapalle,3/25/2023
10789681,Anvi Rajan,aarna25@example.net,Dehradun,6/28/2023
67918495,Aarav Gour,patelwazir@example.org,Ratlam,10/28/2023
2667357,Nathan Kaul,godavarenya@example.com,Guntakal,6/13/2024
7728406,Leela Bansal,tgulati@example.net,Ranchi,1/10/2024
77961205,Yashica Handa,jsankar@example.net,Burhanpur,6/27/2023
28995786,Vanya Swamy,chamansami@example.org,Bardhaman,10/2/2024
74762653,Varenya Sama,wsodhi@example.org,Kakinada,1/22/2024
93563435,Siya Sandhu,hemalwagle@example.com,Nagpur,8/28/2024
66768157,Om Khosla,obahri@example.org,Singrauli,9/4/2023
98625898,Raagini Taneja,umang95@example.org,Raiganj,10/17/2023
24107959,David Chowdhury,bdar@example.com,Howrah,7/8/2024
27824078,Caleb Ramakrishnan,duaeshana@example.com,Jalna,9/15/2024
97174235,Ekapad Atwal,oupadhyay@example.com,Hubli–Dharwad,8/5/2024
28394354,Yatin Mohanty,nathaniel49@example.net,Kumbakonam,3/31/2024
29689766,Pallavi Kala,madhav18@example.org,Tenali,3/20/2023
44589829,Udyati Garde,minhasharrison@example.org,Sagar,9/25/2023
6959437,Rushil Prakash,anika85@example.net,Jammu,7/25/2024
28173165,Gayathri Padmanabhan,william12@example.net,Srikakulam,8/9/2023
46564935,Ranbir Hegde,rishirana@example.com,Muzaffarpur,2/27/2024
77007315,Amara Lad,hitesh06@example.org,Satara,11/5/2023
64403005,Ojas Sahota,garima59@example.com,Darbhanga,7/3/2024
28277304,Chaitanya Mann,hemalall@example.com,Haridwar,2/14/2024
38568692,Guneet Ahluwalia,ocherian@example.net,Silchar,12/6/2023
90299101,Kamala Kakar,dattalibni@example.com,Akola,6/24/2024
77086539,Gayathri Kumer,pranav05@example.net,Sangli-Miraj & Kupwad,5/14/2024
16341776,Oviya Gera,dalbir04@example.com,Sikar,7/16/2023
62868582,Chaitaly Anand,rishi88@example.net,Asansol,4/4/2024
16435594,Aryan Ranganathan,darsh48@example.com,Jorhat,10/11/2024
24337950,Ishwar Chakraborty,xbatta@example.com,Haridwar,4/26/2023
38728779,Reva Sem,jrajagopal@example.net,Bulandshahr,2/24/2024
3483295,Maya Nath,nmadan@example.org,Imphal,3/8/2024
67908555,Brinda Bahl,triptiatwal@example.org,Chittoor,4/21/2023
45028365,Qarin Dass,ekanshdhillon@example.org,Danapur,11/6/2023
19216141,Teerth Manda,ksinghal@example.org,Giridih,5/14/2023
47590944,Ayushman Chawla,urajagopalan@example.net,Bhubaneswar,7/12/2023
72415263,Dakshesh Varughese,karansathvik@example.org,Pallavaram,5/29/2023
97873848,Ladli Johal,csant@example.com,Kavali,10/23/2023
81541985,Panini Padmanabhan,valagunbir@example.org,Asansol,4/30/2023
57213543,Hema Natarajan,chadhanimrat@example.org,Gandhinagar,10/30/2024
60620291,Upkaar Suresh,tarak64@example.net,Karaikudi,5/1/2023
34655710,Abeer Ravel,orindernatarajan@example.net,Katihar,9/16/2024
58415368,Frederick Virk,jroy@example.com,Shahjahanpur,5/29/2024
67402645,Bimala Barad,lakshmi42@example.com,Phagwara,3/25/2023
2903620,Bahadurjit Rama,faraj37@example.com,Proddatur,5/11/2024
58115779,Bhavna Ramaswamy,gabaurishilla@example.net,Katni,7/27/2024
40055711,Yug Mander,fchauhan@example.net,Rampur,9/23/2024
9419030,Thomas Doctor,lhans@example.net,Avadi,3/11/2024
75244116,Jai Suri,sanaya74@example.com,Gorakhpur,10/9/2023
2566268,Arjun Ratta,santutkarsh@example.net,Mysore,12/4/2023
24496983,Vasana Sen,hseshadri@example.org,Kamarhati,12/4/2023
7378768,Shravya Dada,mason45@example.net,Bellary,5/20/2023
33544355,Aarnav Nayak,oscar01@example.com,Sri Ganganagar,8/30/2023
98012339,Kai Kari,ikala@example.org,Anantapuram,3/22/2023
71771782,Jalsa Bansal,jasmitgola@example.org,Farrukhabad,5/23/2023
39301587,Kritika Chaudhuri,kdas@example.net,Bongaigaon,12/29/2023
12560669,Mugdha Acharya,pranitkuruvilla@example.org,Sangli-Miraj & Kupwad,8/29/2024
73061709,Zinal Sundaram,snayak@example.com,Uluberia,8/22/2024
73807097,Manbir Manda,zroy@example.org,Firozabad,12/12/2023
57579640,Sneha Amble,vedantdoctor@example.org,Siwan,7/11/2023
71276926,Urishilla Sawhney,upadhritisachdeva@example.net,Nangloi Jat,11/21/2023
54139038,Wahab Balan,anjali90@example.com,Dibrugarh,9/30/2024
6853981,Radhika Bahri,kamyawarrior@example.com,Machilipatnam,12/13/2023
82898985,Reva Pradhan,nimrat81@example.com,Pondicherry,4/3/2023
92416428,Falak Balan,isandhu@example.org,Avadi,1/24/2024
80371626,Yashasvi Divan,oprabhu@example.org,Karimnagar,10/2/2024
39042103,Maanav Gupta,mohammed78@example.org,Bareilly,5/31/2024
14693393,Chavvi Iyer,kannanvedant@example.com,Proddatur,5/24/2024
41878908,Barkha Kanda,khuranamason@example.net,Raiganj,5/31/2024
49117070,Pavani Lala,tankvedhika@example.org,Bhubaneswar,9/27/2024
43761120,Tarak Kumer,hbava@example.com,Bhagalpur,6/1/2024
52672659,Isha Mand,tanmayibhagat@example.net,Vadodara,3/17/2023
91448742,Henry Badal,chaudhryomya@example.org,Bongaigaon,4/13/2023
55278329,Nathaniel Mand,hmerchant@example.net,Bhubaneswar,10/8/2024
13492411,Ekaraj Mahal,tamanna39@example.net,Patna,7/13/2023
39093069,Mahika Issac,dakshminhas@example.org,Rajkot,3/2/2024
16436211,Daniel Hans,jacob31@example.net,Tadepalligudem,11/9/2023
25747787,Zaid Bobal,dubeyekapad@example.org,Bikaner,5/31/2023
24000329,Aarush Dey,zdewan@example.net,Gulbarga,11/1/2023
54923640,Azad Nath,kmadan@example.net,Gandhidham,4/10/2024
57217288,Dalaja Bassi,ppandey@example.net,Karimnagar,3/24/2023
70554546,Jonathan Doctor,rushil75@example.net,Bulandshahr,4/19/2024
39959491,Damini Gandhi,xjayaraman@example.net,Purnia,8/25/2023
55042740,Samuel Lanka,bhanumati39@example.net,Kadapa,3/12/2024
64846124,Anusha Sagar,jeremiah29@example.com,Bidar,6/19/2024
23434261,Jhalak Chopra,ramachandranunnati@example.org,Ambala,7/10/2023
33685414,Nidhi Swaminathan,lajitasawhney@example.net,Miryalaguda,3/9/2024
43649266,Ayushman Menon,anayrajagopalan@example.org,Khandwa,3/14/2024
53299455,Rushil Gupta,wcherian@example.org,Bijapur,5/25/2023
9388085,Faris Swaminathan,jbath@example.com,Jamnagar,3/17/2024
46629917,Vasudha Dey,saksham89@example.net,Jamshedpur,2/9/2024
82359623,Pushti Sangha,gopalijaya@example.net,Bellary,8/17/2023
58238092,Xiti Pradhan,triyakale@example.org,Malegaon,7/1/2023
74572121,Triveni Baral,advaith31@example.net,Mau,8/20/2024
3468355,Chameli Subramanian,lekhanarula@example.org,Pune,6/2/2024
34095555,Charan Misra,leena91@example.org,Raiganj,9/7/2023
76020843,Banjeet Behl,nairnihal@example.net,New Delhi,6/25/2024
80571942,Mohammed Magar,bailavi@example.org,Kishanganj,9/1/2023
19375332,Udarsh Rao,chaitanya86@example.org,Jodhpur,7/1/2024
8739903,Yamini Bir,giriklata@example.com,Thane,7/7/2023
55472026,Urishilla Bhatnagar,pwalia@example.org,Allahabad,8/28/2023
19581959,Eesha Sahota,kannanlibni@example.org,Ghaziabad,4/23/2023
32585389,Abhimanyu Sachdeva,daksheshdave@example.net,Howrah,11/13/2023
24308515,Thomas Walia,laksh53@example.com,Panchkula,10/26/2023
63025744,Eta Mander,vrishtinarasimhan@example.com,Panipat,10/2/2023
89036169,Kashvi Chaudhuri,inayabal@example.org,Deoghar,3/5/2024
1816969,Tejas Pillai,xsarin@example.org,Vadodara,3/5/2024
18256339,Dalbir Dora,lsandal@example.net,Mumbai,11/4/2023
87059497,Abeer Merchant,peterkuruvilla@example.net,Jamshedpur,2/9/2024
47577193,Chaaya Wable,zvenkatesh@example.net,Dehri,2/5/2024
95595403,Rushil Walia,duttadamini@example.org,Durgapur,3/6/2024
57658033,Rajeshri Ramaswamy,lvarghese@example.org,Yamunanagar,11/10/2023
4597433,Lipika Kumer,faras46@example.org,Tadepalligudem,4/2/2024
7923550,Amruta Grewal,sarakibe@example.com,Panihati,9/2/2023
21553672,Udyati Puri,rsarin@example.org,Morbi,4/19/2024
80499378,Ekta Chowdhury,warindertripathi@example.net,South Dumdum,9/17/2024
16410155,Darika Barman,bathrohan@example.com,Bidhannagar,4/29/2023
52423524,Nihal Ravi,maanav40@example.net,Ludhiana,6/5/2023
20834589,Parth Madan,udantcomar@example.net,Giridih,7/15/2024
70372270,Yadavi Garg,dalbir46@example.org,Ichalkaranji,8/5/2023
18082040,Jonathan Bir,fzachariah@example.net,Kochi,4/3/2024
24745800,Isaac Mutti,kantganga@example.net,New Delhi,1/10/2024
12698783,Jyoti Lata,gaurangi28@example.org,Karnal,10/6/2024
24821281,Onveer Kanda,shenoyekavir@example.net,Khora ,6/4/2023
17843667,Yauvani Purohit,noahdevi@example.org,Bhubaneswar,3/20/2024
75137446,Oliver Bahl,tamanna95@example.net,Kochi,3/30/2024
43295656,Wyatt Bhasin,ppalla@example.org,Sagar,2/21/2024
10663246,Madhav Chana,abhiram84@example.org,Gandhidham,10/29/2023
74038361,Vasatika Lanka,yhayer@example.net,Khandwa,10/2/2023
56548063,Advay Baria,qushikrish@example.net,Thanjavur,8/11/2024
58893807,Faris Sekhon,chopradiya@example.net,Tirunelveli,2/15/2024
1301661,Yashvi Parekh,rmanne@example.net,Saharanpur,12/26/2023
72263318,Reyansh Sankar,gautamisura@example.org,Fatehpur,6/23/2023
16484167,Hemal Bala,fdhawan@example.net,Guwahati,4/7/2023
74694186,Nisha Jhaveri,nrout@example.net,Hubli–Dharwad,9/14/2024
89472859,Ekaraj Dash,harirajeshri@example.org,Saharsa,8/27/2023
21697638,Hredhaan Bhagat,taraksrinivas@example.net,Sirsa,6/13/2024
74231111,Jhalak Varty,nandayuvraj@example.org,Thane,10/5/2023
89523804,Girik Sangha,smane@example.net,Kottayam,4/25/2024
22694456,Eesha Saha,esarin@example.net,Nashik,3/20/2024
14940427,Sara Rajagopalan,devshanker@example.com,Loni,6/1/2023
81940825,Kamala Thaman,ctank@example.org,Proddatur,10/14/2023
73392739,Chaitaly Kakar,vohrachameli@example.com,Bikaner,3/17/2024
52770036,Lopa Bobal,kashyapthomas@example.org,Bathinda,8/19/2024
38902193,Yutika Sandhu,radhaperi@example.com,Bellary,8/8/2024
72287157,Ekbal Kaur,mangaldalaja@example.com,Machilipatnam,8/29/2023
94179692,Faras Bahri,wishi97@example.org,Alwar,9/18/2024
61851054,Bhavya Tiwari,aarnav95@example.org,Tadipatri,6/11/2024
1562083,Madhavi Mishra,inayabadal@example.net,Bhopal,1/11/2024
33671354,Veda Chhabra,sawhneyishanvi@example.net,Bijapur,9/26/2024
46023497,Baljiwan Nagi,wjayaraman@example.com,Delhi,5/15/2024
83597876,Tanmayi Oak,msaha@example.org,Katni,12/21/2023
52913011,Chaitaly Parekh,chanakyakashyap@example.com,Dhule,11/1/2023
81373608,Priya Rai,charannarain@example.net,Durg,6/14/2023
46885873,Wahab Luthra,labanpadmanabhan@example.net,Aizawl,9/19/2023
31831843,Aarini Bir,htailor@example.com,Machilipatnam,3/28/2023
85088479,Tanvi Magar,sanayanagar@example.org,Rajkot,11/4/2024
97770901,Dhruv Krishna,lajitasekhon@example.com,Bidhannagar,4/5/2023
4055790,Noah Malhotra,dkannan@example.net,Jamnagar,11/14/2023
84986716,Eta Hegde,aishanisachar@example.org,Begusarai,4/21/2024
77085443,Prisha Nadkarni,yagneshdhar@example.net,Naihati,3/15/2024
10642655,Omaja Warrior,ujaggi@example.net,Gorakhpur,11/26/2023
35826539,Widisha Kapur,dharmohammed@example.org,Deoghar,8/28/2024
376144,Ira Chhabra,caleb02@example.com,Anantapuram,12/19/2023
22054087,Peter Buch,agour@example.org,Miryalaguda,1/5/2024
21481338,Rajata Upadhyay,agatemaanav@example.org,Tirunelveli,11/17/2023
22851478,Vamakshi Bhardwaj,parthbarman@example.com,Varanasi,11/13/2023
3002538,Sanya Sule,watikasachar@example.net,Sonipat,7/10/2024
69339331,Zehaan Kapur,mitesh70@example.net,Raurkela Industrial Township,3/2/2024
14991661,Logan Nigam,ygole@example.org,Chandrapur,10/18/2023
38613295,Sai Panchal,falan03@example.com,Vadodara,8/20/2023
51872499,Nakul Banerjee,sanghayashoda@example.org,Bareilly,4/11/2024
8241122,Tristan Zachariah,jmane@example.org,Ambarnath,9/30/2024
97033691,Aarini Muni,golazaitra@example.com,Mysore,8/14/2024
69242672,Ranveer Sheth,sidhuparth@example.com,Gandhidham,4/19/2023
41512861,Veer Kant,qarinsundaram@example.org,Purnia,4/24/2024
3408982,Tripti Chakraborty,abhiramkunda@example.org,Bhatpara,7/1/2023
42589311,Yadavi Uppal,sureshwahab@example.org,Dehradun,11/29/2023
75732571,Garima Behl,alata@example.com,Muzaffarnagar,4/20/2024
39681023,Pranit Randhawa,jhabachittar@example.net,Pimpri-Chinchwad,9/4/2023
94404245,Quincy Chauhan,kadetamanna@example.com,Rampur,5/14/2024
97484394,Ayush Choudhry,deoikshita@example.org,Jaipur,4/5/2024
66827191,Om Bhatia,manineelima@example.com,Alwar,11/19/2023
50554007,Ekaja Pillai,abhakaul@example.com,Baranagar,4/4/2023
65895091,Chaitaly Shere,vedhikakeer@example.com,Orai,11/11/2023
48002829,Daksh Mandal,varkeymohammed@example.com,Mumbai,1/25/2024
57392064,Lavanya Jain,deshpandeom@example.com,Udupi,6/23/2024
71688530,Umang Dash,gokhalenicholas@example.org,Kavali,3/18/2024
89051578,Zinal Natarajan,vyasfrado@example.com,Alwar,9/6/2024
78738569,Eiravati Sundaram,onkar24@example.com,Dewas,5/10/2023
