order_id,delivery_time_minutes,distance_km,delivery_status,reasons_if_delayed
1961864118,-5,0.96,On Time,
1549769649,2,0.98,On Time,Traffic
9185164487,4,3.83,On Time,Traffic
9644738826,-1,2.76,On Time,
5427684290,1,2.63,On Time,Traffic
3265154092,-1,1.94,On Time,
4898355547,1,2.2,On Time,Traffic
6568151549,2,1.3,On Time,Traffic
6006693867,3,3.38,On Time,Traffic
374186990,7,1.47,Slightly Delayed,Traffic
4455336265,-2,0.76,On Time,
3539286337,-5,3.68,On Time,
9171116867,12,2.23,Slightly Delayed,Traffic
5504941865,11,4.45,Slightly Delayed,Traffic
5868326481,-3,2.8,On Time,
2137046916,-2,1.78,On Time,
8195544338,8,1.16,Slightly Delayed,Traffic
2889700050,3,3.07,On Time,Traffic
65827885,-5,1.65,On Time,
4656471694,8,3.7,Slightly Delayed,Traffic
6625178717,13,4.22,Slightly Delayed,Traffic
7169557514,12,3.28,Slightly Delayed,Traffic
2268306684,-1,1.82,On Time,
6905293278,26,0.58,Significantly Delayed,Traffic
1769493463,-5,1.21,On Time,
5003387344,-5,4.52,On Time,
2064484752,-5,2.29,On Time,
964822979,-2,1.09,On Time,
6037899648,4,4.56,On Time,Traffic
9347571484,13,3.29,Slightly Delayed,Traffic
3286177534,-2,3.07,On Time,
9073572548,22,4.77,Significantly Delayed,Traffic
8395583761,-5,3.53,On Time,
6355378227,-1,3.91,On Time,
277376321,-1,3.85,On Time,
8559748526,1,0.94,On Time,Traffic
1458051433,-4,2.75,On Time,
5838302640,7,1.7,Slightly Delayed,Traffic
1380971977,-5,4.09,On Time,
1221099013,2,3.15,On Time,Traffic
6771166303,12,2.55,Slightly Delayed,Traffic
7111337755,-3,3.44,On Time,
5562922993,3,1.64,On Time,Traffic
5630957897,4,3.92,On Time,Traffic
1787380558,2,2.8,On Time,Traffic
32613017,0,4,On Time,
2039041670,15,2.12,Slightly Delayed,Traffic
210693801,2,2.5,On Time,Traffic
8120002258,-4,2.43,On Time,
2177917034,9,0.73,Slightly Delayed,Traffic
4254814926,-1,1.74,On Time,
6074172790,4,2.48,On Time,Traffic
3381573131,-5,4.91,On Time,
3773745777,0,3.31,On Time,
9251939156,7,2.35,Slightly Delayed,Traffic
3872982303,1,2.6,On Time,Traffic
2625987757,2,4.7,On Time,Traffic
3162249401,0,1.72,On Time,
3108986741,1,2.09,On Time,Traffic
1851474741,9,4.09,Slightly Delayed,Traffic
2425099132,4,1.07,On Time,Traffic
6706793332,12,2.99,Slightly Delayed,Traffic
2149289255,19,2.56,Significantly Delayed,Traffic
1971008155,-4,0.86,On Time,
2087093460,-1,0.77,On Time,
2116712588,3,4.26,On Time,Traffic
6054358790,-5,3.96,On Time,
532660797,14,4.9,Slightly Delayed,Traffic
1491991005,0,0.89,On Time,
4136019599,3,4.58,On Time,Traffic
2122832513,20,3.97,Significantly Delayed,Traffic
3717703595,-1,2.48,On Time,
3194733693,7,1.74,Slightly Delayed,Traffic
4471162437,0,3.78,On Time,
1609331948,0,1.56,On Time,
6920030794,-2,3.47,On Time,
5127172657,20,4.41,Significantly Delayed,Traffic
8607115856,-3,2.33,On Time,
7154957395,0,2.28,On Time,
2070762702,15,3.61,Slightly Delayed,Traffic
3697242439,-1,4.71,On Time,
3063427913,3,4.76,On Time,Traffic
2060061337,12,3.08,Slightly Delayed,Traffic
4625892678,4,2.74,On Time,Traffic
6045698170,5,3.86,On Time,Traffic
7876289647,12,2.54,Slightly Delayed,Traffic
3434084714,-2,3.51,On Time,
9031695663,6,3.71,Slightly Delayed,Traffic
1955989715,2,4.81,On Time,Traffic
3459500455,2,2.66,On Time,Traffic
5953376503,16,0.56,Significantly Delayed,Traffic
121874867,-5,3.08,On Time,
2460545397,11,2.53,Slightly Delayed,Traffic
9690050839,5,3.82,On Time,Traffic
2574349065,1,1.72,On Time,Traffic
2461936988,19,4.4,Significantly Delayed,Traffic
6447596416,-4,4.27,On Time,
7228452275,0,4.62,On Time,
6696750742,0,4.39,On Time,
822235931,15,1.42,Slightly Delayed,Traffic
7678251499,5,1.85,On Time,Traffic
2497341976,1,1.33,On Time,Traffic
9107314128,-1,2.2,On Time,
9855726256,-2,0.96,On Time,
9398719862,4,0.85,On Time,Traffic
379494532,2,3.39,On Time,Traffic
1048784963,-5,2.18,On Time,
4386246924,26,3.44,Significantly Delayed,Traffic
2050362692,3,3.48,On Time,Traffic
4142963293,3,1.26,On Time,Traffic
9753528654,-2,1.84,On Time,
8126970833,26,1.13,Significantly Delayed,Traffic
9747814712,3,1.23,On Time,Traffic
6281619403,-5,4.51,On Time,
436184281,27,0.74,Significantly Delayed,Traffic
9799231260,4,0.9,On Time,Traffic
4071811527,9,2.39,Slightly Delayed,Traffic
5645359563,-5,4.78,On Time,
9411813703,5,0.65,On Time,Traffic
4270217473,0,1.23,On Time,
279851011,-1,4.34,On Time,
6260524887,-4,3.76,On Time,
5853998391,-3,4.67,On Time,
9931976872,-4,3.03,On Time,
8432209832,12,4.17,Slightly Delayed,Traffic
6023721507,-1,2.05,On Time,
3042338919,-3,1.33,On Time,
233646065,5,4.89,On Time,Traffic
9870610018,-1,0.86,On Time,
1398230967,-4,4.81,On Time,
8615488922,21,3.94,Significantly Delayed,Traffic
2748841057,24,0.84,Significantly Delayed,Traffic
1375867721,-3,4.45,On Time,
8595141097,3,4.33,On Time,Traffic
4673382071,9,4.9,Slightly Delayed,Traffic
2948696008,-3,2.28,On Time,
6839692624,25,1.17,Significantly Delayed,Traffic
5770951298,-2,0.95,On Time,
5084771819,13,1.37,Slightly Delayed,Traffic
422403644,8,0.56,Slightly Delayed,Traffic
7176758896,1,2.94,On Time,Traffic
8252905093,1,3.25,On Time,Traffic
1488561572,-1,2.51,On Time,
6212984517,-2,1.27,On Time,
6309784337,0,4.05,On Time,
4613890018,0,3.82,On Time,
3429728472,9,1.25,Slightly Delayed,Traffic
267738904,14,4.28,Slightly Delayed,Traffic
3850416839,13,1.32,Slightly Delayed,Traffic
3412702479,5,1.11,On Time,Traffic
2016183232,11,1.63,Slightly Delayed,Traffic
3810280204,4,0.75,On Time,Traffic
2416767295,9,1.13,Slightly Delayed,Traffic
2283439407,4,0.57,On Time,Traffic
4328802292,18,3.65,Significantly Delayed,Traffic
7072715691,1,3.65,On Time,Traffic
5640741373,0,4.34,On Time,
6931094066,-4,3.82,On Time,
3417088709,21,1.29,Significantly Delayed,Traffic
4424404315,4,2.43,On Time,Traffic
2444087306,2,4.67,On Time,Traffic
486085268,5,0.53,On Time,Traffic
1731312620,-1,2.13,On Time,
6475582506,4,2.09,On Time,Traffic
1868581378,4,3.94,On Time,Traffic
8884235937,8,4.57,Slightly Delayed,Traffic
4590662628,15,2.1,Slightly Delayed,Traffic
992302540,3,3.48,On Time,Traffic
7169974633,-1,2.57,On Time,
6703651257,3,2.43,On Time,Traffic
7180810221,9,0.51,Slightly Delayed,Traffic
7875587578,10,3.53,Slightly Delayed,Traffic
2578671497,5,0.79,On Time,Traffic
6284350691,0,4.5,On Time,
5383261788,-4,2.11,On Time,
6590867973,-1,0.73,On Time,
8787105023,3,3.68,On Time,Traffic
1402916311,4,2.72,On Time,Traffic
9715205272,2,4.93,On Time,Traffic
3946852375,0,4.04,On Time,
3367039425,2,1.38,On Time,Traffic
687711388,12,1.67,Slightly Delayed,Traffic
647012431,18,0.92,Significantly Delayed,Traffic
7143278295,-4,1.65,On Time,
9736844695,-5,1.4,On Time,
5933289680,20,2.24,Significantly Delayed,Traffic
9494303116,5,3.87,On Time,Traffic
9337878102,-4,0.63,On Time,
6872621077,-5,3.42,On Time,
7330237253,-1,3.63,On Time,
7942616242,25,4.96,Significantly Delayed,Traffic
238520071,3,1.92,On Time,Traffic
5812379362,-4,4.52,On Time,
2616623847,15,4.33,Slightly Delayed,Traffic
2040854480,25,2.48,Significantly Delayed,Traffic
5456484560,25,3.76,Significantly Delayed,Traffic
883309006,8,3.46,Slightly Delayed,Traffic
6528341992,11,2.7,Slightly Delayed,Traffic
3263203775,-1,3.36,On Time,
3660010934,5,2.74,On Time,Traffic
7944885043,-2,2.23,On Time,
2506369831,13,4.07,Slightly Delayed,Traffic
697061213,3,1.48,On Time,Traffic
7079057004,22,3.58,Significantly Delayed,Traffic
1556153632,9,0.75,Slightly Delayed,Traffic
2161235338,9,4.68,Slightly Delayed,Traffic
1247978468,-1,1.56,On Time,
5437627061,1,4.76,On Time,Traffic
9091960039,0,2.76,On Time,
619198317,-5,4.77,On Time,
9833179291,-4,0.59,On Time,
4148760273,3,4.35,On Time,Traffic
7206041763,2,2.69,On Time,Traffic
690097648,10,1.87,Slightly Delayed,Traffic
4197061567,2,0.66,On Time,Traffic
2009394836,-2,3.18,On Time,
277502363,5,4.14,On Time,Traffic
4356959622,-5,3.45,On Time,
174306009,27,1.41,Significantly Delayed,Traffic
9582674091,22,3.55,Significantly Delayed,Traffic
8675579025,2,3.41,On Time,Traffic
5195999941,14,2.34,Slightly Delayed,Traffic
5210007923,1,2.16,On Time,Traffic
6595771960,4,1.75,On Time,Traffic
4247338382,29,4.26,Significantly Delayed,Traffic
819143326,5,4.37,On Time,Traffic
3830844750,-3,4.35,On Time,
1687314172,3,3.7,On Time,Traffic
6756007265,5,4.05,On Time,Traffic
489762747,26,3.26,Significantly Delayed,Traffic
7509195875,3,4.89,On Time,Traffic
2370917070,5,2.92,On Time,Traffic
2055388266,8,1.43,Slightly Delayed,Traffic
8969304162,-1,1.66,On Time,
5412674107,2,1.75,On Time,Traffic
1536516619,5,2.48,On Time,Traffic
3858907413,0,4.53,On Time,
4976389251,-5,1.42,On Time,
2218319201,-1,3.58,On Time,
6729422433,6,2.81,Slightly Delayed,Traffic
1354097448,2,1.71,On Time,Traffic
8952275304,0,1.27,On Time,
436603801,-3,3.24,On Time,
5273875984,14,0.98,Slightly Delayed,Traffic
9290203003,5,1.9,On Time,Traffic
6240982373,-3,0.97,On Time,
2718348206,-4,2.16,On Time,
4903544026,5,4.24,On Time,Traffic
2827266949,8,0.86,Slightly Delayed,Traffic
4278423074,3,1.71,On Time,Traffic
645916247,29,3.22,Significantly Delayed,Traffic
5816647866,17,1.15,Significantly Delayed,Traffic
7282397914,5,2.19,On Time,Traffic
3260611473,18,2.73,Significantly Delayed,Traffic
8638163868,5,1.66,On Time,Traffic
177850987,-3,2.9,On Time,
9653859166,14,0.95,Slightly Delayed,Traffic
9991338690,1,2.15,On Time,Traffic
1714593246,2,1.89,On Time,Traffic
9742461226,-3,1.16,On Time,
3314393477,3,4.51,On Time,Traffic
4188317986,10,2.74,Slightly Delayed,Traffic
1646665366,12,3.22,Slightly Delayed,Traffic
9558804585,6,1.81,Slightly Delayed,Traffic
9047652469,-5,3.21,On Time,
2893800377,-4,4.56,On Time,
6139157985,22,1.17,Significantly Delayed,Traffic
6029394789,9,2.43,Slightly Delayed,Traffic
5874940276,-5,1.62,On Time,
5205211911,14,0.86,Slightly Delayed,Traffic
5314758068,10,2.53,Slightly Delayed,Traffic
484869710,3,4.8,On Time,Traffic
9957728938,16,4.11,Significantly Delayed,Traffic
3136056666,12,2.35,Slightly Delayed,Traffic
4926104391,14,3.91,Slightly Delayed,Traffic
1827844756,3,1.67,On Time,Traffic
7032037874,0,2.75,On Time,
3779230503,-1,2.32,On Time,
3473012553,26,3.48,Significantly Delayed,Traffic
7988504487,-1,1.73,On Time,
7193792738,4,2.36,On Time,Traffic
1533583386,-3,4.03,On Time,
7750989397,4,2.23,On Time,Traffic
4434816229,-5,4.05,On Time,
6896732047,-2,4.18,On Time,
4740837071,5,4.31,On Time,Traffic
6649631729,-1,0.86,On Time,
5351526726,-4,2.79,On Time,
1506082041,-3,1.04,On Time,
1023260165,0,3.36,On Time,
8257032403,3,2.03,On Time,Traffic
7216524192,-3,3.33,On Time,
8619795820,21,4.22,Significantly Delayed,Traffic
6494708839,1,4.68,On Time,Traffic
9859249765,-3,4.49,On Time,
3528020011,3,2.96,On Time,Traffic
5937934264,15,1.83,Slightly Delayed,Traffic
2976477423,0,2.26,On Time,
1002438039,-1,1.4,On Time,
2571163022,14,4.14,Slightly Delayed,Traffic
6850221497,-5,3.02,On Time,
4706569127,5,4.56,On Time,Traffic
8168261752,23,2.24,Significantly Delayed,Traffic
5828325906,-2,4.29,On Time,
5012271549,28,2.59,Significantly Delayed,Traffic
8110316958,-3,1.73,On Time,
3190808443,-4,0.54,On Time,
7175472728,0,4.77,On Time,
6011117738,3,1.47,On Time,Traffic
5592928753,11,3.13,Slightly Delayed,Traffic
3952040848,-2,4.44,On Time,
7026479520,2,3.2,On Time,Traffic
6572695161,0,0.88,On Time,
9090769419,-4,2.74,On Time,
5979489110,2,1.9,On Time,Traffic
964698323,5,2.87,On Time,Traffic
2304242664,0,2.7,On Time,
2483843748,3,0.78,On Time,Traffic
2560588609,1,1.87,On Time,Traffic
9268920928,4,1.7,On Time,Traffic
9554019312,-5,3.54,On Time,
3749174258,11,2.28,Slightly Delayed,Traffic
3947164241,4,3.26,On Time,Traffic
487327038,3,1.42,On Time,Traffic
8830321199,15,1.29,Slightly Delayed,Traffic
3811318591,-2,4,On Time,
6795601573,-4,3.02,On Time,
2348495717,0,3.49,On Time,
9505736584,18,2.92,Significantly Delayed,Traffic
1857227304,4,3.14,On Time,Traffic
5506485302,-5,2.4,On Time,
6074837981,-2,3.59,On Time,
4150569633,24,3.71,Significantly Delayed,Traffic
609838437,-5,1.66,On Time,
5229657139,13,2.36,Slightly Delayed,Traffic
2589639350,-3,3.06,On Time,
7656948165,13,2.72,Slightly Delayed,Traffic
1806563605,4,2.11,On Time,Traffic
359819834,29,1.31,Significantly Delayed,Traffic
1908423841,1,1.43,On Time,Traffic
299859815,10,4.11,Slightly Delayed,Traffic
923659418,1,2.11,On Time,Traffic
3560625119,10,2.61,Slightly Delayed,Traffic
7111490680,8,1.85,Slightly Delayed,Traffic
5766981431,5,4.34,On Time,Traffic
8609945311,-3,3.22,On Time,
1691260635,4,3.43,On Time,Traffic
8742091504,13,3.54,Slightly Delayed,Traffic
1997833025,-2,2.37,On Time,
3588296877,25,3.92,Significantly Delayed,Traffic
2404804990,9,3.6,Slightly Delayed,Traffic
8091385479,5,1.44,On Time,Traffic
7133174424,1,1.38,On Time,Traffic
6110446321,3,4.49,On Time,Traffic
6964586050,-4,2.19,On Time,
2351986014,12,1.66,Slightly Delayed,Traffic
352569720,-5,4.29,On Time,
1235280275,1,1.62,On Time,Traffic
9399859705,-5,1.12,On Time,
7530379037,5,4.3,On Time,Traffic
5952886441,-2,3.27,On Time,
5815833211,0,4.11,On Time,
7307394687,-5,4.97,On Time,
6033014029,11,2.16,Slightly Delayed,Traffic
1409944718,3,4.11,On Time,Traffic
1811382200,-4,1.62,On Time,
4485391413,4,3.19,On Time,Traffic
4076279641,8,3.35,Slightly Delayed,Traffic
2965387566,5,3.9,On Time,Traffic
9397774189,-3,3.57,On Time,
1437159967,-1,0.58,On Time,
8397785448,4,1.34,On Time,Traffic
2778606949,0,2.56,On Time,
1774096863,0,3.85,On Time,
1497256618,3,3.64,On Time,Traffic
734095510,3,4.78,On Time,Traffic
5755859055,17,1.07,Significantly Delayed,Traffic
5840290569,-1,4.15,On Time,
8200985533,-3,4.54,On Time,
3255590064,3,0.57,On Time,Traffic
4258404747,-1,1.33,On Time,
2455161115,0,0.68,On Time,
4448004569,-5,1.77,On Time,
5951090793,3,4.97,On Time,Traffic
7402491996,2,1.19,On Time,Traffic
8532411923,7,4.22,Slightly Delayed,Traffic
7130555385,12,4.26,Slightly Delayed,Traffic
4338197132,-4,4.4,On Time,
8044366071,5,3.38,On Time,Traffic
4135251774,-1,2.86,On Time,
6331483812,9,0.54,Slightly Delayed,Traffic
6705171000,0,4.31,On Time,
7850128898,17,3.07,Significantly Delayed,Traffic
3602554049,19,1.84,Significantly Delayed,Traffic
1070259187,1,1.5,On Time,Traffic
8412338399,6,2.1,Slightly Delayed,Traffic
1478022303,-5,1.19,On Time,
2376108199,4,4.27,On Time,Traffic
5243035202,-4,2.6,On Time,
3687581971,13,4.62,Slightly Delayed,Traffic
7008586055,18,3.94,Significantly Delayed,Traffic
5142069216,0,4.56,On Time,
4152441944,-1,2.98,On Time,
5601670348,11,4.64,Slightly Delayed,Traffic
605105099,-2,2.32,On Time,
4054936140,5,4.95,On Time,Traffic
8741892156,10,1.27,Slightly Delayed,Traffic
9143640828,8,0.83,Slightly Delayed,Traffic
6900876252,-5,0.55,On Time,
9801174908,8,2.38,Slightly Delayed,Traffic
551343632,2,0.79,On Time,Traffic
7961173808,-5,0.58,On Time,
328909145,4,1.52,On Time,Traffic
5551173528,4,1.24,On Time,Traffic
4461788759,5,3.67,On Time,Traffic
7256212429,0,1.74,On Time,
9104077642,-1,2.5,On Time,
2914056235,0,2.9,On Time,
9127632807,5,0.77,On Time,Traffic
6070154414,5,1.12,On Time,Traffic
2318969828,-3,1.54,On Time,
3813047994,-4,4.11,On Time,
1416102774,13,3.89,Slightly Delayed,Traffic
8086834412,-2,2.96,On Time,
6193826826,3,4.12,On Time,Traffic
8444509148,1,2.07,On Time,Traffic
42332130,-3,4.62,On Time,
6009342120,7,2.55,Slightly Delayed,Traffic
4818516411,-3,0.77,On Time,
1039229544,-4,4,On Time,
1515943657,4,2.85,On Time,Traffic
9183547951,-1,3.84,On Time,
8478376092,1,4.44,On Time,Traffic
1454073903,7,1.07,Slightly Delayed,Traffic
2855402284,3,1.43,On Time,Traffic
7245730533,13,3.72,Slightly Delayed,Traffic
2272892659,11,3.17,Slightly Delayed,Traffic
9087377568,-1,0.61,On Time,
8443685057,2,4.12,On Time,Traffic
1590988730,0,1.82,On Time,
7357811417,-1,2.74,On Time,
394951937,5,2.64,On Time,Traffic
3967445448,-1,1,On Time,
6101022928,5,2.35,On Time,Traffic
6322372546,19,3.99,Significantly Delayed,Traffic
9778782281,13,1.54,Slightly Delayed,Traffic
3867563962,-5,1.13,On Time,
9277710098,10,1.62,Slightly Delayed,Traffic
7669322773,2,4.08,On Time,Traffic
3917427529,15,3.25,Slightly Delayed,Traffic
1934158144,5,2,On Time,Traffic
3157338466,-5,0.71,On Time,
9640662474,11,3.54,Slightly Delayed,Traffic
2356272189,1,1.61,On Time,Traffic
1380510406,4,0.78,On Time,Traffic
8008377895,29,4.97,Significantly Delayed,Traffic
3680678403,1,1.06,On Time,Traffic
2847236502,3,4.81,On Time,Traffic
5212392063,-2,3.59,On Time,
3804024939,1,3.59,On Time,Traffic
5395870775,-4,4.3,On Time,
511736499,5,1.88,On Time,Traffic
2895886759,6,2.56,Slightly Delayed,Traffic
6638513435,-3,2.01,On Time,
4168083780,1,1.79,On Time,Traffic
2501516144,-2,3.25,On Time,
7141387557,-2,1.86,On Time,
2747350024,-1,4.75,On Time,
9503407492,18,4.98,Significantly Delayed,Traffic
4845607487,3,3.65,On Time,Traffic
2051769691,-5,0.58,On Time,
1092990139,4,4.37,On Time,Traffic
5527612319,0,1.13,On Time,
8852367079,2,1.95,On Time,Traffic
1666202264,6,1.93,Slightly Delayed,Traffic
8606484804,6,4.72,Slightly Delayed,Traffic
8905341102,-1,4.88,On Time,
5418735913,-2,3.74,On Time,
970377475,-1,3.62,On Time,
7320527109,-1,1.77,On Time,
5120698,15,4.82,Slightly Delayed,Traffic
3812396179,-5,4.05,On Time,
8178951021,18,2.67,Significantly Delayed,Traffic
2479115586,4,2.28,On Time,Traffic
6239453389,-4,4.5,On Time,
3136508414,-3,4.05,On Time,
5521273487,26,1.94,Significantly Delayed,Traffic
5445047872,5,1.85,On Time,Traffic
3678525130,2,4.74,On Time,Traffic
9328056960,7,2.58,Slightly Delayed,Traffic
2109203997,12,3.92,Slightly Delayed,Traffic
556665455,27,2.43,Significantly Delayed,Traffic
6573705785,-4,4.68,On Time,
2609502403,2,0.9,On Time,Traffic
1463293930,-5,0.57,On Time,
8132887999,11,3.77,Slightly Delayed,Traffic
7178789018,-3,3.9,On Time,
2295700159,7,1.35,Slightly Delayed,Traffic
9277089038,8,4.2,Slightly Delayed,Traffic
145057465,-5,1.62,On Time,
9452353274,1,4.42,On Time,Traffic
5434328922,-2,0.77,On Time,
3327051807,3,0.96,On Time,Traffic
1461604569,-1,3.85,On Time,
606518084,0,4.31,On Time,
7637625389,5,1.57,On Time,Traffic
7311621328,30,0.52,Significantly Delayed,Traffic
8790217194,13,1.76,Slightly Delayed,Traffic
1772445313,3,1.4,On Time,Traffic
159394992,1,2.13,On Time,Traffic
7992910755,28,1.99,Significantly Delayed,Traffic
1786931285,-4,3.08,On Time,
2225520858,-2,3.21,On Time,
5635738740,0,0.82,On Time,
2230824358,14,1.33,Slightly Delayed,Traffic
9217211301,-3,1.26,On Time,
4501870609,5,2.15,On Time,Traffic
838401679,15,3,Slightly Delayed,Traffic
9587315528,5,1.12,On Time,Traffic
3122936945,-1,0.97,On Time,
6093390755,3,1.17,On Time,Traffic
2032956677,7,3.45,Slightly Delayed,Traffic
1488430001,14,3.83,Slightly Delayed,Traffic
615391848,-4,3.51,On Time,
8686093533,-4,4.08,On Time,
7038758506,5,3.71,On Time,Traffic
2385966456,7,3.99,Slightly Delayed,Traffic
259622674,5,4.25,On Time,Traffic
2580381935,0,0.56,On Time,
5035471587,1,3.86,On Time,Traffic
9421270813,5,4.69,On Time,Traffic
1831516625,7,4.68,Slightly Delayed,Traffic
1918841793,-4,2.34,On Time,
1757159071,8,1.28,Slightly Delayed,Traffic
7589464630,9,4.41,Slightly Delayed,Traffic
1577085460,-3,2.54,On Time,
2279018877,14,3.4,Slightly Delayed,Traffic
7431412128,3,2.93,On Time,Traffic
8781520615,1,1.71,On Time,Traffic
1276192882,-3,4.08,On Time,
4065794921,25,2.02,Significantly Delayed,Traffic
1690800946,2,0.73,On Time,Traffic
877883470,8,1.93,Slightly Delayed,Traffic
7322044533,12,4.98,Slightly Delayed,Traffic
5243163885,3,2.88,On Time,Traffic
4360255357,8,3.72,Slightly Delayed,Traffic
9623306038,-1,3.54,On Time,
6282385286,4,2.21,On Time,Traffic
1001900652,13,0.53,Slightly Delayed,Traffic
5161988291,-5,4.28,On Time,
3597752998,0,3.13,On Time,
9074325310,5,3.35,On Time,Traffic
8875965392,1,2.12,On Time,Traffic
971081962,-2,0.56,On Time,
1948332638,5,2.86,On Time,Traffic
1785558780,-4,2.32,On Time,
7590462053,1,0.69,On Time,Traffic
2135743860,5,2.05,On Time,Traffic
9851365751,-5,3.35,On Time,
9243090480,29,1.48,Significantly Delayed,Traffic
7168596454,8,3.42,Slightly Delayed,Traffic
2483565595,3,2.28,On Time,Traffic
2484470052,3,3.52,On Time,Traffic
7702588270,-3,3.23,On Time,
5992338333,0,1.51,On Time,
9196796718,4,1.05,On Time,Traffic
3291765954,5,0.79,On Time,Traffic
652616858,7,4,Slightly Delayed,Traffic
2613508245,-5,3.67,On Time,
8169361928,4,2.97,On Time,Traffic
9395982132,4,3.3,On Time,Traffic
1914701538,3,4.07,On Time,Traffic
6236279358,27,3.51,Significantly Delayed,Traffic
2288561509,7,2.78,Slightly Delayed,Traffic
2010415757,-3,0.75,On Time,
7164827734,-3,2.41,On Time,
7971819985,-5,1.42,On Time,
8234021674,3,2.96,On Time,Traffic
4274404843,3,3.88,On Time,Traffic
7353519273,3,4.96,On Time,Traffic
8539612501,14,1.39,Slightly Delayed,Traffic
5894327065,9,3,Slightly Delayed,Traffic
77053363,0,2.79,On Time,
4467084478,14,1.25,Slightly Delayed,Traffic
3514036230,5,4.9,On Time,Traffic
4720421794,15,3.78,Slightly Delayed,Traffic
3202903413,2,3.39,On Time,Traffic
6938082428,6,4.41,Slightly Delayed,Traffic
9202941711,4,4.85,On Time,Traffic
8963522960,3,2.14,On Time,Traffic
9266835891,-1,0.85,On Time,
5265722064,-1,1.85,On Time,
5514326011,1,1.6,On Time,Traffic
9578652103,-3,2.62,On Time,
3559061334,11,3.12,Slightly Delayed,Traffic
637944734,4,2.16,On Time,Traffic
7454643275,-3,3.9,On Time,
4319342350,22,4.35,Significantly Delayed,Traffic
7568450733,-3,4.36,On Time,
734744305,3,2.06,On Time,Traffic
5233331050,3,3.36,On Time,Traffic
8326867788,0,2.53,On Time,
8368819094,-1,2.67,On Time,
8700151605,25,4.17,Significantly Delayed,Traffic
6269179048,-2,1.07,On Time,
1265254177,-2,3.55,On Time,
9858963919,29,3.87,Significantly Delayed,Traffic
7279564594,-4,1.86,On Time,
6983253839,1,4.36,On Time,Traffic
9479808024,-4,2.46,On Time,
3583522679,1,0.96,On Time,Traffic
1923226423,2,3.73,On Time,Traffic
664198080,-1,2.9,On Time,
4224700084,0,2.73,On Time,
969621016,5,2.17,On Time,Traffic
8178275820,12,2.27,Slightly Delayed,Traffic
4949766982,4,2.3,On Time,Traffic
5258344385,4,1.13,On Time,Traffic
8101930640,5,4.71,On Time,Traffic
6703316563,15,4.65,Slightly Delayed,Traffic
7680297690,2,4.55,On Time,Traffic
7256340388,29,3.92,Significantly Delayed,Traffic
2538269668,0,2.15,On Time,
7506762237,23,4.76,Significantly Delayed,Traffic
6585436114,7,2.49,Slightly Delayed,Traffic
9852996866,-5,1.69,On Time,
1991135167,1,1.43,On Time,Traffic
7765110772,-3,3.16,On Time,
3520718052,0,3.85,On Time,
5388573375,0,4.54,On Time,
8977771682,-3,3.31,On Time,
3596900942,13,2.24,Slightly Delayed,Traffic
155295996,4,2.14,On Time,Traffic
1945536198,4,2.21,On Time,Traffic
2550246555,8,2.42,Slightly Delayed,Traffic
4287631655,21,0.53,Significantly Delayed,Traffic
2033683703,16,0.78,Significantly Delayed,Traffic
9453583714,-3,2.23,On Time,
852886125,-4,3.55,On Time,
5705899665,-1,4.91,On Time,
5706043483,4,4.04,On Time,Traffic
5190422833,-1,4.34,On Time,
7178188501,-1,3.33,On Time,
2864819888,4,3.51,On Time,Traffic
7107216633,6,1.41,Slightly Delayed,Traffic
1685382357,16,1.64,Significantly Delayed,Traffic
7562902958,1,3.27,On Time,Traffic
2819953077,12,4.25,Slightly Delayed,Traffic
8453462258,-4,0.83,On Time,
4605056279,3,3.2,On Time,Traffic
5998035939,-2,3.32,On Time,
2311501690,-2,4.33,On Time,
356495722,0,4.52,On Time,
2695448838,7,1.36,Slightly Delayed,Traffic
6986791144,12,4.04,Slightly Delayed,Traffic
8619571588,-3,2.34,On Time,
4088553674,27,4.81,Significantly Delayed,Traffic
8177907004,25,3.11,Significantly Delayed,Traffic
8533749006,8,4.51,Slightly Delayed,Traffic
8694014791,8,1.27,Slightly Delayed,Traffic
6311012195,-2,3.44,On Time,
1312767771,5,1.58,On Time,Traffic
214919848,5,2.87,On Time,Traffic
5521682945,8,4.67,Slightly Delayed,Traffic
5305770811,6,1.74,Slightly Delayed,Traffic
5842420654,6,2.08,Slightly Delayed,Traffic
4566893863,-1,3.38,On Time,
1523729855,-1,4.46,On Time,
2899786983,1,4.79,On Time,Traffic
9202528884,30,4.54,Significantly Delayed,Traffic
4338327693,13,4.94,Slightly Delayed,Traffic
6295686357,-1,4.41,On Time,
6396194687,4,3.68,On Time,Traffic
5662786245,1,3.05,On Time,Traffic
4868150114,17,3.86,Significantly Delayed,Traffic
502764834,5,3.37,On Time,Traffic
5056125341,11,0.77,Slightly Delayed,Traffic
6388618916,1,4.19,On Time,Traffic
3508668494,0,2.62,On Time,
5289436093,26,3.44,Significantly Delayed,Traffic
7596333614,3,4.44,On Time,Traffic
6284076508,1,3.07,On Time,Traffic
340050407,-3,4.06,On Time,
5927472701,-2,2.81,On Time,
9216536492,1,2.87,On Time,Traffic
3742662928,-3,2.81,On Time,
4797768073,18,3.18,Significantly Delayed,Traffic
6767935470,1,4.68,On Time,Traffic
1963703928,-3,1.88,On Time,
552470423,-4,3.92,On Time,
739434870,5,1.83,On Time,Traffic
7930373606,5,4.4,On Time,Traffic
5374978054,4,3.18,On Time,Traffic
4361797433,3,0.64,On Time,Traffic
2002067527,2,3.85,On Time,Traffic
4228110436,30,3.94,Significantly Delayed,Traffic
1251118825,13,1.52,Slightly Delayed,Traffic
7165265639,-5,4.19,On Time,
1255323701,-2,3.42,On Time,
807934194,2,4.99,On Time,Traffic
7968718292,1,4.24,On Time,Traffic
2620531979,9,1.54,Slightly Delayed,Traffic
6943430459,2,3.14,On Time,Traffic
5607355353,21,3.49,Significantly Delayed,Traffic
6696352636,30,2.78,Significantly Delayed,Traffic
9325920156,10,3,Slightly Delayed,Traffic
2286477025,4,3.01,On Time,Traffic
6704773223,22,4.68,Significantly Delayed,Traffic
1435353007,1,3.36,On Time,Traffic
8080970647,5,1.56,On Time,Traffic
5881633926,3,3.38,On Time,Traffic
4435459085,0,1.72,On Time,
6172529406,29,4.24,Significantly Delayed,Traffic
9127879048,2,4.96,On Time,Traffic
3806545110,1,0.92,On Time,Traffic
6919395718,-4,2.54,On Time,
5277462976,1,3.75,On Time,Traffic
3606274277,-4,3.95,On Time,
2065203676,5,3.91,On Time,Traffic
4042066387,8,4.43,Slightly Delayed,Traffic
3604982656,8,3.17,Slightly Delayed,Traffic
1149676745,0,1.02,On Time,
3895011687,5,4.37,On Time,Traffic
772505056,-3,3.9,On Time,
5574765914,-3,0.72,On Time,
8812616740,4,2.53,On Time,Traffic
1486655525,2,3.44,On Time,Traffic
8423025639,14,2.22,Slightly Delayed,Traffic
9020705185,1,4.57,On Time,Traffic
7719808698,2,3.05,On Time,Traffic
3414036630,-4,3.73,On Time,
4157869967,2,2.57,On Time,Traffic
4873887251,3,2.77,On Time,Traffic
8031946454,-1,2.72,On Time,
8168056170,14,0.57,Slightly Delayed,Traffic
3108512811,2,2.16,On Time,Traffic
1680591951,-3,4.57,On Time,
559245731,5,2.33,On Time,Traffic
8655600303,-3,1.6,On Time,
8247327365,14,3.86,Slightly Delayed,Traffic
9153347285,0,2.46,On Time,
1977533409,-3,1.34,On Time,
2433646621,9,1.03,Slightly Delayed,Traffic
22830983,18,1.59,Significantly Delayed,Traffic
1143763031,1,1.67,On Time,Traffic
8524056436,-3,3.93,On Time,
4262338791,0,1.32,On Time,
187728451,-1,3.79,On Time,
6754346312,-1,2.23,On Time,
5790622967,-1,4.92,On Time,
4305348838,25,1.16,Significantly Delayed,Traffic
2902411553,-3,1.16,On Time,
3691199770,3,4.77,On Time,Traffic
775709102,-1,1,On Time,
5262508570,0,3.11,On Time,
192109127,10,2.64,Slightly Delayed,Traffic
1108215973,6,0.96,Slightly Delayed,Traffic
1719134546,2,1.4,On Time,Traffic
5280263316,28,1.87,Significantly Delayed,Traffic
9448306266,-5,0.55,On Time,
8023626961,9,1.49,Slightly Delayed,Traffic
1118405605,9,0.56,Slightly Delayed,Traffic
8226034341,3,4.97,On Time,Traffic
6976835753,-3,0.59,On Time,
9171564499,8,2.2,Slightly Delayed,Traffic
5393607402,-4,3.76,On Time,
5670040592,2,3.5,On Time,Traffic
6736891890,12,3.45,Slightly Delayed,Traffic
1223255075,1,3.99,On Time,Traffic
8158413630,-2,4.08,On Time,
7867573412,20,2.24,Significantly Delayed,Traffic
1624690598,-4,1.09,On Time,
8968945932,26,1.18,Significantly Delayed,Traffic
1645212433,27,4.25,Significantly Delayed,Traffic
9187046038,4,1.42,On Time,Traffic
9305357757,-3,1.02,On Time,
8312320295,0,2.96,On Time,
3256941332,-4,1.42,On Time,
8980502814,0,4.79,On Time,
9270396838,-1,1.87,On Time,
2892588628,7,4.94,Slightly Delayed,Traffic
8774158800,14,2.44,Slightly Delayed,Traffic
2056131802,20,4.41,Significantly Delayed,Traffic
3528007192,2,0.97,On Time,Traffic
2845333894,11,2.58,Slightly Delayed,Traffic
6602340187,21,4.65,Significantly Delayed,Traffic
721004875,-4,2.71,On Time,
7435895360,5,2.26,On Time,Traffic
4217659083,13,0.56,Slightly Delayed,Traffic
9710865146,5,0.69,On Time,Traffic
5375295409,2,0.61,On Time,Traffic
6286044248,-3,3.31,On Time,
1708282193,3,3.62,On Time,Traffic
5746303677,-1,3.82,On Time,
3271726381,19,1.76,Significantly Delayed,Traffic
9802569856,-3,4.31,On Time,
662460037,11,4.74,Slightly Delayed,Traffic
8664447334,29,4.11,Significantly Delayed,Traffic
3886370975,4,3.43,On Time,Traffic
3547006553,19,4.41,Significantly Delayed,Traffic
2575965518,-5,1.24,On Time,
1529363954,3,0.78,On Time,Traffic
8463856241,7,4.41,Slightly Delayed,Traffic
2485242479,-1,3.71,On Time,
9850673433,7,1.39,Slightly Delayed,Traffic
2558680592,0,1.77,On Time,
2859167116,15,0.66,Slightly Delayed,Traffic
1222236371,11,4.79,Slightly Delayed,Traffic
344177904,9,2.27,Slightly Delayed,Traffic
6126334783,5,2.26,On Time,Traffic
3742575364,2,3.47,On Time,Traffic
9272166174,2,1.13,On Time,Traffic
9416522701,0,2.82,On Time,
7305871805,-1,0.87,On Time,
80296810,-1,2.47,On Time,
2806868282,-3,3.65,On Time,
707033578,1,3.54,On Time,Traffic
9026783092,15,4.1,Slightly Delayed,Traffic
6229466619,8,1.71,Slightly Delayed,Traffic
408720270,16,1.09,Significantly Delayed,Traffic
8870165072,5,0.8,On Time,Traffic
1979319490,4,1.06,On Time,Traffic
840761323,4,3.99,On Time,Traffic
744721438,12,4.3,Slightly Delayed,Traffic
7421707488,-4,1.44,On Time,
1212718824,-5,4.18,On Time,
9603256001,12,2.98,Slightly Delayed,Traffic
5626888972,3,2.32,On Time,Traffic
2300753276,9,1.49,Slightly Delayed,Traffic
869629562,-3,4.42,On Time,
3429137520,-3,1.67,On Time,
9957927297,2,0.97,On Time,Traffic
202466684,-5,1.48,On Time,
8465721207,-5,2.05,On Time,
6194827199,-4,0.62,On Time,
3942174431,10,3.08,Slightly Delayed,Traffic
3189863462,-3,2.7,On Time,
5923573134,5,2.43,On Time,Traffic
6659747528,0,2.52,On Time,
6037541687,2,2.23,On Time,Traffic
2585438297,5,3.99,On Time,Traffic
8065774615,25,4.95,Significantly Delayed,Traffic
1816814476,3,0.55,On Time,Traffic
5278014717,5,4.94,On Time,Traffic
4265447949,25,4,Significantly Delayed,Traffic
6752221435,4,0.55,On Time,Traffic
8943989258,3,0.8,On Time,Traffic
4068367936,-1,3.56,On Time,
5735156904,13,4.91,Slightly Delayed,Traffic
2405929115,23,2.23,Significantly Delayed,Traffic
7913167260,29,3.92,Significantly Delayed,Traffic
1989751369,12,2.92,Slightly Delayed,Traffic
7338050095,-2,2.31,On Time,
9950986048,3,3.9,On Time,Traffic
5098703807,-2,4.46,On Time,
6937485392,8,4.79,Slightly Delayed,Traffic
1266440097,-5,4.01,On Time,
7415490509,-1,4.12,On Time,
7284991749,-1,2.92,On Time,
4645792703,-5,2.04,On Time,
3174938939,0,3.76,On Time,
1752712049,12,4.33,Slightly Delayed,Traffic
8187201830,-4,4.44,On Time,
6900896329,2,2.14,On Time,Traffic
3793977529,0,4.5,On Time,
194459698,-1,1.01,On Time,
9330447952,5,3.13,On Time,Traffic
2097372277,-4,0.71,On Time,
7060954153,-5,1.89,On Time,
2921310646,0,4.35,On Time,
3983082555,22,2.56,Significantly Delayed,Traffic
4867298468,4,1.6,On Time,Traffic
3402631472,0,4.47,On Time,
1648146562,-3,3.06,On Time,
5907766010,11,4.11,Slightly Delayed,Traffic
9233577456,-1,4.29,On Time,
4084808075,-2,0.66,On Time,
7217049550,24,2.87,Significantly Delayed,Traffic
1831943568,5,1.86,On Time,Traffic
8707473624,-3,4.9,On Time,
7075868285,4,3.48,On Time,Traffic
5164162918,-1,3.51,On Time,
2175298644,-2,2.91,On Time,
5882568464,-2,2.42,On Time,
7847708619,1,2.54,On Time,Traffic
6366048116,-2,2.19,On Time,
4926287333,1,2.68,On Time,Traffic
5532838325,-3,3.85,On Time,
2567996236,-1,1,On Time,
2655613624,29,1.78,Significantly Delayed,Traffic
7706089549,0,3.96,On Time,
8257370396,16,1.33,Significantly Delayed,Traffic
8623808984,6,3.27,Slightly Delayed,Traffic
7579506101,-3,2.05,On Time,
8861024199,-4,0.54,On Time,
7666131311,5,4.09,On Time,Traffic
103589925,10,1.05,Slightly Delayed,Traffic
7346858138,-3,1.78,On Time,
4963962664,-4,4.59,On Time,
9069936094,23,3.6,Significantly Delayed,Traffic
4665363191,6,1.61,Slightly Delayed,Traffic
888510905,12,1.18,Slightly Delayed,Traffic
6876091286,-2,1.57,On Time,
2592923105,23,4.84,Significantly Delayed,Traffic
2468550508,3,3.31,On Time,Traffic
5302956276,0,3.16,On Time,
9409714182,12,0.86,Slightly Delayed,Traffic
1446221570,-1,1.43,On Time,
8250036360,1,4.62,On Time,Traffic
447464341,7,4.08,Slightly Delayed,Traffic
15642223,3,1.44,On Time,Traffic
3285378238,15,1.46,Slightly Delayed,Traffic
2356483296,8,3.25,Slightly Delayed,Traffic
3382911339,-1,4.92,On Time,
3690872026,5,3.81,On Time,Traffic
6755367585,-3,4.56,On Time,
6835850079,3,3.44,On Time,Traffic
9345418784,4,4.58,On Time,Traffic
7185243614,2,2.47,On Time,Traffic
2319044818,-4,1.98,On Time,
931834374,0,1.72,On Time,
8485398781,0,0.62,On Time,
9806464912,14,4.41,Slightly Delayed,Traffic
8214365128,-4,2.87,On Time,
137089318,-5,3.62,On Time,
7615602420,5,2.32,On Time,Traffic
3995348964,4,4.1,On Time,Traffic
3816542830,-4,1.05,On Time,
9665004924,-1,3.11,On Time,
1728547597,19,2.16,Significantly Delayed,Traffic
5311190131,1,2.18,On Time,Traffic
9581592141,0,1.44,On Time,
4848863693,-3,3.47,On Time,
6374883107,21,4.8,Significantly Delayed,Traffic
3270131216,14,4.44,Slightly Delayed,Traffic
2643382562,0,1.49,On Time,
5212524996,1,4.2,On Time,Traffic
9594095277,-2,1.97,On Time,
8375863419,15,1.19,Slightly Delayed,Traffic
7523880783,-5,3.8,On Time,
9670158103,2,1.07,On Time,Traffic
4344108631,10,3.98,Slightly Delayed,Traffic
2237858,3,3.86,On Time,Traffic
3217791988,-2,2.99,On Time,
3355718103,-3,1.81,On Time,
9590518103,1,3.73,On Time,Traffic
6610120274,1,0.9,On Time,Traffic
1180899898,3,2.5,On Time,Traffic
8758992688,25,1.35,Significantly Delayed,Traffic
6965716176,2,4.53,On Time,Traffic
5527742274,-5,2.61,On Time,
826610039,-1,3.04,On Time,
3303891913,5,2.77,On Time,Traffic
2489292878,-5,4.76,On Time,
8589851630,2,1.23,On Time,Traffic
4598897781,10,3.07,Slightly Delayed,Traffic
6932356214,14,1.35,Slightly Delayed,Traffic
3499004322,-1,2.4,On Time,
7517620171,-5,0.54,On Time,
172987148,25,2.52,Significantly Delayed,Traffic
8347207794,3,1.12,On Time,Traffic
9472355181,3,2.8,On Time,Traffic
1315064289,23,2.35,Significantly Delayed,Traffic
9371869941,0,4.35,On Time,
5184568404,-4,0.93,On Time,
5891002534,10,3.92,Slightly Delayed,Traffic
1479730711,21,4.51,Significantly Delayed,Traffic
7651037338,0,2.86,On Time,
8763754537,-3,0.83,On Time,
7683813608,3,3.63,On Time,Traffic
6722955128,-4,3.37,On Time,
8259274680,-2,3.76,On Time,
4620484274,13,4.36,Slightly Delayed,Traffic
8260569466,-4,4.84,On Time,
8498916204,0,4.77,On Time,
3209538967,4,3.13,On Time,Traffic
2570640420,4,2.92,On Time,Traffic
2066843639,-5,3.92,On Time,
7402125753,10,4.99,Slightly Delayed,Traffic
9171089443,0,2.95,On Time,
3272079644,3,2.67,On Time,Traffic
438111050,-2,1.32,On Time,
7416160835,-3,1.33,On Time,
4075074492,23,2.96,Significantly Delayed,Traffic
5536024334,-4,0.83,On Time,
2013140214,5,0.51,On Time,Traffic
1113582397,2,3.55,On Time,Traffic
1083928258,4,0.64,On Time,Traffic
4906957374,-3,0.79,On Time,
1876614122,-3,4.12,On Time,
6556180328,-1,4.26,On Time,
7960553477,-5,4.56,On Time,
6335972517,12,1.39,Slightly Delayed,Traffic
6254948159,0,4.42,On Time,
7527936057,2,2.96,On Time,Traffic
6257851675,22,4.45,Significantly Delayed,Traffic
6832610950,24,1.51,Significantly Delayed,Traffic
5085005195,4,4.3,On Time,Traffic
2177207547,-2,1.62,On Time,
3043364543,2,0.6,On Time,Traffic
2823404098,-2,4.66,On Time,
646676955,-4,3.76,On Time,
5756607486,-2,0.99,On Time,
9373691795,4,1.26,On Time,Traffic
2611601543,10,3.19,Slightly Delayed,Traffic
1491360686,11,2.67,Slightly Delayed,Traffic
1824533423,3,2.97,On Time,Traffic
2913841018,0,4.32,On Time,
3141803761,19,0.73,Significantly Delayed,Traffic
6184484468,1,4.75,On Time,Traffic
4599327740,0,0.55,On Time,
7479207574,29,3.74,Significantly Delayed,Traffic
2996133401,-2,1.35,On Time,
5972410040,3,2.11,On Time,Traffic
4007593324,4,3.37,On Time,Traffic
3428454405,-1,1.63,On Time,
1160646195,21,1.48,Significantly Delayed,Traffic
4376524554,5,1.55,On Time,Traffic
1519072771,2,1.52,On Time,Traffic
8203685394,1,4.11,On Time,Traffic
7906789850,6,1.17,Slightly Delayed,Traffic
8073770046,13,3.42,Slightly Delayed,Traffic
5190202949,12,1.62,Slightly Delayed,Traffic
8542325207,3,4.04,On Time,Traffic
7566730050,1,2.52,On Time,Traffic
176509722,-2,1.92,On Time,
1894603222,3,3.9,On Time,Traffic
2694800415,-5,3.85,On Time,
5879390688,6,2.02,Slightly Delayed,Traffic
1197715978,3,3.68,On Time,Traffic
7790696031,-5,4.31,On Time,
2189360099,-3,4.48,On Time,
3542041943,2,3.35,On Time,Traffic
9202469009,-3,3.89,On Time,
3985829990,14,1.63,Slightly Delayed,Traffic
4341872315,1,1.37,On Time,Traffic
4748123248,-1,2.43,On Time,
99905061,8,3.18,Slightly Delayed,Traffic
9118004489,-4,2.34,On Time,
1696936610,4,3.08,On Time,Traffic
155669553,-2,0.77,On Time,
2885541999,-3,0.83,On Time,
2846340681,3,2.36,On Time,Traffic
963715332,15,0.55,Slightly Delayed,Traffic
2807634451,5,4.64,On Time,Traffic
3046341241,-4,1.4,On Time,
485687952,12,1.05,Slightly Delayed,Traffic
7660904370,12,4.8,Slightly Delayed,Traffic
9753033954,-1,3.49,On Time,
9509887699,-1,1.44,On Time,
1054122071,2,2.96,On Time,Traffic
9135272808,-2,3.77,On Time,
597447215,-5,3.05,On Time,
5562099656,5,4.23,On Time,Traffic
4122736828,-3,2.49,On Time,
7238138072,-5,2.2,On Time,
6244736404,10,0.66,Slightly Delayed,Traffic
1297341963,-2,1.23,On Time,
3842442278,-4,3.4,On Time,
9576684860,8,3.99,Slightly Delayed,Traffic
1592757566,20,2.61,Significantly Delayed,Traffic
5060677329,15,3.19,Slightly Delayed,Traffic
2241930006,28,4.78,Significantly Delayed,Traffic
3246505078,20,4.47,Significantly Delayed,Traffic
5870152806,-5,0.51,On Time,
8919999754,0,4.16,On Time,
1080338783,-1,2.6,On Time,
4641905606,-3,3.24,On Time,
9456413999,2,2.21,On Time,Traffic
4764056827,11,1.87,Slightly Delayed,Traffic
5168057633,-3,3.82,On Time,
1442559656,21,1.3,Significantly Delayed,Traffic
6590257283,2,3.29,On Time,Traffic
3429671763,19,3.56,Significantly Delayed,Traffic
4750086089,8,1.14,Slightly Delayed,Traffic
3204128006,13,0.62,Slightly Delayed,Traffic
3171917027,0,0.87,On Time,
8814047085,-5,2.67,On Time,
1889723479,4,0.52,On Time,Traffic
942025494,14,3,Slightly Delayed,Traffic
4104444500,-2,4.02,On Time,
7562260313,2,4.56,On Time,Traffic
7140244766,-3,1.81,On Time,
7967974077,9,1.08,Slightly Delayed,Traffic
7456822422,8,1.45,Slightly Delayed,Traffic
4813468096,2,2.52,On Time,Traffic
8618576020,1,4.62,On Time,Traffic
3727646442,-1,1.11,On Time,
9208156337,0,1.92,On Time,
8328118787,5,1.32,On Time,Traffic
580528836,29,0.53,Significantly Delayed,Traffic
3350662630,-4,2.73,On Time,
6716381725,14,3.48,Slightly Delayed,Traffic
2249567137,1,1.4,On Time,Traffic
7484465509,-4,2.84,On Time,
2577208156,7,0.86,Slightly Delayed,Traffic
3321905621,5,4.53,On Time,Traffic
6686839282,9,3.16,Slightly Delayed,Traffic
5095558661,3,3.7,On Time,Traffic
112658009,-3,4.54,On Time,
1343610513,8,1.57,Slightly Delayed,Traffic
7190610535,-4,3.79,On Time,
5069426001,1,4.78,On Time,Traffic
5655369002,0,1.89,On Time,
5761530160,15,2.31,Slightly Delayed,Traffic
4772519706,-1,2.96,On Time,
8209051735,0,3.48,On Time,
4870391666,2,4.36,On Time,Traffic
7777975083,29,2.56,Significantly Delayed,Traffic
8713948756,19,3.45,Significantly Delayed,Traffic
6191050157,5,2.74,On Time,Traffic
4060449266,4,4.42,On Time,Traffic
5657605506,-1,3.88,On Time,
8851743592,-4,2.89,On Time,
4689717606,0,2.84,On Time,
2860246948,29,1.18,Significantly Delayed,Traffic
2875550803,-1,2.92,On Time,
5340575011,3,0.68,On Time,Traffic
7717156533,4,4.13,On Time,Traffic
8297255359,3,1.36,On Time,Traffic
7873234939,6,4.38,Slightly Delayed,Traffic
3668515922,14,1.86,Slightly Delayed,Traffic
8356690330,-4,0.86,On Time,
3508620293,0,1.6,On Time,
9998297778,1,4.71,On Time,Traffic
3898421710,6,4.58,Slightly Delayed,Traffic
3960980694,11,1.33,Slightly Delayed,Traffic
5008395294,19,2.33,Significantly Delayed,Traffic
3722869004,2,4.82,On Time,Traffic
8391555591,16,4.15,Significantly Delayed,Traffic
8063730776,-2,2.05,On Time,
9052752169,5,0.58,On Time,Traffic
7471416647,7,3.97,Slightly Delayed,Traffic
848332407,-2,2.38,On Time,
4062701987,-5,4.44,On Time,
8723912832,3,4.96,On Time,Traffic
9099298435,-1,3.41,On Time,
5645691241,9,4.73,Slightly Delayed,Traffic
8258019846,4,3.26,On Time,Traffic
2732162016,3,4.58,On Time,Traffic
1561902412,1,4.92,On Time,Traffic
8979476889,1,0.91,On Time,Traffic
8373953053,15,3.09,Slightly Delayed,Traffic
7021309133,8,1.59,Slightly Delayed,Traffic
3447085029,3,1.19,On Time,Traffic
9284767341,-1,1.41,On Time,
9770431940,-5,3.72,On Time,
9650124390,-4,0.56,On Time,
9826894858,4,4.28,On Time,Traffic
4466839873,3,2.21,On Time,Traffic
4331471900,10,3.97,Slightly Delayed,Traffic
5777824005,-5,2.8,On Time,
8795242622,-4,3.8,On Time,
8561878376,3,0.99,On Time,Traffic
2113243643,0,2.8,On Time,
8497820340,2,1.08,On Time,Traffic
3167184563,4,1.15,On Time,Traffic
9997121955,-3,2.37,On Time,
2954397481,2,2.94,On Time,Traffic
8125884987,3,2.74,On Time,Traffic
3765873352,4,2.25,On Time,Traffic
7733310993,12,4.55,Slightly Delayed,Traffic
738093341,30,4.73,Significantly Delayed,Traffic
1837574319,18,1.22,Significantly Delayed,Traffic
2468420564,28,2.91,Significantly Delayed,Traffic
5368005763,-5,4.25,On Time,
3823949592,-5,1.48,On Time,
6298008063,7,3.69,Slightly Delayed,Traffic
2499190829,2,1.74,On Time,Traffic
491116137,7,3.48,Slightly Delayed,Traffic
2206269404,-3,0.63,On Time,
1330806043,7,0.7,Slightly Delayed,Traffic
6770858376,20,1.3,Significantly Delayed,Traffic
4466716432,1,3.47,On Time,Traffic
8292554686,6,1.94,Slightly Delayed,Traffic
4204069161,-2,1.36,On Time,
2163079658,2,1.77,On Time,Traffic
6971561757,23,0.61,Significantly Delayed,Traffic
7965253060,9,3.58,Slightly Delayed,Traffic
8939040193,12,3.57,Slightly Delayed,Traffic
8322028211,1,3.61,On Time,Traffic
6865922682,-4,1.34,On Time,
5912729079,15,1.04,Slightly Delayed,Traffic
8764776130,3,4.54,On Time,Traffic
7769965629,5,1.18,On Time,Traffic
2166463032,2,4.57,On Time,Traffic
7035343259,-1,3.24,On Time,
8914775994,-2,2.16,On Time,
7565647347,-5,0.84,On Time,
6172215120,2,1.34,On Time,Traffic
4043585691,6,3.27,Slightly Delayed,Traffic
3735186180,2,4.49,On Time,Traffic
5281459433,12,4.07,Slightly Delayed,Traffic
424087401,-3,4.06,On Time,
884327245,6,3.13,Slightly Delayed,Traffic
6318008970,3,3.66,On Time,Traffic
3792751421,-5,1.97,On Time,
5471255539,-5,4.24,On Time,
9917290378,20,1.27,Significantly Delayed,Traffic
208989475,-2,0.99,On Time,
7672827556,-1,4.5,On Time,
3792912325,-3,4.69,On Time,
2478533601,7,2.11,Slightly Delayed,Traffic
2255745327,-4,0.6,On Time,
8612261848,-4,1.18,On Time,
6949810049,-1,4.59,On Time,
2399456941,7,1.88,Slightly Delayed,Traffic
6292969164,13,4.22,Slightly Delayed,Traffic
2929485756,27,2.46,Significantly Delayed,Traffic
8757869416,0,0.84,On Time,
2653966619,-4,3.9,On Time,
336103625,1,4.58,On Time,Traffic
3727289407,-3,2.24,On Time,
701250513,1,4.12,On Time,Traffic
101816977,4,1.45,On Time,Traffic
7838223552,-1,4.95,On Time,
4123140013,-4,2.59,On Time,
9821008306,-4,0.74,On Time,
5414882934,-1,2.98,On Time,
9257313140,17,1.34,Significantly Delayed,Traffic
3857021231,2,3.89,On Time,Traffic
1606381345,-5,1.32,On Time,
239830094,-2,4.5,On Time,
580582858,-1,4.39,On Time,
4191340899,0,2.05,On Time,
1013630716,18,2.58,Significantly Delayed,Traffic
8220017366,18,2.59,Significantly Delayed,Traffic
4353485612,9,1.22,Slightly Delayed,Traffic
8682172393,5,0.99,On Time,Traffic
4085089017,7,0.95,Slightly Delayed,Traffic
1287686307,22,3.84,Significantly Delayed,Traffic
4425450216,-4,2.32,On Time,
7799346570,-5,4.86,On Time,
5917975686,1,2.29,On Time,Traffic
9588500388,14,2.55,Slightly Delayed,Traffic
3963207709,24,3.13,Significantly Delayed,Traffic
2217466286,23,2.22,Significantly Delayed,Traffic
7130088913,3,3.43,On Time,Traffic
9064682961,-1,3.91,On Time,
6060156146,15,3.34,Slightly Delayed,Traffic
3106610673,8,4.04,Slightly Delayed,Traffic
442408751,1,3.45,On Time,Traffic
353571238,4,1.94,On Time,Traffic
4670530333,-3,2.26,On Time,
4961370923,5,1.03,On Time,Traffic
8946821991,0,2.84,On Time,
5720622852,-2,4.29,On Time,
7305353953,28,1.58,Significantly Delayed,Traffic
1402723627,14,4.23,Slightly Delayed,Traffic
9820620357,5,1.35,On Time,Traffic
1930286155,6,2.1,Slightly Delayed,Traffic
6759029950,4,2.4,On Time,Traffic
9032188284,11,2.56,Slightly Delayed,Traffic
9490161602,-5,0.81,On Time,
8565257085,-4,1.9,On Time,
4884845960,-4,3.47,On Time,
6181604084,-3,0.69,On Time,
2718508408,15,4.85,Slightly Delayed,Traffic
8354866000,8,5,Slightly Delayed,Traffic
8025728977,-3,2.84,On Time,
6531356394,0,0.83,On Time,
5489184758,-1,3.02,On Time,
1377599881,-3,0.53,On Time,
227162938,-2,2.54,On Time,
3449083612,13,3.64,Slightly Delayed,Traffic
5662514948,-5,3.27,On Time,
2034571482,15,2.48,Slightly Delayed,Traffic
348782569,11,2.5,Slightly Delayed,Traffic
8697396531,-2,1.71,On Time,
3538455450,-1,2.89,On Time,
7513290139,-1,3.71,On Time,
8320461939,-4,4.38,On Time,
8217899522,0,4.1,On Time,
4217056877,8,3.74,Slightly Delayed,Traffic
3684167813,-2,0.85,On Time,
5351904164,5,1.17,On Time,Traffic
2731829604,-3,0.89,On Time,
7162485958,0,2.87,On Time,
4830502113,-1,2.76,On Time,
9797013595,9,3.93,Slightly Delayed,Traffic
9487843345,4,2.95,On Time,Traffic
2148242015,29,4.21,Significantly Delayed,Traffic
7465258008,14,2.88,Slightly Delayed,Traffic
8875274470,25,1.03,Significantly Delayed,Traffic
7049717910,-2,0.83,On Time,
4829897426,-3,3.29,On Time,
3532186218,1,4.85,On Time,Traffic
6897674900,-3,2.32,On Time,
163895717,-3,2.3,On Time,
9857592403,4,4.17,On Time,Traffic
2521197661,17,0.86,Significantly Delayed,Traffic
488314125,13,3.13,Slightly Delayed,Traffic
5073549838,4,1.01,On Time,Traffic
6399568661,-1,3.42,On Time,
3672658084,0,3.4,On Time,
8273236145,2,3.75,On Time,Traffic
3411233779,-4,1.67,On Time,
8024667539,12,1.85,Slightly Delayed,Traffic
6112199794,6,4.43,Slightly Delayed,Traffic
9484473160,9,2.47,Slightly Delayed,Traffic
9729709418,-5,4.73,On Time,
7900224799,13,1.48,Slightly Delayed,Traffic
1821414490,-1,0.92,On Time,
5813507399,-5,2.37,On Time,
3928003125,15,1.46,Slightly Delayed,Traffic
5271866987,-2,2.84,On Time,
9794537731,3,3.02,On Time,Traffic
4852718488,-1,3.31,On Time,
8300546273,2,1.58,On Time,Traffic
976104194,30,0.78,Significantly Delayed,Traffic
5373961125,5,2.88,On Time,Traffic
6056126973,0,3.31,On Time,
6352881332,4,3.03,On Time,Traffic
1643234106,15,4.22,Slightly Delayed,Traffic
8697966993,22,2.95,Significantly Delayed,Traffic
2276061263,0,1.18,On Time,
4045613782,5,2.23,On Time,Traffic
2959828441,4,1.62,On Time,Traffic
3514589876,0,4.1,On Time,
9444081952,3,1.4,On Time,Traffic
8183959589,4,1.58,On Time,Traffic
1712832927,14,0.78,Slightly Delayed,Traffic
8162867215,5,2.71,On Time,Traffic
4160230443,5,2.46,On Time,Traffic
9787535949,10,1.96,Slightly Delayed,Traffic
3423995261,4,3.39,On Time,Traffic
1523343168,4,4.56,On Time,Traffic
1948066291,3,3.15,On Time,Traffic
2021361582,16,0.61,Significantly Delayed,Traffic
7491420331,8,3.25,Slightly Delayed,Traffic
994840771,14,3.72,Slightly Delayed,Traffic
6277344634,22,2.48,Significantly Delayed,Traffic
4092653338,-5,4.63,On Time,
7213712604,-4,2.8,On Time,
7326709115,7,3.53,Slightly Delayed,Traffic
9419789569,0,2.48,On Time,
5388191488,12,0.6,Slightly Delayed,Traffic
9065873433,10,2.06,Slightly Delayed,Traffic
4627342297,5,2.44,On Time,Traffic
4286971111,-5,1.8,On Time,
645282074,-1,0.88,On Time,
7260939789,5,1.1,On Time,Traffic
1716322448,3,4.92,On Time,Traffic
4293959647,-1,2.09,On Time,
3331935300,2,1.12,On Time,Traffic
1775389576,-1,0.67,On Time,
8194774262,10,3.25,Slightly Delayed,Traffic
3615279775,-1,2.4,On Time,
11467999,14,0.68,Slightly Delayed,Traffic
3971267196,4,2.74,On Time,Traffic
1584863963,17,3.64,Significantly Delayed,Traffic
1557893814,4,1.85,On Time,Traffic
8172695964,2,2.43,On Time,Traffic
7462800868,28,1.77,Significantly Delayed,Traffic
5438961669,17,2.1,Significantly Delayed,Traffic
4904849001,5,4.42,On Time,Traffic
4816980820,18,2.31,Significantly Delayed,Traffic
9004078716,0,4.57,On Time,
8350353728,5,1.62,On Time,Traffic
1204084245,16,4.5,Significantly Delayed,Traffic
4142209897,0,3.27,On Time,
125551624,0,1.09,On Time,
9970545044,5,1.76,On Time,Traffic
7976032064,2,4.57,On Time,Traffic
8691567542,5,1.06,On Time,Traffic
3592747590,29,3.76,Significantly Delayed,Traffic
7495753437,0,1.06,On Time,
3965847120,2,4.21,On Time,Traffic
9365984533,-3,4.34,On Time,
2948242102,-2,4.57,On Time,
6161193691,-5,2.46,On Time,
5964122835,-3,4.54,On Time,
8879377902,-5,3.82,On Time,
8158068874,14,4.01,Slightly Delayed,Traffic
7039570964,12,0.52,Slightly Delayed,Traffic
5482913265,11,0.61,Slightly Delayed,Traffic
1018255782,20,2.48,Significantly Delayed,Traffic
8441505853,2,3.69,On Time,Traffic
3850018395,15,1.25,Slightly Delayed,Traffic
4884197611,25,4.29,Significantly Delayed,Traffic
5321849748,-5,2.69,On Time,
9808738347,-3,2.79,On Time,
8727249149,-3,2.27,On Time,
2772154780,-1,0.69,On Time,
9128056381,0,0.84,On Time,
4461463308,0,1.16,On Time,
5636483988,-1,4.35,On Time,
1532065529,2,1.94,On Time,Traffic
9933994647,1,2,On Time,Traffic
4823026749,-4,3.57,On Time,
7453442245,3,2.49,On Time,Traffic
6519941559,0,2.37,On Time,
3798769654,-4,3.45,On Time,
5034289521,-2,2.26,On Time,
6971088688,9,3.13,Slightly Delayed,Traffic
5650184107,0,1.16,On Time,
5770410311,-2,0.96,On Time,
274530126,22,4.22,Significantly Delayed,Traffic
4819831152,4,2.73,On Time,Traffic
6977688323,5,2.86,On Time,Traffic
2035952734,-1,0.84,On Time,
3665334102,6,1.11,Slightly Delayed,Traffic
1862413314,3,3.96,On Time,Traffic
4466643926,1,4.72,On Time,Traffic
4470717835,3,1.91,On Time,Traffic
3018086191,2,2.04,On Time,Traffic
2447983559,27,1.82,Significantly Delayed,Traffic
5116322704,4,2.51,On Time,Traffic
8941550852,3,4.18,On Time,Traffic
8026773850,3,3.97,On Time,Traffic
2102402075,-5,5,On Time,
989844439,-2,2.39,On Time,
8426805628,-2,1.87,On Time,
7662188403,8,3.91,Slightly Delayed,Traffic
9141654140,1,1.33,On Time,Traffic
5696947751,1,3.95,On Time,Traffic
8953871540,5,1.91,On Time,Traffic
1767778760,0,2.32,On Time,
5516201271,-2,1.52,On Time,
9358248664,-3,0.77,On Time,
1530424665,2,3.67,On Time,Traffic
7816293360,2,3.35,On Time,Traffic
1602396548,2,1.2,On Time,Traffic
7938126128,-1,2.11,On Time,
271744331,-2,3.23,On Time,
387311360,-1,4.42,On Time,
1286123100,3,4.03,On Time,Traffic
4832392771,3,1.61,On Time,Traffic
4800106448,-4,3.27,On Time,
5500008514,-1,3.12,On Time,
7879575037,5,2.29,On Time,Traffic
50845914,-3,3.41,On Time,
9766990467,8,1.69,Slightly Delayed,Traffic
4215602937,1,3.25,On Time,Traffic
238484255,2,0.92,On Time,Traffic
3293988248,29,2.58,Significantly Delayed,Traffic
5296157775,3,1.35,On Time,Traffic
1143489067,-3,4.28,On Time,
8524452029,7,0.54,Slightly Delayed,Traffic
4256779885,-2,2.71,On Time,
7744686996,22,1.95,Significantly Delayed,Traffic
5427462399,4,3.89,On Time,Traffic
8596751747,-1,4.11,On Time,
4746468643,1,4.62,On Time,Traffic
3010047327,5,2.44,On Time,Traffic
1236959246,4,1.59,On Time,Traffic
6600422315,3,0.94,On Time,Traffic
3227252410,-2,0.92,On Time,
6972292408,17,2.13,Significantly Delayed,Traffic
7562754470,1,1.58,On Time,Traffic
7361971676,4,4.06,On Time,Traffic
8875605037,4,1.78,On Time,Traffic
8508253527,12,2.64,Slightly Delayed,Traffic
6798775600,14,3.02,Slightly Delayed,Traffic
3624810422,4,1.05,On Time,Traffic
4740213452,12,2.62,Slightly Delayed,Traffic
3825468344,2,4.66,On Time,Traffic
902245665,-2,1.57,On Time,
6874299189,3,4.85,On Time,Traffic
1127125313,9,3.32,Slightly Delayed,Traffic
3606548818,2,4,On Time,Traffic
5750044154,11,2.04,Slightly Delayed,Traffic
3872847781,-2,3.03,On Time,
5939554684,4,1.97,On Time,Traffic
676412814,0,3.44,On Time,
4248390724,9,2.98,Slightly Delayed,Traffic
8938687150,-5,2.03,On Time,
7898867047,7,3.91,Slightly Delayed,Traffic
2142065357,0,2.63,On Time,
9024719693,1,2.56,On Time,Traffic
8976616698,2,2.97,On Time,Traffic
8792586840,3,4.87,On Time,Traffic
5375387413,2,1.63,On Time,Traffic
4252164097,8,4.88,Slightly Delayed,Traffic
8423273411,0,1.77,On Time,
2551179741,14,2.62,Slightly Delayed,Traffic
227511348,1,0.84,On Time,Traffic
4434464045,0,1.19,On Time,
7041011843,0,3.37,On Time,
6510283268,-2,4.4,On Time,
6853654698,5,1.16,On Time,Traffic
9338996795,-2,4.45,On Time,
7346145952,-4,0.76,On Time,
6497069610,2,1.13,On Time,Traffic
1741402363,2,1.4,On Time,Traffic
4825878367,0,4.4,On Time,
7019011442,-4,2.49,On Time,
1674463798,6,0.99,Slightly Delayed,Traffic
305684588,16,4.53,Significantly Delayed,Traffic
5967495442,11,1.54,Slightly Delayed,Traffic
2571047526,-5,2.29,On Time,
7784811086,24,1.07,Significantly Delayed,Traffic
7942005230,10,2.99,Slightly Delayed,Traffic
6653543195,11,2.42,Slightly Delayed,Traffic
397928918,15,4.32,Slightly Delayed,Traffic
776120140,16,2.58,Significantly Delayed,Traffic
8293188779,-2,2.18,On Time,
178737268,-1,3.03,On Time,
5246598523,26,2.03,Significantly Delayed,Traffic
1172544737,10,4.9,Slightly Delayed,Traffic
6419533291,2,1.37,On Time,Traffic
882083749,4,3.82,On Time,Traffic
3185510401,4,2.04,On Time,Traffic
7760767006,-5,2.21,On Time,
3833878150,26,3.31,Significantly Delayed,Traffic
369899578,1,2.12,On Time,Traffic
1944466212,-1,4.02,On Time,
4064447117,19,4.11,Significantly Delayed,Traffic
1553685597,30,2.21,Significantly Delayed,Traffic
3682284811,-3,1.6,On Time,
291439357,3,4.33,On Time,Traffic
8285784194,2,1.17,On Time,Traffic
5058742647,4,0.93,On Time,Traffic
6917020296,3,4.71,On Time,Traffic
6671181961,2,4.07,On Time,Traffic
5123439997,2,0.93,On Time,Traffic
8510183245,-5,4.02,On Time,
6081384585,1,0.74,On Time,Traffic
4423613746,9,1.54,Slightly Delayed,Traffic
1530472691,11,3.45,Slightly Delayed,Traffic
7009303199,8,0.72,Slightly Delayed,Traffic
5386652055,7,3.92,Slightly Delayed,Traffic
4413239746,13,4.76,Slightly Delayed,Traffic
4988875078,14,2.9,Slightly Delayed,Traffic
1617565217,-1,1.3,On Time,
392038758,8,1.35,Slightly Delayed,Traffic
1828727552,3,2.35,On Time,Traffic
7119397338,3,0.5,On Time,Traffic
2611271708,3,1.02,On Time,Traffic
7162509481,-5,2.82,On Time,
131913576,2,0.76,On Time,Traffic
6627201490,11,3.58,Slightly Delayed,Traffic
4644950813,5,1.44,On Time,Traffic
9434934993,13,3.81,Slightly Delayed,Traffic
2556317798,-2,4.01,On Time,
2826150539,5,3.16,On Time,Traffic
4283803308,4,2.2,On Time,Traffic
6873424093,1,2.72,On Time,Traffic
4741294126,1,1.18,On Time,Traffic
4967241271,1,4.29,On Time,Traffic
9554079946,0,1.05,On Time,
4601205399,5,1.75,On Time,Traffic
5633967304,15,3.63,Slightly Delayed,Traffic
4168163237,12,2.18,Slightly Delayed,Traffic
5924297360,15,3.57,Slightly Delayed,Traffic
2120299901,-4,2.67,On Time,
1070876534,-4,0.64,On Time,
7032280048,3,0.5,On Time,Traffic
156346853,15,1.43,Slightly Delayed,Traffic
6873267326,8,3.17,Slightly Delayed,Traffic
1370661468,4,3.11,On Time,Traffic
3612128358,-1,2.81,On Time,
1736953222,10,4.92,Slightly Delayed,Traffic
9107923488,4,4.98,On Time,Traffic
4378877600,14,0.94,Slightly Delayed,Traffic
3232762361,-2,3.74,On Time,
1831641377,10,4.35,Slightly Delayed,Traffic
562428866,14,3.8,Slightly Delayed,Traffic
4607715908,7,2.31,Slightly Delayed,Traffic
4804575203,23,2.47,Significantly Delayed,Traffic
8287234948,3,1.92,On Time,Traffic
6074452586,4,2.12,On Time,Traffic
6821790656,1,3.92,On Time,Traffic
7821942520,1,2.62,On Time,Traffic
3012496270,0,4.62,On Time,
8980370750,1,2.34,On Time,Traffic
6535672015,5,3.94,On Time,Traffic
6999060704,7,4.34,Slightly Delayed,Traffic
9403732731,4,4.7,On Time,Traffic
5649255352,2,1.79,On Time,Traffic
5034409841,18,1.76,Significantly Delayed,Traffic
9072111617,-3,0.69,On Time,
9556880451,-5,0.88,On Time,
4602796463,5,4.75,On Time,Traffic
6061353924,-3,2.47,On Time,
4366519080,-4,4.15,On Time,
1324817141,-2,3.53,On Time,
5419080144,-5,3.05,On Time,
8813470284,-5,3.15,On Time,
3182992799,13,4.56,Slightly Delayed,Traffic
7792996715,-5,4.66,On Time,
6962624734,5,1.69,On Time,Traffic
5948662456,2,0.64,On Time,Traffic
3395675979,-3,2.55,On Time,
7550368787,12,4.12,Slightly Delayed,Traffic
8357671697,-1,1.14,On Time,
9600704922,-1,4.99,On Time,
9915229426,0,1.69,On Time,
9927474026,13,0.9,Slightly Delayed,Traffic
6310535397,0,3.54,On Time,
8045941430,0,0.64,On Time,
4390394582,0,4.85,On Time,
5062545226,-3,1.59,On Time,
2836701831,4,1.63,On Time,Traffic
4115492281,1,2.16,On Time,Traffic
3554645781,9,3.43,Slightly Delayed,Traffic
3983605701,9,2.75,Slightly Delayed,Traffic
8581516385,0,2.41,On Time,
8290229112,-3,2.06,On Time,
1195560119,3,1.79,On Time,Traffic
5077327994,-3,4.36,On Time,
2945185661,-2,2.76,On Time,
3951005873,-5,4.02,On Time,
3490816523,15,4.88,Slightly Delayed,Traffic
6739114301,2,1.42,On Time,Traffic
5728818155,8,1.82,Slightly Delayed,Traffic
7713651693,5,4.26,On Time,Traffic
5452048621,15,1.74,Slightly Delayed,Traffic
2297027645,-5,2.68,On Time,
2438302298,15,2.07,Slightly Delayed,Traffic
578811216,18,0.57,Significantly Delayed,Traffic
8684710720,-1,3.27,On Time,
1249797614,1,4.91,On Time,Traffic
8013026217,0,2.31,On Time,
5421697986,4,4.2,On Time,Traffic
8922741261,1,2.01,On Time,Traffic
3441102335,0,1.66,On Time,
6065607924,-1,2.71,On Time,
5153395650,4,4.12,On Time,Traffic
2215235447,-4,3.74,On Time,
5678676134,-4,4.35,On Time,
5045588926,1,2.76,On Time,Traffic
1677502866,-3,2.08,On Time,
4777610024,10,1.04,Slightly Delayed,Traffic
477350788,-5,1.37,On Time,
4616699342,-4,2.98,On Time,
8849914077,-1,4.75,On Time,
9183435457,-4,0.97,On Time,
6922646336,3,3.81,On Time,Traffic
3228806806,23,3.64,Significantly Delayed,Traffic
4893095476,12,0.74,Slightly Delayed,Traffic
7773468233,2,1.17,On Time,Traffic
5928657526,1,4.07,On Time,Traffic
4435936422,-1,4.98,On Time,
6031122324,1,2,On Time,Traffic
7286969496,-3,1.03,On Time,
4665508413,0,4.23,On Time,
9224598372,-5,3.72,On Time,
842020543,4,0.67,On Time,Traffic
7237143327,0,2.12,On Time,
5095141954,-5,2.62,On Time,
6229535077,-3,0.57,On Time,
2984879441,4,4.76,On Time,Traffic
785895477,28,3.1,Significantly Delayed,Traffic
6220343481,4,3.67,On Time,Traffic
5897343054,22,3.75,Significantly Delayed,Traffic
60465,5,3.97,On Time,Traffic
2245476104,3,4.97,On Time,Traffic
6347292505,6,1.12,Slightly Delayed,Traffic
8321900643,2,3.41,On Time,Traffic
9639033064,-4,2.6,On Time,
2748368258,-5,4.85,On Time,
1444371693,4,4.19,On Time,Traffic
7111342746,2,2.46,On Time,Traffic
9457576236,6,1.2,Slightly Delayed,Traffic
4167252733,-1,4.92,On Time,
4304875010,-5,3.42,On Time,
4870910859,-5,2.21,On Time,
3674118222,6,3.11,Slightly Delayed,Traffic
38408517,22,4.98,Significantly Delayed,Traffic
3081609596,0,4.39,On Time,
1390229631,10,0.65,Slightly Delayed,Traffic
7498092418,7,0.6,Slightly Delayed,Traffic
3334055527,4,0.72,On Time,Traffic
8729426842,-5,2.81,On Time,
1722808791,-4,1.42,On Time,
9775070757,7,4.66,Slightly Delayed,Traffic
4737779056,-5,1.64,On Time,
2047483376,2,0.53,On Time,Traffic
4758632331,27,4.89,Significantly Delayed,Traffic
4741574337,4,4.22,On Time,Traffic
5805120939,12,2.52,Slightly Delayed,Traffic
7550508,-1,2.21,On Time,
1966056265,5,3.87,On Time,Traffic
6363072906,-3,3.02,On Time,
7389054351,-1,1.6,On Time,
7146572423,3,3.16,On Time,Traffic
4590810848,-2,1.32,On Time,
9226364404,30,1.45,Significantly Delayed,Traffic
6687792641,1,1.91,On Time,Traffic
5183577434,5,3.31,On Time,Traffic
7440785414,-3,2.09,On Time,
7932057095,-4,2.07,On Time,
6126906924,1,3.73,On Time,Traffic
8997788831,-4,0.77,On Time,
3480516243,5,3.77,On Time,Traffic
1234692850,-4,1.94,On Time,
4954911880,5,1.8,On Time,Traffic
504060154,16,4.8,Significantly Delayed,Traffic
8723752267,2,2.82,On Time,Traffic
5724116944,10,1.74,Slightly Delayed,Traffic
8161349145,7,1.37,Slightly Delayed,Traffic
2985254380,0,3.82,On Time,
9837170359,1,0.59,On Time,Traffic
3915323515,-2,4.27,On Time,
8829163586,-1,3.08,On Time,
961526405,5,1.56,On Time,Traffic
5792721465,2,0.75,On Time,Traffic
8094117960,12,0.57,Slightly Delayed,Traffic
9318325652,1,4.54,On Time,Traffic
852676412,7,3.17,Slightly Delayed,Traffic
6487883093,2,0.6,On Time,Traffic
5398965602,13,1.47,Slightly Delayed,Traffic
6149664144,18,0.63,Significantly Delayed,Traffic
6231586256,-1,2.71,On Time,
4598622116,20,4.18,Significantly Delayed,Traffic
8971796779,0,4.52,On Time,
2148246883,1,3.85,On Time,Traffic
4357632507,-2,4.26,On Time,
3323576462,-3,1.1,On Time,
4220834107,2,2,On Time,Traffic
4409513224,15,4.43,Slightly Delayed,Traffic
5610159677,-2,2.26,On Time,
6259219127,5,1.25,On Time,Traffic
5628497118,15,1.16,Slightly Delayed,Traffic
1508576390,24,3.05,Significantly Delayed,Traffic
5922953060,2,3.98,On Time,Traffic
5130838561,2,2.25,On Time,Traffic
3217749279,-5,1.71,On Time,
9279422297,-1,0.89,On Time,
222955546,22,1.31,Significantly Delayed,Traffic
8290493339,-1,3.59,On Time,
6418952352,-2,2.95,On Time,
8978231928,8,0.51,Slightly Delayed,Traffic
3746306403,3,4.05,On Time,Traffic
3157198428,-4,0.51,On Time,
981939883,10,3.17,Slightly Delayed,Traffic
6569836274,11,0.84,Slightly Delayed,Traffic
5695124358,-4,2.51,On Time,
773335066,-1,4.68,On Time,
3618712852,1,3.09,On Time,Traffic
6009732867,-5,3.52,On Time,
7269785858,0,1.52,On Time,
5798831066,-4,4.27,On Time,
5330654120,-5,1.59,On Time,
462189338,-5,1.26,On Time,
7536187765,-3,4.69,On Time,
9938820107,-2,2.65,On Time,
9410751894,-2,0.89,On Time,
9172888683,2,3.76,On Time,Traffic
8018695018,10,0.65,Slightly Delayed,Traffic
7456610316,3,0.92,On Time,Traffic
5627902734,1,1.98,On Time,Traffic
5189768940,1,2.66,On Time,Traffic
173709007,21,1.02,Significantly Delayed,Traffic
1485229334,-4,1.95,On Time,
9334479603,0,4.73,On Time,
8674211510,2,3.58,On Time,Traffic
390257855,4,2.42,On Time,Traffic
6642374542,0,4,On Time,
6585999443,0,4.01,On Time,
622705569,-2,4.91,On Time,
1635083835,15,2.2,Slightly Delayed,Traffic
7359512417,14,1.12,Slightly Delayed,Traffic
9237698013,-1,1.08,On Time,
3492935177,2,2.14,On Time,Traffic
4324086468,4,3.56,On Time,Traffic
9171218505,23,1.29,Significantly Delayed,Traffic
5068157547,-3,4.74,On Time,
8558710948,4,4.25,On Time,Traffic
3184669775,28,1.65,Significantly Delayed,Traffic
7079324691,-2,4.08,On Time,
4210311922,2,2.81,On Time,Traffic
7660037070,-4,1.94,On Time,
9410025634,3,4.12,On Time,Traffic
6798589010,9,3.82,Slightly Delayed,Traffic
5401466202,13,1.09,Slightly Delayed,Traffic
9102648124,10,3.97,Slightly Delayed,Traffic
1969956670,8,2.05,Slightly Delayed,Traffic
1194228460,-1,2.61,On Time,
9628463148,5,1.55,On Time,Traffic
7745364283,3,2.67,On Time,Traffic
9892343037,19,1,Significantly Delayed,Traffic
1588828749,3,4.49,On Time,Traffic
4037647778,-1,1.84,On Time,
6664301655,-2,2.45,On Time,
7096225581,5,2.23,On Time,Traffic
79029185,15,4.12,Slightly Delayed,Traffic
7831967187,0,1.18,On Time,
482214790,4,4.85,On Time,Traffic
5931307224,24,2.44,Significantly Delayed,Traffic
6410432854,6,3.43,Slightly Delayed,Traffic
6124624375,6,4.25,Slightly Delayed,Traffic
8992870838,-5,4.64,On Time,
8377146126,-4,1.35,On Time,
7852428533,6,1.34,Slightly Delayed,Traffic
9258876870,-3,4.13,On Time,
6810940082,3,3.66,On Time,Traffic
3330538479,-1,4.86,On Time,
7270469981,-3,2,On Time,
5636241570,4,3.06,On Time,Traffic
4467471002,16,2.01,Significantly Delayed,Traffic
6201821502,7,4.2,Slightly Delayed,Traffic
6144140039,-5,4.66,On Time,
3310749597,10,1.33,Slightly Delayed,Traffic
5085488484,-3,2.76,On Time,
587498345,14,2.64,Slightly Delayed,Traffic
5136205193,-1,1.22,On Time,
9321319130,-1,3.69,On Time,
9113393578,1,2.46,On Time,Traffic
3860678807,10,4.14,Slightly Delayed,Traffic
3603683788,-5,4.22,On Time,
4472082279,-1,1.4,On Time,
4104732514,0,0.98,On Time,
9050314096,-3,3.43,On Time,
9296105870,2,1.28,On Time,Traffic
4678456188,28,3.44,Significantly Delayed,Traffic
812386333,-4,3.01,On Time,
8100314462,25,1.25,Significantly Delayed,Traffic
781509952,-2,3.64,On Time,
1918416669,5,1.92,On Time,Traffic
1152165724,25,3.92,Significantly Delayed,Traffic
9664390656,2,4.67,On Time,Traffic
2686950796,19,4.05,Significantly Delayed,Traffic
7332801173,1,1.01,On Time,Traffic
3503438244,-2,3.61,On Time,
4044591373,5,2.21,On Time,Traffic
7817195618,2,2.89,On Time,Traffic
8974710941,15,1.07,Slightly Delayed,Traffic
2811268404,30,4.68,Significantly Delayed,Traffic
7251548462,3,1.49,On Time,Traffic
352037003,-4,3.64,On Time,
8510312737,-4,2.81,On Time,
3242700095,-5,4.34,On Time,
5833898647,5,2.45,On Time,Traffic
7212771842,-4,1.5,On Time,
7799757050,0,1.63,On Time,
9593303695,8,1.54,Slightly Delayed,Traffic
7709693536,8,3.89,Slightly Delayed,Traffic
5092922964,-5,2.13,On Time,
8318806722,27,2.01,Significantly Delayed,Traffic
4352870279,29,3.18,Significantly Delayed,Traffic
6722040962,-2,1.47,On Time,
1690831615,-5,1.77,On Time,
6475689021,3,3.76,On Time,Traffic
8361280131,11,4.57,Slightly Delayed,Traffic
2664549359,6,2.72,Slightly Delayed,Traffic
9510912773,0,2.71,On Time,
3654462337,9,1.46,Slightly Delayed,Traffic
2308652017,3,2.4,On Time,Traffic
8300200841,-4,2.37,On Time,
5027243163,5,3.13,On Time,Traffic
713290065,4,2.53,On Time,Traffic
2006434350,5,1.71,On Time,Traffic
6587221270,3,3.78,On Time,Traffic
969705468,3,2.3,On Time,Traffic
4492000627,-4,1.48,On Time,
977290328,25,1.93,Significantly Delayed,Traffic
8735245723,-5,2.09,On Time,
6299539090,1,3.6,On Time,Traffic
2177211652,24,2.31,Significantly Delayed,Traffic
8972569491,30,1.91,Significantly Delayed,Traffic
7658414712,-3,0.69,On Time,
2069355540,2,2.68,On Time,Traffic
4084790776,5,4.27,On Time,Traffic
8716008121,-5,1.07,On Time,
9781965606,-2,4.27,On Time,
8380133046,2,4.5,On Time,Traffic
691827543,-2,2.76,On Time,
5750245858,10,2.98,Slightly Delayed,Traffic
1578150657,16,0.97,Significantly Delayed,Traffic
9069556587,15,1.42,Slightly Delayed,Traffic
8396347551,-3,1.44,On Time,
6083487488,7,2.4,Slightly Delayed,Traffic
3191281184,-1,3,On Time,
6397409024,13,3.59,Slightly Delayed,Traffic
9021529086,-1,1.85,On Time,
8214544415,0,3.52,On Time,
8569302709,-1,2.25,On Time,
2219192870,14,4.83,Slightly Delayed,Traffic
8537081061,9,1.22,Slightly Delayed,Traffic
9284683425,3,2.84,On Time,Traffic
9774193601,26,3.18,Significantly Delayed,Traffic
7496826261,4,2.98,On Time,Traffic
1058749075,1,4.26,On Time,Traffic
7128038799,5,4.31,On Time,Traffic
3596318350,3,1.85,On Time,Traffic
3187042843,10,4.12,Slightly Delayed,Traffic
4673500573,-3,4.03,On Time,
881900445,2,0.96,On Time,Traffic
9874112459,1,2.04,On Time,Traffic
4531430634,-2,1.75,On Time,
6715699166,-5,0.84,On Time,
4171748538,0,2.39,On Time,
4093115982,-5,1.77,On Time,
2515279840,2,4.6,On Time,Traffic
4981424948,-1,2.71,On Time,
1911064507,1,2.83,On Time,Traffic
6438392384,3,3.53,On Time,Traffic
5859840400,0,4.78,On Time,
7640576778,7,3.4,Slightly Delayed,Traffic
5453475937,-1,4.01,On Time,
653610300,3,1.98,On Time,Traffic
730299055,-5,0.6,On Time,
8396250231,24,1.47,Significantly Delayed,Traffic
8556969682,-2,4.62,On Time,
7159670875,25,2.68,Significantly Delayed,Traffic
4922278509,4,0.58,On Time,Traffic
8151274002,4,1.58,On Time,Traffic
5373978100,4,3.66,On Time,Traffic
6210207010,-1,3.89,On Time,
1837403174,3,3.73,On Time,Traffic
1148265823,5,4.48,On Time,Traffic
8472487149,21,3.43,Significantly Delayed,Traffic
9111535172,0,4.93,On Time,
6558001978,1,3.47,On Time,Traffic
2762095386,3,4.68,On Time,Traffic
2406325099,26,1.81,Significantly Delayed,Traffic
4274182127,4,3.32,On Time,Traffic
7271609994,-5,0.95,On Time,
9182539734,2,1.95,On Time,Traffic
7891517071,25,2.08,Significantly Delayed,Traffic
3666182849,4,2.03,On Time,Traffic
8724590445,4,1.18,On Time,Traffic
7919863938,-2,3.38,On Time,
3545539999,15,1.83,Slightly Delayed,Traffic
7463392603,23,2.37,Significantly Delayed,Traffic
7296733293,17,4.5,Significantly Delayed,Traffic
7118924734,1,3.94,On Time,Traffic
2529809156,22,1.81,Significantly Delayed,Traffic
2216699744,4,0.54,On Time,Traffic
8257221712,29,2.3,Significantly Delayed,Traffic
1357352531,-1,2.03,On Time,
2108138590,30,2.89,Significantly Delayed,Traffic
5648212121,-2,3.15,On Time,
3951878528,21,1.68,Significantly Delayed,Traffic
8310385249,1,1.68,On Time,Traffic
7513562596,-1,1.73,On Time,
6304586678,-1,4.28,On Time,
5222812863,-1,4.12,On Time,
5393039591,0,3.92,On Time,
6708586922,22,1.99,Significantly Delayed,Traffic
3177552965,1,3.46,On Time,Traffic
607125614,13,1.86,Slightly Delayed,Traffic
139417019,5,2.1,On Time,Traffic
1893231742,5,3.67,On Time,Traffic
3580010065,5,2.51,On Time,Traffic
962319394,14,3.77,Slightly Delayed,Traffic
8321726382,-5,3.57,On Time,
1485682761,3,4.92,On Time,Traffic
5008756947,-2,0.73,On Time,
1334996274,-1,2.16,On Time,
2914506024,-3,4.82,On Time,
8811831663,3,2.57,On Time,Traffic
875427533,15,4.89,Slightly Delayed,Traffic
5865390748,4,1.86,On Time,Traffic
4054828941,19,1.48,Significantly Delayed,Traffic
1257568604,1,2.41,On Time,Traffic
2738862626,10,1.83,Slightly Delayed,Traffic
7352532839,-3,2.79,On Time,
520221662,-1,2.16,On Time,
7818925535,3,2.24,On Time,Traffic
3476023750,-2,4.5,On Time,
8945838922,-2,2.96,On Time,
2233053313,3,2.81,On Time,Traffic
1844073851,-4,3.04,On Time,
8348125769,10,4.4,Slightly Delayed,Traffic
8475818223,20,1.72,Significantly Delayed,Traffic
4270941188,2,1.38,On Time,Traffic
2611200126,5,1.86,On Time,Traffic
8573833987,-5,1.44,On Time,
2979246068,25,0.69,Significantly Delayed,Traffic
6779895105,3,1.69,On Time,Traffic
1731478314,8,4.16,Slightly Delayed,Traffic
3692405872,1,4.61,On Time,Traffic
8853713324,-5,4.76,On Time,
979766779,1,1.15,On Time,Traffic
5709672475,-5,1.7,On Time,
3855709201,15,4.71,Slightly Delayed,Traffic
6861065282,14,4.02,Slightly Delayed,Traffic
7919724613,10,0.94,Slightly Delayed,Traffic
7882742057,-5,2.57,On Time,
1929002406,-3,1.1,On Time,
2458349464,0,2.94,On Time,
6608328221,3,1.44,On Time,Traffic
7736615348,-2,3.03,On Time,
2591738507,-2,2.65,On Time,
6751537971,1,3.35,On Time,Traffic
9768154003,28,1.43,Significantly Delayed,Traffic
5887288860,-3,4.07,On Time,
3559865135,10,0.8,Slightly Delayed,Traffic
209044447,2,1.28,On Time,Traffic
9643668734,21,4.91,Significantly Delayed,Traffic
6115465612,-2,0.93,On Time,
8493723088,-1,4.04,On Time,
6392024503,0,3.61,On Time,
9863468109,4,1.29,On Time,Traffic
5448628635,4,2.27,On Time,Traffic
3329455953,3,3.85,On Time,Traffic
3584190892,5,4.28,On Time,Traffic
9097056321,-2,3.53,On Time,
525741957,0,3.07,On Time,
5387395051,13,3.76,Slightly Delayed,Traffic
6799246060,-4,2.09,On Time,
8986314607,2,2.89,On Time,Traffic
1085912198,-5,3.36,On Time,
3423328091,-2,3.65,On Time,
9848366909,9,1.33,Slightly Delayed,Traffic
936021770,3,0.98,On Time,Traffic
8916215165,-1,0.56,On Time,
389558867,1,2.8,On Time,Traffic
7616883530,0,1.61,On Time,
3851744248,5,1.07,On Time,Traffic
4953665655,25,1.54,Significantly Delayed,Traffic
962864152,-5,3.81,On Time,
923668833,-1,3.21,On Time,
4022122330,15,3.26,Slightly Delayed,Traffic
4564846800,14,3.51,Slightly Delayed,Traffic
690652905,1,1.86,On Time,Traffic
716741661,2,1.69,On Time,Traffic
6575532281,24,2.84,Significantly Delayed,Traffic
7486807731,18,3.87,Significantly Delayed,Traffic
9721870982,-4,3.31,On Time,
8105823343,18,4.74,Significantly Delayed,Traffic
7113554979,1,2.81,On Time,Traffic
507373134,14,1.25,Slightly Delayed,Traffic
4674132573,24,4.18,Significantly Delayed,Traffic
487395969,-2,1.18,On Time,
3962007460,19,4.39,Significantly Delayed,Traffic
2272882287,9,2.72,Slightly Delayed,Traffic
4426246696,5,3.28,On Time,Traffic
1714709914,0,3.16,On Time,
3159133564,5,2.57,On Time,Traffic
4531739740,-1,0.75,On Time,
3158981349,-4,0.81,On Time,
1789010378,-4,4.45,On Time,
705203916,10,3.18,Slightly Delayed,Traffic
7255510932,3,1.88,On Time,Traffic
1991167685,0,3,On Time,
5103721089,7,3.14,Slightly Delayed,Traffic
9674006557,-4,0.79,On Time,
1073466441,11,4,Slightly Delayed,Traffic
5407006470,4,2.14,On Time,Traffic
747347782,2,1.68,On Time,Traffic
8554063149,16,1.63,Significantly Delayed,Traffic
4855215470,-1,2.99,On Time,
5008998072,-4,4.78,On Time,
9696466906,5,2.71,On Time,Traffic
7189534591,-4,4.46,On Time,
9965941354,16,4.93,Significantly Delayed,Traffic
1275232752,4,0.93,On Time,Traffic
343479370,4,4.96,On Time,Traffic
2485933387,1,4.21,On Time,Traffic
6735843326,7,3.25,Slightly Delayed,Traffic
6384313098,8,3.43,Slightly Delayed,Traffic
1022032613,-1,3.86,On Time,
8026892264,4,2.11,On Time,Traffic
7158825499,0,2.49,On Time,
5327013494,8,2.61,Slightly Delayed,Traffic
1002526452,4,0.68,On Time,Traffic
4650525854,27,3.32,Significantly Delayed,Traffic
6260291784,4,4.54,On Time,Traffic
1884314278,4,1.27,On Time,Traffic
7074219396,11,3.56,Slightly Delayed,Traffic
807183459,6,1.27,Slightly Delayed,Traffic
598539940,-4,3.24,On Time,
427702490,-1,1.08,On Time,
955844536,3,2.61,On Time,Traffic
5397640599,3,1.21,On Time,Traffic
3451246886,-4,0.75,On Time,
8487733248,29,1.34,Significantly Delayed,Traffic
2921621434,5,1.47,On Time,Traffic
4757133884,4,2.19,On Time,Traffic
1793847102,-2,2.63,On Time,
6197760573,-2,3.59,On Time,
6818660907,-4,0.98,On Time,
7807587130,-2,2.3,On Time,
4540563647,3,0.88,On Time,Traffic
2480913332,30,4.13,Significantly Delayed,Traffic
5735481292,17,2.09,Significantly Delayed,Traffic
7112326373,-4,3.01,On Time,
614274161,3,2.57,On Time,Traffic
5512258335,0,3.82,On Time,
1214757247,-3,4.08,On Time,
4211686231,-2,1.43,On Time,
5288088590,1,2.73,On Time,Traffic
1193525681,1,1.02,On Time,Traffic
5132095929,9,4.42,Slightly Delayed,Traffic
7703144556,21,3.12,Significantly Delayed,Traffic
6786199145,-4,1.32,On Time,
2463627380,0,2.08,On Time,
6331115638,-5,2.75,On Time,
9212312136,12,2.94,Slightly Delayed,Traffic
6788500162,13,3.47,Slightly Delayed,Traffic
2166421384,8,4.4,Slightly Delayed,Traffic
2744509800,1,0.78,On Time,Traffic
8806260669,27,1.2,Significantly Delayed,Traffic
7773287963,5,2.86,On Time,Traffic
8153845667,-3,1.03,On Time,
8345887091,4,2.54,On Time,Traffic
6638429050,4,2.71,On Time,Traffic
4132900691,7,1.32,Slightly Delayed,Traffic
2119346062,-4,4.14,On Time,
689310626,14,2.08,Slightly Delayed,Traffic
9246993674,13,2.21,Slightly Delayed,Traffic
2282234185,-3,3.74,On Time,
9697170386,-5,1.72,On Time,
6376147802,14,4.03,Slightly Delayed,Traffic
7415158732,17,1.24,Significantly Delayed,Traffic
343300311,6,1.36,Slightly Delayed,Traffic
3922539531,0,4.28,On Time,
7634516705,5,2.98,On Time,Traffic
8731122718,13,2.48,Slightly Delayed,Traffic
9471236505,23,2.33,Significantly Delayed,Traffic
9497014025,13,3.85,Slightly Delayed,Traffic
592358946,3,1.19,On Time,Traffic
9680783354,0,4.59,On Time,
6109792602,3,4.67,On Time,Traffic
2734817654,-3,4.64,On Time,
6380542008,-1,0.77,On Time,
4784760589,-3,1.71,On Time,
1577703194,-2,1.23,On Time,
6758737749,3,1.95,On Time,Traffic
4081640450,4,1.33,On Time,Traffic
9258266990,0,1.45,On Time,
2109410707,0,2.08,On Time,
576022547,-4,1.09,On Time,
2106943908,-3,0.78,On Time,
6541281594,10,1.75,Slightly Delayed,Traffic
2664220988,1,3.01,On Time,Traffic
493514666,6,2.94,Slightly Delayed,Traffic
9658669384,-4,2.18,On Time,
8765283513,24,1.96,Significantly Delayed,Traffic
6421427812,3,2.27,On Time,Traffic
4467093205,1,3.55,On Time,Traffic
7560862152,2,4.12,On Time,Traffic
8218080678,30,3.39,Significantly Delayed,Traffic
8196173573,17,4.9,Significantly Delayed,Traffic
1174856327,10,2.72,Slightly Delayed,Traffic
9754365788,4,2.02,On Time,Traffic
8398774908,4,2.08,On Time,Traffic
626433439,-2,2.41,On Time,
3097299525,1,2.93,On Time,Traffic
5367488413,1,2.75,On Time,Traffic
3700795655,-1,4.27,On Time,
3161904185,1,3.18,On Time,Traffic
8149944548,5,0.86,On Time,Traffic
4961830447,5,4.91,On Time,Traffic
613578154,13,1.45,Slightly Delayed,Traffic
2582466700,7,1.43,Slightly Delayed,Traffic
3840910839,13,0.84,Slightly Delayed,Traffic
399559401,27,1.28,Significantly Delayed,Traffic
4037817241,9,0.67,Slightly Delayed,Traffic
582598096,1,1.81,On Time,Traffic
9218060399,-1,2.45,On Time,
6650174202,-3,3.13,On Time,
2715902884,-5,4.67,On Time,
7957986242,1,1.85,On Time,Traffic
7148568995,20,2.26,Significantly Delayed,Traffic
670358911,-4,4.97,On Time,
6098277214,-2,2.7,On Time,
4621664126,12,1.77,Slightly Delayed,Traffic
6336460663,10,1.81,Slightly Delayed,Traffic
909027635,19,1,Significantly Delayed,Traffic
2854202683,8,1.33,Slightly Delayed,Traffic
7936387697,2,4.8,On Time,Traffic
8337736091,4,1.67,On Time,Traffic
4404350734,24,2.04,Significantly Delayed,Traffic
6565246127,-3,3.42,On Time,
3494650073,-1,3.6,On Time,
1920923798,-5,1.59,On Time,
5069524975,5,3.11,On Time,Traffic
3873368520,-2,3.89,On Time,
3111414152,-2,1.11,On Time,
7104489974,-2,2.74,On Time,
3211566084,-3,4.68,On Time,
2416717644,6,0.62,Slightly Delayed,Traffic
4535670244,-5,3.4,On Time,
7309958460,14,2.26,Slightly Delayed,Traffic
9996182478,0,2.97,On Time,
2231942521,26,3.8,Significantly Delayed,Traffic
554028972,4,1.92,On Time,Traffic
8756001290,-5,2.89,On Time,
8047899303,0,0.93,On Time,
9720683332,-3,3.3,On Time,
218670241,16,2.41,Significantly Delayed,Traffic
1382880255,5,1.55,On Time,Traffic
332975964,19,1.97,Significantly Delayed,Traffic
2638683222,5,2.25,On Time,Traffic
9150146711,5,3.51,On Time,Traffic
1553626879,5,3.17,On Time,Traffic
9271384187,5,0.94,On Time,Traffic
1409544327,5,1.17,On Time,Traffic
637100019,2,3.09,On Time,Traffic
186083059,4,0.69,On Time,Traffic
1804073530,-2,1.8,On Time,
5291430311,27,4.04,Significantly Delayed,Traffic
6947225582,-3,3.75,On Time,
5710643134,28,1.71,Significantly Delayed,Traffic
8329733630,7,1.17,Slightly Delayed,Traffic
6772651293,1,0.79,On Time,Traffic
581212790,8,1.5,Slightly Delayed,Traffic
4766571706,11,4.87,Slightly Delayed,Traffic
9961298199,-4,3.91,On Time,
8102675591,13,2.96,Slightly Delayed,Traffic
604050223,-1,3.69,On Time,
782327552,2,4.95,On Time,Traffic
6156638188,7,1.47,Slightly Delayed,Traffic
6475299855,5,3.43,On Time,Traffic
689110145,21,1.81,Significantly Delayed,Traffic
2785467351,15,1.46,Slightly Delayed,Traffic
7188270379,6,1.56,Slightly Delayed,Traffic
9209192342,10,3.05,Slightly Delayed,Traffic
3193016310,21,1.65,Significantly Delayed,Traffic
9743228131,1,1.98,On Time,Traffic
4417542973,0,2.35,On Time,
3065857200,3,3.64,On Time,Traffic
6994732191,10,3.02,Slightly Delayed,Traffic
7663189769,23,1.4,Significantly Delayed,Traffic
5012619147,29,1.55,Significantly Delayed,Traffic
7456088789,5,2.87,On Time,Traffic
3270559373,6,1.43,Slightly Delayed,Traffic
4703798183,10,0.96,Slightly Delayed,Traffic
3968840556,5,4.67,On Time,Traffic
2331647373,5,1.58,On Time,Traffic
6683347454,10,4.09,Slightly Delayed,Traffic
5710259220,4,1.2,On Time,Traffic
9871546057,-4,4.12,On Time,
5459704311,3,1.83,On Time,Traffic
3426702134,10,3.18,Slightly Delayed,Traffic
7671357353,-3,2.85,On Time,
9656230693,12,1.51,Slightly Delayed,Traffic
3315369956,7,4.85,Slightly Delayed,Traffic
1762287720,1,3.28,On Time,Traffic
4816206081,5,3.41,On Time,Traffic
2808133351,0,4.26,On Time,
3444569396,-4,1.28,On Time,
9704671447,1,1.25,On Time,Traffic
6454001692,12,1.8,Slightly Delayed,Traffic
2624508626,-3,3,On Time,
932273820,5,4.92,On Time,Traffic
7908614088,14,2.89,Slightly Delayed,Traffic
9730765358,-1,0.52,On Time,
4748284156,-2,2.88,On Time,
1829286278,2,1.89,On Time,Traffic
3180415318,27,4.65,Significantly Delayed,Traffic
1008158736,9,3.48,Slightly Delayed,Traffic
5092816701,30,3.66,Significantly Delayed,Traffic
4339850858,16,2.16,Significantly Delayed,Traffic
1564040362,-3,1.46,On Time,
4856827800,-3,4.24,On Time,
2465711187,-5,3.36,On Time,
7741314063,2,1.53,On Time,Traffic
6973696848,9,4.18,Slightly Delayed,Traffic
443178123,6,2.37,Slightly Delayed,Traffic
2155491764,-5,0.85,On Time,
282887897,-4,4.01,On Time,
1014190951,-5,1.47,On Time,
4632027192,-1,1.36,On Time,
9196809062,15,3.59,Slightly Delayed,Traffic
3802671506,0,4.5,On Time,
931138604,-4,2.66,On Time,
6507222211,11,2.42,Slightly Delayed,Traffic
9091185978,0,2.2,On Time,
6314310505,1,1.39,On Time,Traffic
2711467206,-5,1.81,On Time,
1359318731,-5,3.4,On Time,
4521042050,3,0.6,On Time,Traffic
1317016672,4,1.51,On Time,Traffic
7624598493,7,0.6,Slightly Delayed,Traffic
1753431230,-5,1.3,On Time,
8650539199,12,3.16,Slightly Delayed,Traffic
3276478503,-3,2.75,On Time,
5080943123,21,0.6,Significantly Delayed,Traffic
6158083683,5,0.51,On Time,Traffic
9228072842,5,4.76,On Time,Traffic
4028432722,5,1.91,On Time,Traffic
3679730192,-5,1.93,On Time,
71793937,-2,4.33,On Time,
47467466,-2,3.41,On Time,
4538136436,5,2.61,On Time,Traffic
8750169461,1,2.69,On Time,Traffic
9371021811,-2,4.52,On Time,
679274212,-5,0.52,On Time,
6601671674,13,4.33,Slightly Delayed,Traffic
2708441500,-4,3.47,On Time,
9548480220,3,4.19,On Time,Traffic
5440864021,-1,3.98,On Time,
5705224767,-4,4.49,On Time,
9945458771,10,4.17,Slightly Delayed,Traffic
336832815,11,0.86,Slightly Delayed,Traffic
9543126726,12,2.35,Slightly Delayed,Traffic
5134666123,1,3.83,On Time,Traffic
5663657880,24,0.55,Significantly Delayed,Traffic
5352647396,-2,2.2,On Time,
7995172779,13,3.36,Slightly Delayed,Traffic
605779703,-3,4.55,On Time,
685688121,17,3.89,Significantly Delayed,Traffic
5966726971,5,0.96,On Time,Traffic
6763510083,-5,2.49,On Time,
6735813139,-4,3.18,On Time,
8361205778,-2,2.81,On Time,
3640952655,14,1.05,Slightly Delayed,Traffic
6395279829,-1,2.65,On Time,
339410846,-5,3.55,On Time,
8924056486,25,1.23,Significantly Delayed,Traffic
6616322616,4,3.33,On Time,Traffic
4178578583,0,1.37,On Time,
7558107764,-2,3.73,On Time,
7894708851,-2,1.18,On Time,
1916638346,12,1.96,Slightly Delayed,Traffic
4973943462,20,1.7,Significantly Delayed,Traffic
6567129123,5,4.66,On Time,Traffic
8702642032,3,4.57,On Time,Traffic
7857954356,-4,1.51,On Time,
5376218500,9,3.84,Slightly Delayed,Traffic
3452449295,1,3.74,On Time,Traffic
1694826296,-2,1.67,On Time,
9449954611,7,3.51,Slightly Delayed,Traffic
7722059222,15,3.4,Slightly Delayed,Traffic
2871448124,4,1.16,On Time,Traffic
4158839033,1,2.28,On Time,Traffic
9936118648,9,1.69,Slightly Delayed,Traffic
6804747901,3,1.43,On Time,Traffic
7579444448,2,1.09,On Time,Traffic
4379043082,0,4.05,On Time,
4212894712,2,2.25,On Time,Traffic
7962511808,3,2.74,On Time,Traffic
6478815087,-3,4.68,On Time,
6239166986,8,4.44,Slightly Delayed,Traffic
9894863460,-3,1.31,On Time,
2982638677,-2,2.75,On Time,
3284797515,13,1.32,Slightly Delayed,Traffic
8895501673,1,0.95,On Time,Traffic
914992221,4,2.53,On Time,Traffic
2067729457,-1,4.67,On Time,
5389250154,-4,4.04,On Time,
4352973016,29,4.36,Significantly Delayed,Traffic
7667555396,15,4.42,Slightly Delayed,Traffic
168804744,0,1.5,On Time,
854218304,-3,0.86,On Time,
2616618240,1,1.43,On Time,Traffic
8891144024,4,4.79,On Time,Traffic
4606856320,2,0.74,On Time,Traffic
1876194333,2,1.2,On Time,Traffic
1471186096,15,3.78,Slightly Delayed,Traffic
4763556417,-2,3.35,On Time,
5961097387,0,2.67,On Time,
1509646137,9,1.71,Slightly Delayed,Traffic
7533431274,0,1.85,On Time,
3598818329,1,2.85,On Time,Traffic
2561337790,-4,1,On Time,
2359692348,4,0.66,On Time,Traffic
3146098826,3,3.16,On Time,Traffic
8638050442,4,1.43,On Time,Traffic
1833854180,25,1.13,Significantly Delayed,Traffic
5687148136,1,3.98,On Time,Traffic
7133253616,11,2.39,Slightly Delayed,Traffic
7899569162,7,1.06,Slightly Delayed,Traffic
6119637917,5,3.86,On Time,Traffic
4924477011,1,2.57,On Time,Traffic
577458306,-5,3.65,On Time,
1605287230,0,1.98,On Time,
5743074720,-4,1.24,On Time,
1645477578,-5,0.71,On Time,
6231311270,15,2.36,Slightly Delayed,Traffic
4629648516,1,3.88,On Time,Traffic
2706229594,-3,2.68,On Time,
6814009039,-4,2.81,On Time,
5604135912,2,4.07,On Time,Traffic
766789724,2,4.78,On Time,Traffic
2727595593,-3,2.12,On Time,
9887978407,2,3.41,On Time,Traffic
6825742544,2,2.29,On Time,Traffic
7081192087,8,3.33,Slightly Delayed,Traffic
3185620074,15,0.78,Slightly Delayed,Traffic
7162086351,-4,4.8,On Time,
5504768409,13,2.52,Slightly Delayed,Traffic
6721093047,0,3.41,On Time,
1134990529,5,1.03,On Time,Traffic
4632975114,5,2.98,On Time,Traffic
1471897083,-4,1.87,On Time,
6081974624,-2,3.24,On Time,
806680874,1,4.24,On Time,Traffic
8213018419,21,3.04,Significantly Delayed,Traffic
4610876894,0,3.28,On Time,
9116180240,2,0.76,On Time,Traffic
8916648395,-1,0.83,On Time,
3626990751,15,4.28,Slightly Delayed,Traffic
2544173358,0,2.73,On Time,
3654075570,-2,0.87,On Time,
9846277624,0,1.77,On Time,
8600159148,13,4.14,Slightly Delayed,Traffic
9184012674,-1,4.54,On Time,
5842678913,-1,0.96,On Time,
6284066457,1,3.83,On Time,Traffic
957188879,-3,3.09,On Time,
2027766693,-3,3.14,On Time,
5201172375,30,4.14,Significantly Delayed,Traffic
5211206337,3,0.57,On Time,Traffic
519985157,-3,1.66,On Time,
2599819074,-3,1.73,On Time,
6564176767,24,2.44,Significantly Delayed,Traffic
5969684091,-3,2.85,On Time,
8152246475,-2,3.93,On Time,
1954493018,2,3.59,On Time,Traffic
3695589383,-5,3.03,On Time,
6340807810,-4,3.6,On Time,
8029845822,5,1.39,On Time,Traffic
8208755570,-3,1.96,On Time,
9622488249,4,2.03,On Time,Traffic
5410788959,5,4.98,On Time,Traffic
7087374685,5,1.4,On Time,Traffic
1469556300,-3,3.95,On Time,
864290652,-4,3.72,On Time,
3052167498,-2,2.7,On Time,
8370088792,-1,3.75,On Time,
8955500595,10,1.61,Slightly Delayed,Traffic
6946637946,12,3.18,Slightly Delayed,Traffic
5461546808,24,3.96,Significantly Delayed,Traffic
9921425481,29,1.61,Significantly Delayed,Traffic
3583323379,0,3.22,On Time,
3427534518,21,2.85,Significantly Delayed,Traffic
9997994965,-3,0.99,On Time,
5015358514,1,2.09,On Time,Traffic
5769065545,3,1.96,On Time,Traffic
4062815570,2,0.65,On Time,Traffic
39405769,15,1.11,Slightly Delayed,Traffic
9553518696,-1,2.27,On Time,
8023712979,-2,4.56,On Time,
1111747100,3,3.55,On Time,Traffic
3598180305,-2,2.58,On Time,
8171660349,-5,4.39,On Time,
3644704128,-4,3.11,On Time,
1254907139,4,2.51,On Time,Traffic
9810593187,10,3.03,Slightly Delayed,Traffic
3205629870,-4,4.07,On Time,
8608459871,2,1.29,On Time,Traffic
2730458449,10,3.83,Slightly Delayed,Traffic
2807397566,4,1.89,On Time,Traffic
7217535512,-4,3.07,On Time,
3321951407,-3,1.88,On Time,
7189146676,3,3.05,On Time,Traffic
5601251774,21,2.84,Significantly Delayed,Traffic
8884350133,2,1.92,On Time,Traffic
8168306307,1,1.74,On Time,Traffic
7689275881,-1,3.23,On Time,
6593510732,11,2.46,Slightly Delayed,Traffic
3066405445,4,0.84,On Time,Traffic
5319633841,3,4.16,On Time,Traffic
1113665104,-4,4.89,On Time,
8436983782,-4,3.44,On Time,
1958942711,0,1.78,On Time,
6485627928,-1,3.92,On Time,
8147959428,3,3.8,On Time,Traffic
3697060283,5,4.58,On Time,Traffic
2039437258,2,0.88,On Time,Traffic
7655293952,4,3.51,On Time,Traffic
39791095,5,2.49,On Time,Traffic
8071046067,-1,1.4,On Time,
2656326203,5,0.79,On Time,Traffic
2366866840,0,4.8,On Time,
8227348656,-3,3.75,On Time,
3917024194,2,1.01,On Time,Traffic
3101265,3,2.45,On Time,Traffic
9907835880,-2,4.11,On Time,
3396210655,-3,1.68,On Time,
3000018472,1,1.01,On Time,Traffic
7166339556,-2,2.77,On Time,
2194351161,-2,1.37,On Time,
3224986973,1,4.65,On Time,Traffic
6882280967,2,1.14,On Time,Traffic
8556188247,-2,1.67,On Time,
5236345617,0,2.36,On Time,
5153146875,9,1.68,Slightly Delayed,Traffic
2011151353,-3,0.68,On Time,
9880145668,13,1.06,Slightly Delayed,Traffic
2724264210,13,0.99,Slightly Delayed,Traffic
871734663,12,2.48,Slightly Delayed,Traffic
3883638432,26,4.79,Significantly Delayed,Traffic
1282422181,7,5,Slightly Delayed,Traffic
4500802008,3,3.62,On Time,Traffic
8209715885,1,0.92,On Time,Traffic
9391482926,9,3.18,Slightly Delayed,Traffic
7217765772,3,2.28,On Time,Traffic
7848556658,-3,1.08,On Time,
9000851345,5,0.99,On Time,Traffic
3019634875,-1,2.89,On Time,
7013612817,26,1.84,Significantly Delayed,Traffic
59461109,0,2.72,On Time,
740245864,-1,4.55,On Time,
8432648823,3,2.06,On Time,Traffic
5863164527,8,2.68,Slightly Delayed,Traffic
8615999186,1,3.65,On Time,Traffic
1743268828,5,2.31,On Time,Traffic
5475369740,1,1.31,On Time,Traffic
6520584496,17,1.73,Significantly Delayed,Traffic
3854394048,-4,3.36,On Time,
4105779656,4,2.08,On Time,Traffic
5960266785,-3,1.36,On Time,
7380998329,0,0.83,On Time,
460625201,-2,1.35,On Time,
5442705208,-5,1.6,On Time,
643302284,11,3.99,Slightly Delayed,Traffic
6141016209,0,2.59,On Time,
4058658914,0,3.1,On Time,
4731454539,0,3.91,On Time,
148408710,4,0.87,On Time,Traffic
3263142674,1,4.24,On Time,Traffic
9591201821,13,3.17,Slightly Delayed,Traffic
2227944524,4,3.4,On Time,Traffic
2307375554,12,4.24,Slightly Delayed,Traffic
8521887524,13,2.3,Slightly Delayed,Traffic
3298709387,5,0.63,On Time,Traffic
8608686211,11,2.83,Slightly Delayed,Traffic
5125482761,10,3.58,Slightly Delayed,Traffic
7388146343,13,4.5,Slightly Delayed,Traffic
7064723322,17,3.82,Significantly Delayed,Traffic
1766291529,15,1.2,Slightly Delayed,Traffic
8183491568,12,3.15,Slightly Delayed,Traffic
6419111681,0,1.04,On Time,
9193945481,6,3.22,Slightly Delayed,Traffic
3937750618,0,3.91,On Time,
2056682923,12,0.58,Slightly Delayed,Traffic
7229998672,14,2.12,Slightly Delayed,Traffic
7028582657,10,4.92,Slightly Delayed,Traffic
1732091066,-3,1.34,On Time,
9389363975,23,2.13,Significantly Delayed,Traffic
9477050930,3,3.92,On Time,Traffic
6808771388,1,1.22,On Time,Traffic
7616458551,13,2.18,Slightly Delayed,Traffic
2784959025,3,4.77,On Time,Traffic
2716611235,1,4.56,On Time,Traffic
3797871396,5,1.81,On Time,Traffic
5895445193,7,4.33,Slightly Delayed,Traffic
5281640953,1,1.51,On Time,Traffic
9006387145,9,1.29,Slightly Delayed,Traffic
2015702046,14,4.66,Slightly Delayed,Traffic
9260334793,3,3.82,On Time,Traffic
5912752928,-1,2.49,On Time,
7691723645,3,3,On Time,Traffic
9166904790,-2,1.4,On Time,
1668797251,5,0.7,On Time,Traffic
3350348511,-5,4.47,On Time,
2475154947,7,1.6,Slightly Delayed,Traffic
1348544692,6,1.33,Slightly Delayed,Traffic
6770208707,-2,1.38,On Time,
9500356395,1,4.79,On Time,Traffic
6280233997,-5,4.5,On Time,
935645101,30,0.92,Significantly Delayed,Traffic
3492077995,-4,3.16,On Time,
6971044672,12,4.35,Slightly Delayed,Traffic
9417710958,-4,4.22,On Time,
114851727,-1,0.87,On Time,
7521503340,-3,2.73,On Time,
7709878408,2,4.39,On Time,Traffic
7941755463,3,2.94,On Time,Traffic
4540271027,2,1.86,On Time,Traffic
8022168472,8,2.58,Slightly Delayed,Traffic
3808358945,9,2.67,Slightly Delayed,Traffic
5112444865,-5,2.02,On Time,
9965551056,6,2.4,Slightly Delayed,Traffic
7695708103,1,4.44,On Time,Traffic
7022728237,0,3.91,On Time,
2062715135,0,1.17,On Time,
3287815959,21,2.8,Significantly Delayed,Traffic
9015471552,0,1.88,On Time,
1595123446,2,2.34,On Time,Traffic
4888577440,-5,1.06,On Time,
9039053330,-1,3.5,On Time,
3091360904,0,4.04,On Time,
6821938492,1,0.96,On Time,Traffic
4553785640,1,4.56,On Time,Traffic
4005611015,14,2.77,Slightly Delayed,Traffic
8480910658,5,2.11,On Time,Traffic
1922667245,1,4.19,On Time,Traffic
379758677,13,3.84,Slightly Delayed,Traffic
4903380842,6,0.86,Slightly Delayed,Traffic
9244122658,23,1.9,Significantly Delayed,Traffic
5054410467,-3,1.76,On Time,
9877212995,-5,3.48,On Time,
8375236356,4,4.38,On Time,Traffic
2652063230,1,0.7,On Time,Traffic
7258243894,-1,4.18,On Time,
5980648426,16,4.67,Significantly Delayed,Traffic
365104159,19,1.41,Significantly Delayed,Traffic
7038005775,-4,2.96,On Time,
1456792223,-5,3.65,On Time,
6673964264,1,2.02,On Time,Traffic
5780280518,3,3.34,On Time,Traffic
6220137166,15,4.63,Slightly Delayed,Traffic
2615887425,10,2.09,Slightly Delayed,Traffic
5610987488,-4,0.85,On Time,
6038240765,0,3.29,On Time,
5004974422,-1,1.63,On Time,
2349863203,4,4.83,On Time,Traffic
9487956261,10,3.23,Slightly Delayed,Traffic
7169945062,3,4.36,On Time,Traffic
5393866026,-5,2.3,On Time,
7266772806,4,1.4,On Time,Traffic
2411227007,3,2.53,On Time,Traffic
960728650,7,3.51,Slightly Delayed,Traffic
2326500581,5,3.58,On Time,Traffic
9489310879,-3,1.32,On Time,
2341242955,19,3.34,Significantly Delayed,Traffic
1023485121,2,1.34,On Time,Traffic
9742218709,-1,4.99,On Time,
9039933820,-1,4.88,On Time,
1391881327,4,3.69,On Time,Traffic
3360648053,5,2.52,On Time,Traffic
9758418980,-4,3.4,On Time,
9859459525,0,3.56,On Time,
6924226309,11,3.61,Slightly Delayed,Traffic
7672052920,-4,3.15,On Time,
4597359399,-2,2.78,On Time,
665402174,-3,1.18,On Time,
3986082657,-1,1.35,On Time,
4275746826,-3,4.92,On Time,
525864604,2,1.2,On Time,Traffic
4473658819,-4,1.81,On Time,
8824559505,-3,4.12,On Time,
1824646473,-5,1.7,On Time,
776389097,15,1.62,Slightly Delayed,Traffic
4908634706,1,0.69,On Time,Traffic
3516204561,0,1.81,On Time,
9510792757,0,4.93,On Time,
3504903228,8,1.84,Slightly Delayed,Traffic
3438202422,27,4.09,Significantly Delayed,Traffic
3007616042,22,3.57,Significantly Delayed,Traffic
4656199468,30,4.72,Significantly Delayed,Traffic
6994560237,-2,2.4,On Time,
8442552565,27,2.62,Significantly Delayed,Traffic
414299117,0,4.8,On Time,
8146956033,-4,4.86,On Time,
7919748594,2,0.52,On Time,Traffic
7834171020,3,2.87,On Time,Traffic
3735968672,-2,0.62,On Time,
3864051985,28,2.43,Significantly Delayed,Traffic
8299074079,1,1.16,On Time,Traffic
891333736,29,3.22,Significantly Delayed,Traffic
2874220576,-3,1.12,On Time,
6375536946,1,2.02,On Time,Traffic
1966054573,26,1.59,Significantly Delayed,Traffic
1565942558,0,0.64,On Time,
4624281313,3,4.96,On Time,Traffic
6884010758,2,4.26,On Time,Traffic
4351744653,19,2.14,Significantly Delayed,Traffic
8698000932,24,4.43,Significantly Delayed,Traffic
3844380421,-4,3.3,On Time,
7105842598,-5,1.96,On Time,
8993722297,3,3.27,On Time,Traffic
2929439019,-2,3.2,On Time,
1661854320,5,3.68,On Time,Traffic
3082165628,-4,1.08,On Time,
1745045814,-3,2.81,On Time,
813387880,-1,2.58,On Time,
8189879400,-4,1.83,On Time,
8465045467,-2,1.16,On Time,
9232350528,-1,1.07,On Time,
1728666371,23,1.6,Significantly Delayed,Traffic
6131815766,0,1.64,On Time,
6438773635,-5,1.85,On Time,
6912676966,0,1.08,On Time,
2840314717,-1,1.91,On Time,
9508359721,9,1.58,Slightly Delayed,Traffic
2244679313,4,3.56,On Time,Traffic
9407544177,4,4.1,On Time,Traffic
2528398796,11,2.63,Slightly Delayed,Traffic
9464988762,-4,3.68,On Time,
6373867899,5,2.39,On Time,Traffic
4028185110,7,1.16,Slightly Delayed,Traffic
9717018638,8,4.44,Slightly Delayed,Traffic
4898477588,-5,2.11,On Time,
4723165081,-4,3.61,On Time,
2845954128,-2,1.05,On Time,
23158044,0,2.64,On Time,
1486548042,9,2.73,Slightly Delayed,Traffic
708351411,8,1.91,Slightly Delayed,Traffic
5512110908,26,1.88,Significantly Delayed,Traffic
2295441899,8,3.92,Slightly Delayed,Traffic
4867173151,2,2.7,On Time,Traffic
4635037652,-5,0.93,On Time,
2209259378,-5,1.92,On Time,
4079286483,2,4.18,On Time,Traffic
9506078962,14,0.51,Slightly Delayed,Traffic
6894691072,4,2.36,On Time,Traffic
4481256065,22,0.53,Significantly Delayed,Traffic
5050919809,3,4.41,On Time,Traffic
1328085383,-3,3.29,On Time,
5382246981,4,2.17,On Time,Traffic
5647827263,-1,3.35,On Time,
9244268951,4,3,On Time,Traffic
6217777735,-5,1.22,On Time,
3682639473,-4,4.65,On Time,
3859331666,-1,3.85,On Time,
7971689217,14,2.44,Slightly Delayed,Traffic
6822492679,14,3.19,Slightly Delayed,Traffic
7211194993,0,1.51,On Time,
461485679,4,1.16,On Time,Traffic
3209732414,0,4.14,On Time,
6537694730,4,2.1,On Time,Traffic
7653097776,1,3.65,On Time,Traffic
4928556641,7,4.28,Slightly Delayed,Traffic
5905518100,4,3.99,On Time,Traffic
8337948336,5,3.64,On Time,Traffic
8814435884,2,0.75,On Time,Traffic
6645415772,-4,4.61,On Time,
5274039950,-3,2.99,On Time,
7404052550,-3,3.25,On Time,
8179058864,-2,2.59,On Time,
5195997912,-5,2.91,On Time,
3320194259,-4,3.85,On Time,
8185684967,1,2.05,On Time,Traffic
2324568019,7,3.72,Slightly Delayed,Traffic
3522645150,1,1.57,On Time,Traffic
4510488834,0,1.56,On Time,
9433427403,13,4.98,Slightly Delayed,Traffic
8065436106,0,4.51,On Time,
846586265,10,2.63,Slightly Delayed,Traffic
4337013612,3,2.79,On Time,Traffic
8916023990,11,1.31,Slightly Delayed,Traffic
6018805430,4,4.16,On Time,Traffic
2676353168,-1,3.6,On Time,
1069724600,9,2.23,Slightly Delayed,Traffic
5503476312,4,2.89,On Time,Traffic
4439677910,0,1.59,On Time,
8045361592,2,4.06,On Time,Traffic
1873731593,3,4.21,On Time,Traffic
1126011099,-1,0.92,On Time,
4100626744,5,4.16,On Time,Traffic
8616880376,20,2.86,Significantly Delayed,Traffic
1427911940,3,2.28,On Time,Traffic
4416398885,-1,1.05,On Time,
2584579895,-2,2.26,On Time,
7770651576,23,4.1,Significantly Delayed,Traffic
3705985582,1,2.11,On Time,Traffic
5160295213,0,2.45,On Time,
4374285559,7,2.49,Slightly Delayed,Traffic
9096638812,-1,2.07,On Time,
2888179397,8,1.89,Slightly Delayed,Traffic
3387165389,0,2.13,On Time,
1925647539,1,1.39,On Time,Traffic
6160848562,5,3.71,On Time,Traffic
2343495895,-1,2.17,On Time,
8812220964,5,3.5,On Time,Traffic
8640364495,10,3.03,Slightly Delayed,Traffic
4610687284,5,4.69,On Time,Traffic
189431942,-2,4.37,On Time,
1746826454,-2,0.64,On Time,
948345459,10,1.25,Slightly Delayed,Traffic
9959881029,10,0.93,Slightly Delayed,Traffic
621213006,1,1.61,On Time,Traffic
1772464528,1,2.23,On Time,Traffic
7732863862,2,3.32,On Time,Traffic
3064828239,5,4.66,On Time,Traffic
6363526452,2,2.76,On Time,Traffic
6988011282,-1,3.17,On Time,
8523250818,-4,1.28,On Time,
5595210484,8,2.21,Slightly Delayed,Traffic
1461081366,7,3.78,Slightly Delayed,Traffic
4922364507,2,2.96,On Time,Traffic
6597871211,1,2.44,On Time,Traffic
2719816862,15,2.7,Slightly Delayed,Traffic
9830788650,5,4.22,On Time,Traffic
140980199,9,1.97,Slightly Delayed,Traffic
7595842583,5,1.8,On Time,Traffic
2390228992,0,4.68,On Time,
8178738469,10,4.95,Slightly Delayed,Traffic
9964671001,-4,1.4,On Time,
1258689954,2,2.97,On Time,Traffic
4647158015,12,1.02,Slightly Delayed,Traffic
2382974038,3,3.41,On Time,Traffic
3663827875,24,2.92,Significantly Delayed,Traffic
6501113916,4,3.28,On Time,Traffic
3300719369,5,4.37,On Time,Traffic
3239722852,-4,0.68,On Time,
6694899030,13,1.64,Slightly Delayed,Traffic
992895707,6,4.39,Slightly Delayed,Traffic
8432150432,0,4.15,On Time,
6220520171,-1,0.95,On Time,
735608722,14,2.64,Slightly Delayed,Traffic
7303161073,5,3.14,On Time,Traffic
9783380107,0,1.55,On Time,
3835886077,-2,1.06,On Time,
8140652447,-3,4.81,On Time,
6412390967,2,3.04,On Time,Traffic
6688575911,3,3.47,On Time,Traffic
3890111511,19,3.55,Significantly Delayed,Traffic
5145256852,18,4.37,Significantly Delayed,Traffic
7375057413,9,4.64,Slightly Delayed,Traffic
3047491006,5,0.69,On Time,Traffic
7715738110,4,0.64,On Time,Traffic
6191554160,-2,4.32,On Time,
896919031,-1,3.17,On Time,
1535818185,-5,3.44,On Time,
4428830794,3,4.36,On Time,Traffic
3610035622,-2,2.96,On Time,
8674445072,2,1.92,On Time,Traffic
9623704312,2,0.75,On Time,Traffic
7786002894,6,2.8,Slightly Delayed,Traffic
3264409553,24,4.86,Significantly Delayed,Traffic
7736534043,-4,4.36,On Time,
5936596117,-5,2.78,On Time,
1980087245,3,3.77,On Time,Traffic
8861557989,-4,3.9,On Time,
6702391437,17,1.73,Significantly Delayed,Traffic
6385452188,4,4.06,On Time,Traffic
8813216380,10,2.93,Slightly Delayed,Traffic
5563712992,4,4.23,On Time,Traffic
966468552,-2,2.29,On Time,
4368529506,6,1.15,Slightly Delayed,Traffic
3777009463,-1,3.36,On Time,
3560912801,-5,2.69,On Time,
1741224538,0,1.04,On Time,
4579251445,0,2.51,On Time,
3438127101,2,2.44,On Time,Traffic
9741958794,8,1.52,Slightly Delayed,Traffic
882082341,11,2.1,Slightly Delayed,Traffic
3629321763,2,0.84,On Time,Traffic
888938572,5,4.8,On Time,Traffic
5263181887,5,1.24,On Time,Traffic
7071557807,8,4.81,Slightly Delayed,Traffic
6888804296,2,3.51,On Time,Traffic
814182718,-5,1.14,On Time,
3513524740,22,3.09,Significantly Delayed,Traffic
1234169434,4,2.23,On Time,Traffic
2577990012,0,3.35,On Time,
8446065263,6,1.74,Slightly Delayed,Traffic
4220970302,-4,1.84,On Time,
5712516128,1,3.96,On Time,Traffic
807167715,-3,2.07,On Time,
213972345,2,2.86,On Time,Traffic
1013762407,24,2.11,Significantly Delayed,Traffic
5234194751,4,1.42,On Time,Traffic
1389077693,14,3,Slightly Delayed,Traffic
1895143216,5,4.21,On Time,Traffic
3667250123,26,2.28,Significantly Delayed,Traffic
6430529802,-5,2.39,On Time,
4856277700,16,2.92,Significantly Delayed,Traffic
1492403962,3,1.18,On Time,Traffic
4348167632,-5,2.38,On Time,
3682471195,14,4.09,Slightly Delayed,Traffic
6888837939,-5,1.99,On Time,
2278004109,7,0.76,Slightly Delayed,Traffic
7471013149,8,2.74,Slightly Delayed,Traffic
755745232,11,1.87,Slightly Delayed,Traffic
2963187161,12,2.14,Slightly Delayed,Traffic
3980591844,5,4.88,On Time,Traffic
9960808976,-3,4.17,On Time,
8740552000,11,1.82,Slightly Delayed,Traffic
9230099449,-4,3.75,On Time,
4277432248,-4,4.78,On Time,
3624765984,-5,2.89,On Time,
8533110341,7,1.21,Slightly Delayed,Traffic
5036664068,-3,1.44,On Time,
9989636336,14,4.86,Slightly Delayed,Traffic
2843642858,2,1.92,On Time,Traffic
7510849424,-1,3.62,On Time,
8744806310,-3,2.89,On Time,
7605774154,-2,4.44,On Time,
6904233594,-4,1.53,On Time,
6371336060,-3,2.4,On Time,
8137624530,12,4.67,Slightly Delayed,Traffic
9131474241,-5,2.16,On Time,
7413772322,2,3.33,On Time,Traffic
9400852015,11,4.72,Slightly Delayed,Traffic
4867437863,14,2.82,Slightly Delayed,Traffic
4219458877,22,3.86,Significantly Delayed,Traffic
35135941,-5,3.09,On Time,
4754258275,-2,0.79,On Time,
9195687538,30,0.63,Significantly Delayed,Traffic
344554037,18,2.49,Significantly Delayed,Traffic
7503255456,16,1.57,Significantly Delayed,Traffic
5903638531,-2,0.73,On Time,
1670694517,-5,1.62,On Time,
2369121788,4,4.9,On Time,Traffic
6012082951,3,2.52,On Time,Traffic
3675914158,13,1.98,Slightly Delayed,Traffic
1396605672,-3,3.09,On Time,
4260996213,17,1.23,Significantly Delayed,Traffic
4749534376,-5,4.34,On Time,
6095091385,13,3.14,Slightly Delayed,Traffic
1131338162,-2,3.25,On Time,
6100236720,2,2.93,On Time,Traffic
3363683548,0,1.2,On Time,
8721540965,-1,4.87,On Time,
1712456261,-1,4.91,On Time,
760930025,-2,3.35,On Time,
5652465358,21,0.59,Significantly Delayed,Traffic
3580915899,-5,2.33,On Time,
1174382816,1,1.42,On Time,Traffic
3200474667,-4,0.98,On Time,
7474651061,-5,2.11,On Time,
1892282465,-1,3.49,On Time,
3859828998,-1,0.78,On Time,
2554590672,3,2.42,On Time,Traffic
9667675052,4,3.23,On Time,Traffic
8382437838,-2,3.02,On Time,
6247090607,2,3.76,On Time,Traffic
5004073261,13,0.86,Slightly Delayed,Traffic
6595898122,-4,2.95,On Time,
9844371682,-5,3.43,On Time,
7198169379,8,2.25,Slightly Delayed,Traffic
2815855636,3,1.93,On Time,Traffic
6033660622,7,3.74,Slightly Delayed,Traffic
7944056454,2,4.19,On Time,Traffic
4354264440,12,4.26,Slightly Delayed,Traffic
5623096090,0,0.9,On Time,
701856661,-1,3.71,On Time,
1911276445,12,2.99,Slightly Delayed,Traffic
9323909987,-2,0.6,On Time,
1988898073,10,1.17,Slightly Delayed,Traffic
6457671753,-3,1.96,On Time,
3556497272,3,4.09,On Time,Traffic
2182762247,-4,2.61,On Time,
6026842782,-1,1.19,On Time,
1227108607,3,3.36,On Time,Traffic
9362226645,9,3.5,Slightly Delayed,Traffic
6313785973,10,1.22,Slightly Delayed,Traffic
1297253359,9,3.5,Slightly Delayed,Traffic
6138091203,-5,4.3,On Time,
4770739350,27,3.34,Significantly Delayed,Traffic
6253838449,2,1.37,On Time,Traffic
1015708455,8,2.74,Slightly Delayed,Traffic
2201201842,-5,1.61,On Time,
200000051,-4,4.86,On Time,
409570377,15,3.53,Slightly Delayed,Traffic
5944464513,-2,4.49,On Time,
7064377287,0,3.87,On Time,
7763036477,-5,2.35,On Time,
7494002152,-4,4.81,On Time,
692127479,-5,3.54,On Time,
7544245121,8,0.74,Slightly Delayed,Traffic
4429641190,1,3.43,On Time,Traffic
8093366865,27,1.97,Significantly Delayed,Traffic
6269075067,-3,3.95,On Time,
4056304110,18,1.37,Significantly Delayed,Traffic
4447978623,0,4.74,On Time,
5875285677,4,1.55,On Time,Traffic
4177774653,2,3.63,On Time,Traffic
502632296,3,4.42,On Time,Traffic
5037688536,28,3.96,Significantly Delayed,Traffic
6844277478,7,4.59,Slightly Delayed,Traffic
3368317718,-5,4.71,On Time,
913881994,1,4.43,On Time,Traffic
6445700839,3,1.13,On Time,Traffic
101613683,-5,4.08,On Time,
7094586913,1,4.54,On Time,Traffic
2478557609,13,1.9,Slightly Delayed,Traffic
9516720368,1,3.37,On Time,Traffic
3808010352,-2,1.51,On Time,
7921886899,-3,3.69,On Time,
6818712547,-2,2.26,On Time,
4538204462,1,2.06,On Time,Traffic
2008331630,0,4.14,On Time,
3901338038,2,3.21,On Time,Traffic
1483786406,28,3.36,Significantly Delayed,Traffic
5022936426,-5,3.99,On Time,
5470875365,2,0.75,On Time,Traffic
7144611408,-2,4.62,On Time,
9411421675,3,4.6,On Time,Traffic
7315949343,-1,4.42,On Time,
9430475133,3,3.39,On Time,Traffic
3062145702,4,2.9,On Time,Traffic
6500458984,9,1.2,Slightly Delayed,Traffic
7429306851,1,0.79,On Time,Traffic
2687236003,3,0.84,On Time,Traffic
1885906938,7,2.84,Slightly Delayed,Traffic
9949334146,24,2.71,Significantly Delayed,Traffic
2555454584,21,1.85,Significantly Delayed,Traffic
2503209946,-1,1.66,On Time,
2329563439,23,2.91,Significantly Delayed,Traffic
1041536174,12,0.92,Slightly Delayed,Traffic
6631188689,-5,2.62,On Time,
9300178512,3,0.65,On Time,Traffic
1086881691,-2,3.75,On Time,
8008880980,4,2.88,On Time,Traffic
2417680703,14,2.42,Slightly Delayed,Traffic
1117730990,0,2.09,On Time,
1678557345,0,2.56,On Time,
4505129824,3,1.09,On Time,Traffic
8737295686,-5,2.36,On Time,
7997347191,13,3.99,Slightly Delayed,Traffic
1930645698,4,1.16,On Time,Traffic
5393373590,9,1.59,Slightly Delayed,Traffic
5851854765,9,0.88,Slightly Delayed,Traffic
3765179520,23,0.53,Significantly Delayed,Traffic
683969424,11,2.51,Slightly Delayed,Traffic
8459624382,13,1.98,Slightly Delayed,Traffic
7110044004,7,4.19,Slightly Delayed,Traffic
4302375314,5,2.12,On Time,Traffic
1245307588,10,4.48,Slightly Delayed,Traffic
3876260101,-2,4.2,On Time,
3162263618,2,1.43,On Time,Traffic
655792395,6,1.93,Slightly Delayed,Traffic
7624743284,7,4.86,Slightly Delayed,Traffic
4783962671,8,0.99,Slightly Delayed,Traffic
7166787473,29,0.73,Significantly Delayed,Traffic
9395228070,-1,1.83,On Time,
902157975,-3,0.52,On Time,
6947741744,5,4.47,On Time,Traffic
4788498083,16,3.6,Significantly Delayed,Traffic
8070127087,5,1.53,On Time,Traffic
5191429552,12,2.72,Slightly Delayed,Traffic
5220651138,-3,3.51,On Time,
2758734705,2,4.23,On Time,Traffic
2907887532,-1,2,On Time,
7388846009,-1,4.8,On Time,
2606843929,-4,2.29,On Time,
5637567433,-5,0.67,On Time,
8838095431,2,1.88,On Time,Traffic
1564649286,5,2.69,On Time,Traffic
4098166849,24,2.17,Significantly Delayed,Traffic
8091143423,3,3.33,On Time,Traffic
3024045336,4,4.13,On Time,Traffic
6152984028,6,0.7,Slightly Delayed,Traffic
3450790653,-2,4.66,On Time,
8028917900,2,0.82,On Time,Traffic
7781884407,2,1.27,On Time,Traffic
3483689828,0,0.78,On Time,
8341286014,4,3.84,On Time,Traffic
7936106887,3,2.79,On Time,Traffic
2247354978,-4,1.17,On Time,
5347701114,-2,3.07,On Time,
7846068436,2,1.5,On Time,Traffic
9893439302,-4,2.83,On Time,
4160816433,9,3.24,Slightly Delayed,Traffic
6000890622,-3,0.96,On Time,
7317676958,11,1.65,Slightly Delayed,Traffic
8620144614,21,1.46,Significantly Delayed,Traffic
3940758882,4,0.51,On Time,Traffic
5216555041,-3,1.25,On Time,
5144793312,0,1.8,On Time,
7241413847,-5,0.88,On Time,
3567610983,17,3.18,Significantly Delayed,Traffic
16878685,3,2.47,On Time,Traffic
951657166,-5,3.88,On Time,
4189022307,1,4.08,On Time,Traffic
7378521428,-2,1.29,On Time,
6266311709,2,2,On Time,Traffic
7985347262,-1,4.89,On Time,
992764262,-2,1.79,On Time,
3080291353,3,3.38,On Time,Traffic
5532188237,-4,2.31,On Time,
6814658453,-4,1.31,On Time,
4861499558,1,0.96,On Time,Traffic
2521042570,-2,2.94,On Time,
5217781278,14,1.31,Slightly Delayed,Traffic
8006034379,5,4.61,On Time,Traffic
7380913411,13,4.7,Slightly Delayed,Traffic
7706841114,-3,3.81,On Time,
1561779937,2,2.47,On Time,Traffic
7196559586,-5,1.98,On Time,
2359961993,0,4.6,On Time,
243819964,1,2.06,On Time,Traffic
4806735178,-1,2.31,On Time,
9198762300,-4,3.76,On Time,
1105231941,5,4.87,On Time,Traffic
5533955218,-4,2.46,On Time,
5130246751,-4,1.46,On Time,
4528445001,9,1.2,Slightly Delayed,Traffic
9503959018,3,3.66,On Time,Traffic
4107052604,2,3.94,On Time,Traffic
5578822558,15,4,Slightly Delayed,Traffic
5506634472,18,3.52,Significantly Delayed,Traffic
4112426763,-3,1.61,On Time,
7157334145,-2,4.72,On Time,
8423458672,5,4.24,On Time,Traffic
3011683470,5,4.3,On Time,Traffic
1884947290,3,3.5,On Time,Traffic
558163882,7,1.63,Slightly Delayed,Traffic
824869105,-3,3.7,On Time,
4193492511,-1,2.92,On Time,
120996684,10,0.68,Slightly Delayed,Traffic
2531932780,2,4.93,On Time,Traffic
8095547865,-4,3.05,On Time,
6894204435,-5,3.58,On Time,
9514917126,10,2.87,Slightly Delayed,Traffic
9329665908,2,2.69,On Time,Traffic
1435406360,-3,2.11,On Time,
3460843508,-1,3.59,On Time,
4762084133,5,1.36,On Time,Traffic
3884862300,7,2.84,Slightly Delayed,Traffic
1990946411,-3,2.44,On Time,
5054937065,13,1.77,Slightly Delayed,Traffic
9431652023,4,1.86,On Time,Traffic
2268736598,-4,1.89,On Time,
2793638565,-5,4.78,On Time,
4168839407,-1,3.25,On Time,
7406514357,-4,1.79,On Time,
6087916798,10,4.46,Slightly Delayed,Traffic
4319962076,19,1.55,Significantly Delayed,Traffic
3904134741,5,1.25,On Time,Traffic
3770123374,4,0.56,On Time,Traffic
4494390731,8,4.06,Slightly Delayed,Traffic
6109777696,6,3.5,Slightly Delayed,Traffic
1401372388,-1,0.72,On Time,
4283973398,2,1.41,On Time,Traffic
3261847147,8,4.8,Slightly Delayed,Traffic
3153811191,5,4.63,On Time,Traffic
2639216409,4,4.66,On Time,Traffic
5948575331,-2,1.46,On Time,
7792925364,1,0.56,On Time,Traffic
7286478750,9,3.24,Slightly Delayed,Traffic
9776505630,-4,4.39,On Time,
4527342708,-5,2.49,On Time,
1124359689,13,4.52,Slightly Delayed,Traffic
3717458742,6,2.14,Slightly Delayed,Traffic
283675535,-3,2.89,On Time,
6039353394,-4,2.52,On Time,
6735917931,-1,4.98,On Time,
5155256671,-4,2.26,On Time,
3984108726,4,4.62,On Time,Traffic
2491374111,2,2.18,On Time,Traffic
2043371805,14,2.07,Slightly Delayed,Traffic
9657782153,-4,4.77,On Time,
9237289778,5,3.13,On Time,Traffic
8917116859,1,3.89,On Time,Traffic
720578658,-4,1.2,On Time,
9122210530,24,3.74,Significantly Delayed,Traffic
3540524256,5,0.88,On Time,Traffic
1909520255,17,4.88,Significantly Delayed,Traffic
8022279737,-2,1.02,On Time,
7381549355,5,4.76,On Time,Traffic
3998829973,20,3.21,Significantly Delayed,Traffic
2895464675,12,4.48,Slightly Delayed,Traffic
3971098657,2,1.28,On Time,Traffic
5278249111,23,0.51,Significantly Delayed,Traffic
9810576443,4,4.19,On Time,Traffic
4128844410,1,2.47,On Time,Traffic
6103869123,0,3.31,On Time,
6595041423,-2,3.32,On Time,
3991011923,0,4.32,On Time,
5275440923,14,4.23,Slightly Delayed,Traffic
6468633344,-3,4.28,On Time,
9992859795,13,1.55,Slightly Delayed,Traffic
7518488485,5,4.45,On Time,Traffic
9746950023,-3,2.54,On Time,
2721433550,1,3.28,On Time,Traffic
6131680348,1,1.27,On Time,Traffic
2281544500,2,1.53,On Time,Traffic
4283802879,-5,0.56,On Time,
8621732366,4,2.97,On Time,Traffic
3797679856,0,4.15,On Time,
8532100929,5,1.36,On Time,Traffic
2973976544,5,0.65,On Time,Traffic
814260962,-2,3.56,On Time,
9411848231,15,2.38,Slightly Delayed,Traffic
6637284724,2,3.05,On Time,Traffic
6497594124,5,2.57,On Time,Traffic
7213146086,-5,3.21,On Time,
5110274761,1,2.01,On Time,Traffic
1112110363,8,2.43,Slightly Delayed,Traffic
1209202931,2,4.29,On Time,Traffic
6384745391,7,3.35,Slightly Delayed,Traffic
3367452972,16,3.62,Significantly Delayed,Traffic
2317597587,-2,4.65,On Time,
2254884198,4,3.67,On Time,Traffic
679196318,-3,2.17,On Time,
2185319815,3,4.84,On Time,Traffic
5965281449,2,2.03,On Time,Traffic
8616726869,25,3.04,Significantly Delayed,Traffic
4786027510,-5,1.63,On Time,
4910445344,-3,3.9,On Time,
7629577899,9,4.06,Slightly Delayed,Traffic
4769055037,15,1.95,Slightly Delayed,Traffic
8476029654,5,1.46,On Time,Traffic
7809866112,13,1.63,Slightly Delayed,Traffic
5453896364,2,3.73,On Time,Traffic
9080432189,4,2.76,On Time,Traffic
3079758919,-1,0.68,On Time,
4076039325,11,2.5,Slightly Delayed,Traffic
9239241275,-2,3.42,On Time,
4864829217,-3,3.51,On Time,
5108704843,5,1.51,On Time,Traffic
8049805410,26,2.86,Significantly Delayed,Traffic
4711642504,5,2.72,On Time,Traffic
8952094523,11,2.81,Slightly Delayed,Traffic
4285784267,-2,4.13,On Time,
7494670835,3,1.24,On Time,Traffic
7667090453,1,3.63,On Time,Traffic
2193572534,28,1.4,Significantly Delayed,Traffic
5357089776,2,2.27,On Time,Traffic
1191016829,14,2.36,Slightly Delayed,Traffic
549484032,2,4.35,On Time,Traffic
8164076900,8,4.54,Slightly Delayed,Traffic
7136165651,3,1.49,On Time,Traffic
5368349643,28,4.54,Significantly Delayed,Traffic
6965901435,-3,0.86,On Time,
6687307827,5,3.74,On Time,Traffic
475294138,1,1.52,On Time,Traffic
9047534059,4,4.65,On Time,Traffic
2807487047,2,3.8,On Time,Traffic
5840148195,-1,3.64,On Time,
3758135932,3,3.72,On Time,Traffic
1978476136,1,1.43,On Time,Traffic
423648434,2,0.82,On Time,Traffic
7201868330,-1,1.86,On Time,
9710106935,11,1.71,Slightly Delayed,Traffic
4432235479,1,4.67,On Time,Traffic
6951956244,0,2.61,On Time,
378485826,0,1.95,On Time,
8982211913,1,2.32,On Time,Traffic
6487868576,12,4.82,Slightly Delayed,Traffic
2973502797,2,2.06,On Time,Traffic
4105022903,1,3.99,On Time,Traffic
3668828731,-4,0.97,On Time,
8644734267,-5,4.4,On Time,
3757871565,-5,1.19,On Time,
5770510806,11,1.72,Slightly Delayed,Traffic
4514836077,14,1.31,Slightly Delayed,Traffic
5927852227,-2,0.57,On Time,
350719542,-3,3.02,On Time,
868288823,10,1.4,Slightly Delayed,Traffic
7199670826,27,3.65,Significantly Delayed,Traffic
3091948113,14,3.86,Slightly Delayed,Traffic
5793742966,5,0.78,On Time,Traffic
7347109009,9,3.04,Slightly Delayed,Traffic
7078912146,-5,4.11,On Time,
2480856222,3,0.56,On Time,Traffic
281421547,-2,1.58,On Time,
5226963306,1,4.02,On Time,Traffic
7316642056,8,2.16,Slightly Delayed,Traffic
8997415290,21,2.44,Significantly Delayed,Traffic
6737025662,1,3.17,On Time,Traffic
8395290763,24,0.99,Significantly Delayed,Traffic
7261119579,-1,0.96,On Time,
9938037878,12,4.26,Slightly Delayed,Traffic
7154987905,21,2.82,Significantly Delayed,Traffic
3605534244,2,1.16,On Time,Traffic
5626601040,9,4.46,Slightly Delayed,Traffic
2577064886,2,3.15,On Time,Traffic
2561362173,1,1.8,On Time,Traffic
2793120553,1,4.94,On Time,Traffic
4476563699,26,4.52,Significantly Delayed,Traffic
1580021952,-4,2.93,On Time,
7263454149,-1,0.97,On Time,
4371924002,14,1.67,Slightly Delayed,Traffic
2955277471,20,4.24,Significantly Delayed,Traffic
9445490338,11,4.49,Slightly Delayed,Traffic
2668915104,5,1.88,On Time,Traffic
1045621584,23,0.92,Significantly Delayed,Traffic
4550545705,5,1.82,On Time,Traffic
3373390154,2,4.51,On Time,Traffic
5142985961,2,2.28,On Time,Traffic
649220272,-1,1.58,On Time,
5023958886,11,0.74,Slightly Delayed,Traffic
9993542681,15,4.21,Slightly Delayed,Traffic
4380367305,3,3.66,On Time,Traffic
3626113485,-4,3.77,On Time,
4399099668,13,1.42,Slightly Delayed,Traffic
3760880745,8,2.14,Slightly Delayed,Traffic
1803155516,-2,2.72,On Time,
4413782983,3,1.37,On Time,Traffic
6766424456,5,3.12,On Time,Traffic
8701531535,10,3.77,Slightly Delayed,Traffic
3961971562,-4,3.58,On Time,
1337510774,-1,0.76,On Time,
8859147707,14,1.12,Slightly Delayed,Traffic
5850669672,2,3.37,On Time,Traffic
1183906926,11,1.57,Slightly Delayed,Traffic
6277509652,23,2.61,Significantly Delayed,Traffic
72748189,19,1.64,Significantly Delayed,Traffic
3164922639,-5,0.86,On Time,
1768504415,-4,3.46,On Time,
8173155169,11,2.26,Slightly Delayed,Traffic
6164820061,-3,0.58,On Time,
768283559,-2,0.81,On Time,
5091744424,16,2.34,Significantly Delayed,Traffic
932482893,-4,2.93,On Time,
4588148640,-3,4.87,On Time,
8120457107,3,4.84,On Time,Traffic
6107471725,4,3.63,On Time,Traffic
7001417958,2,3.14,On Time,Traffic
7983443604,2,4.46,On Time,Traffic
3057907418,-1,0.84,On Time,
3312147996,14,2.1,Slightly Delayed,Traffic
6822269883,-1,1.99,On Time,
5004539711,6,3.8,Slightly Delayed,Traffic
2426015858,10,0.75,Slightly Delayed,Traffic
4415332793,5,0.56,On Time,Traffic
1256813796,1,1.78,On Time,Traffic
633633688,9,0.56,Slightly Delayed,Traffic
8311814996,13,1.32,Slightly Delayed,Traffic
1441735184,5,2.86,On Time,Traffic
1525742840,-5,3.19,On Time,
1947080315,15,4.8,Slightly Delayed,Traffic
5682081545,3,3.82,On Time,Traffic
8100817128,12,4.58,Slightly Delayed,Traffic
6051792089,2,4.95,On Time,Traffic
1158173915,26,2.95,Significantly Delayed,Traffic
266072469,13,1.84,Slightly Delayed,Traffic
2529883737,-3,2.12,On Time,
9090089969,8,1.53,Slightly Delayed,Traffic
7102272749,3,1.68,On Time,Traffic
4948925080,-4,3.58,On Time,
9463013186,-2,4.55,On Time,
5581013292,15,0.55,Slightly Delayed,Traffic
7009619835,-1,1.39,On Time,
9177283950,10,3.56,Slightly Delayed,Traffic
9359187866,13,4.37,Slightly Delayed,Traffic
1524480475,18,3.15,Significantly Delayed,Traffic
3829990099,-4,0.58,On Time,
1058609445,-4,4.14,On Time,
1022764286,-4,0.55,On Time,
1913299658,1,2.28,On Time,Traffic
5305443623,-4,1.82,On Time,
4074369199,2,2.09,On Time,Traffic
9966404015,-2,1.18,On Time,
3192917514,4,2.35,On Time,Traffic
1256718210,10,3.15,Slightly Delayed,Traffic
6067839426,-1,2.57,On Time,
2254923956,23,0.52,Significantly Delayed,Traffic
7367673526,2,1.77,On Time,Traffic
9467422683,-1,2.96,On Time,
819853692,-5,2.08,On Time,
3070834475,5,0.72,On Time,Traffic
3620552357,0,3.16,On Time,
5938542755,-4,3.7,On Time,
9315535975,27,1.92,Significantly Delayed,Traffic
3547873471,5,2.93,On Time,Traffic
6546999829,3,4.74,On Time,Traffic
9039495201,-5,1.48,On Time,
99708985,9,3.32,Slightly Delayed,Traffic
6312811061,14,1.32,Slightly Delayed,Traffic
3915885220,4,1.53,On Time,Traffic
6654736751,-4,2.57,On Time,
841915361,-4,4.98,On Time,
2543233800,12,4.12,Slightly Delayed,Traffic
5271947935,-4,2.41,On Time,
6339554317,-4,4.17,On Time,
1840475676,0,4.68,On Time,
6812031667,3,3.86,On Time,Traffic
3031698482,4,0.57,On Time,Traffic
7902025520,6,3.29,Slightly Delayed,Traffic
1969446314,4,4.35,On Time,Traffic
9949497098,9,0.98,Slightly Delayed,Traffic
4572338018,7,1.84,Slightly Delayed,Traffic
2964153358,-5,1.46,On Time,
7642038633,30,4.66,Significantly Delayed,Traffic
8208980848,-4,3.18,On Time,
3343789681,25,3.43,Significantly Delayed,Traffic
9478305481,15,0.51,Slightly Delayed,Traffic
3475260976,13,4.22,Slightly Delayed,Traffic
3665443705,12,1.7,Slightly Delayed,Traffic
673592541,0,3.39,On Time,
8074949320,-3,2.17,On Time,
8056021378,11,1.29,Slightly Delayed,Traffic
2331582000,-3,1.51,On Time,
5844776722,1,2.1,On Time,Traffic
8426465860,-5,4.2,On Time,
9057555029,6,2.9,Slightly Delayed,Traffic
2210486526,0,3.8,On Time,
6421432903,2,2.92,On Time,Traffic
3562901354,0,4.33,On Time,
8194268842,5,0.7,On Time,Traffic
7524467684,-1,0.79,On Time,
1254195766,-2,1.55,On Time,
6476646153,9,1.3,Slightly Delayed,Traffic
8278568103,-3,2.32,On Time,
8589621333,-3,0.97,On Time,
8531683720,4,3.67,On Time,Traffic
327291657,-4,3.94,On Time,
6159164139,5,2.49,On Time,Traffic
8029863164,-2,3.57,On Time,
9387824629,17,2.16,Significantly Delayed,Traffic
3289836195,22,3.3,Significantly Delayed,Traffic
5001931575,19,0.79,Significantly Delayed,Traffic
7258292820,25,4.06,Significantly Delayed,Traffic
4924862857,15,0.93,Slightly Delayed,Traffic
8666314034,3,2.06,On Time,Traffic
6775326324,8,2.08,Slightly Delayed,Traffic
6092636899,1,1.85,On Time,Traffic
4115558056,0,4.64,On Time,
2352136184,24,3.87,Significantly Delayed,Traffic
1706445141,9,3.29,Slightly Delayed,Traffic
9000165912,23,0.75,Significantly Delayed,Traffic
7457305850,5,0.78,On Time,Traffic
9685973820,12,4.87,Slightly Delayed,Traffic
168067196,5,2.65,On Time,Traffic
6105240201,8,2.23,Slightly Delayed,Traffic
1888247163,-1,1.35,On Time,
7145162326,10,4.58,Slightly Delayed,Traffic
7611231659,25,3.53,Significantly Delayed,Traffic
4508784747,12,2.15,Slightly Delayed,Traffic
2567590825,0,1.04,On Time,
9255982861,5,3.98,On Time,Traffic
4102063254,22,3.26,Significantly Delayed,Traffic
7373931740,2,2.53,On Time,Traffic
5682816404,4,2.61,On Time,Traffic
544018743,6,3.05,Slightly Delayed,Traffic
3292929952,11,3.13,Slightly Delayed,Traffic
9144790321,15,1.54,Slightly Delayed,Traffic
9075991438,1,2.31,On Time,Traffic
3634813810,27,4.53,Significantly Delayed,Traffic
8250406975,-1,4.77,On Time,
5877618756,-4,3.29,On Time,
2419292139,11,4.34,Slightly Delayed,Traffic
9547123332,-4,1.9,On Time,
6968636396,-2,4.28,On Time,
5247557644,-2,4.88,On Time,
7731193394,27,2.35,Significantly Delayed,Traffic
6048321120,8,4.49,Slightly Delayed,Traffic
8494582006,-3,1.97,On Time,
5600781757,-1,4.6,On Time,
495091707,12,4.94,Slightly Delayed,Traffic
3239613823,1,3.19,On Time,Traffic
3643352219,-3,4.43,On Time,
2051599638,16,1.59,Significantly Delayed,Traffic
3514859549,-3,3.69,On Time,
3907599008,0,0.79,On Time,
1534993603,-5,1.96,On Time,
8980701254,8,3.18,Slightly Delayed,Traffic
6695408903,12,1.18,Slightly Delayed,Traffic
3268455899,0,1.82,On Time,
7809161755,2,4.72,On Time,Traffic
8873697539,1,1.04,On Time,Traffic
8603941640,-4,4.57,On Time,
8308184279,5,2.24,On Time,Traffic
7572826287,-2,0.87,On Time,
7478396641,12,3.92,Slightly Delayed,Traffic
3569283921,-1,3.68,On Time,
9947619677,-4,2.12,On Time,
5396237918,5,4.88,On Time,Traffic
455878765,1,1.66,On Time,Traffic
2079195080,-2,2.75,On Time,
6104211214,2,2.14,On Time,Traffic
9442939134,-5,0.71,On Time,
3317293496,-3,0.98,On Time,
8243326501,1,2.33,On Time,Traffic
4109483569,9,4.29,Slightly Delayed,Traffic
5390352336,2,1.24,On Time,Traffic
2581584982,1,2.11,On Time,Traffic
1668737869,-3,0.92,On Time,
5046906329,3,3.21,On Time,Traffic
2536833157,-2,1.72,On Time,
9176170352,0,3.69,On Time,
833930925,-4,0.69,On Time,
8515226099,-2,1.59,On Time,
2023020278,13,2.68,Slightly Delayed,Traffic
2840526544,2,3.86,On Time,Traffic
7267422945,-4,1.87,On Time,
9400777426,8,4.32,Slightly Delayed,Traffic
3298603544,22,1.48,Significantly Delayed,Traffic
4479973293,4,4,On Time,Traffic
356236208,5,4.65,On Time,Traffic
6699845542,-5,1.39,On Time,
3106057977,-3,1.82,On Time,
1905367587,-2,4.47,On Time,
169590729,-4,3.47,On Time,
9820743709,2,0.96,On Time,Traffic
6605882211,25,2.51,Significantly Delayed,Traffic
9517765444,-3,1.26,On Time,
7766311749,-2,1.39,On Time,
742238239,2,2.94,On Time,Traffic
3146141485,4,1.05,On Time,Traffic
6633702824,-3,3.5,On Time,
5033749011,-2,2.88,On Time,
4009496217,3,1.98,On Time,Traffic
4284473821,3,2.84,On Time,Traffic
8860588793,1,4.93,On Time,Traffic
5305428485,4,2.59,On Time,Traffic
676278878,-1,4.7,On Time,
9459854097,-2,3.36,On Time,
3895596621,-3,3.75,On Time,
7750915110,7,3.28,Slightly Delayed,Traffic
5173951989,-4,4.74,On Time,
6388954643,-2,1.85,On Time,
5819387689,-5,3.89,On Time,
4184037584,0,2.1,On Time,
9525140554,1,0.89,On Time,Traffic
1617927874,3,3.25,On Time,Traffic
1543944105,26,2.99,Significantly Delayed,Traffic
341580530,21,3.77,Significantly Delayed,Traffic
5133661902,11,3.39,Slightly Delayed,Traffic
4557328309,4,2.79,On Time,Traffic
4479421205,14,1.59,Slightly Delayed,Traffic
5740294639,15,4.38,Slightly Delayed,Traffic
8114060961,27,0.63,Significantly Delayed,Traffic
5744553133,7,0.73,Slightly Delayed,Traffic
5029893308,-2,0.97,On Time,
9663384689,6,1.58,Slightly Delayed,Traffic
7919240958,0,2.6,On Time,
5211751826,11,0.53,Slightly Delayed,Traffic
8713129069,0,2.31,On Time,
1407304162,0,3.65,On Time,
3793875046,3,0.63,On Time,Traffic
4903700958,3,0.67,On Time,Traffic
1989547877,1,3.76,On Time,Traffic
9584857115,-2,4.52,On Time,
7236760938,-4,4.05,On Time,
4346903287,3,4.95,On Time,Traffic
6353755071,3,1.21,On Time,Traffic
89194627,-3,4.59,On Time,
544919267,1,4.42,On Time,Traffic
6665075012,1,2.06,On Time,Traffic
4461389660,28,2.74,Significantly Delayed,Traffic
8789328634,18,1.44,Significantly Delayed,Traffic
147066568,-3,1.2,On Time,
6712947216,4,4.42,On Time,Traffic
4731158560,0,0.81,On Time,
6228958238,27,1.54,Significantly Delayed,Traffic
8006440384,-1,4.43,On Time,
7330672658,-4,3.67,On Time,
1766200974,-5,3.37,On Time,
2878422829,-5,2.59,On Time,
5862535621,2,4.02,On Time,Traffic
3781134163,8,1.54,Slightly Delayed,Traffic
7835720444,27,1.34,Significantly Delayed,Traffic
1952343673,-2,1.52,On Time,
9406096007,13,1.42,Slightly Delayed,Traffic
1136528533,12,1.81,Slightly Delayed,Traffic
9137126466,1,1.67,On Time,Traffic
1495517558,25,4.82,Significantly Delayed,Traffic
1643011737,5,3.49,On Time,Traffic
4067366774,3,3.55,On Time,Traffic
1683118802,3,1.25,On Time,Traffic
5770514189,6,4.07,Slightly Delayed,Traffic
9612669334,4,4.07,On Time,Traffic
3262295808,4,2.17,On Time,Traffic
1593291198,15,1.94,Slightly Delayed,Traffic
5327721432,-1,4.03,On Time,
4879497185,-2,2.7,On Time,
6883107728,-2,2.99,On Time,
1643246998,6,2.96,Slightly Delayed,Traffic
913309291,-3,2.56,On Time,
8298829689,3,1.55,On Time,Traffic
7155488252,-3,2.56,On Time,
8316192789,1,1.87,On Time,Traffic
3589756658,5,3.7,On Time,Traffic
8371900149,1,0.62,On Time,Traffic
6659686612,-5,3.11,On Time,
2937676500,8,3.16,Slightly Delayed,Traffic
9908301442,5,1.18,On Time,Traffic
3325049330,-3,0.78,On Time,
2330986566,-1,1.59,On Time,
1495975802,2,4.25,On Time,Traffic
4207249029,1,1.5,On Time,Traffic
1150143976,1,4.19,On Time,Traffic
8443390148,0,3.62,On Time,
8358703267,2,3.45,On Time,Traffic
1608084881,1,1.86,On Time,Traffic
2744486953,22,4.14,Significantly Delayed,Traffic
3036885153,10,0.79,Slightly Delayed,Traffic
7335148205,-4,1.6,On Time,
2356580295,1,3.35,On Time,Traffic
8999547266,4,4.14,On Time,Traffic
3094439783,2,1.84,On Time,Traffic
2753579193,-1,1.24,On Time,
7683077217,0,2.16,On Time,
2366099898,1,2.51,On Time,Traffic
1252810532,11,1.13,Slightly Delayed,Traffic
6493039553,-3,4.33,On Time,
9274842886,-5,1.83,On Time,
8255275254,8,0.93,Slightly Delayed,Traffic
2136873695,-4,1.41,On Time,
3253225736,3,1.95,On Time,Traffic
7712604853,2,1.48,On Time,Traffic
5698803942,2,1.78,On Time,Traffic
4393804577,2,4.67,On Time,Traffic
9307961643,0,3.95,On Time,
14103943,11,2.36,Slightly Delayed,Traffic
4183595096,-5,2.36,On Time,
9915365099,2,1.09,On Time,Traffic
7979108696,9,4.75,Slightly Delayed,Traffic
8756485728,1,4.73,On Time,Traffic
4859441294,6,4.36,Slightly Delayed,Traffic
8100291984,22,3.34,Significantly Delayed,Traffic
7825714018,0,1.68,On Time,
1785144322,10,3.1,Slightly Delayed,Traffic
242240959,4,2.15,On Time,Traffic
3527621284,-3,1.46,On Time,
2254856113,0,2.46,On Time,
4295420935,2,1.26,On Time,Traffic
8739415992,0,1.32,On Time,
2123879653,15,2.34,Slightly Delayed,Traffic
1054974834,8,2.36,Slightly Delayed,Traffic
6660596550,30,3.67,Significantly Delayed,Traffic
1633238374,4,2.31,On Time,Traffic
8133246330,2,0.6,On Time,Traffic
4696656818,14,1.91,Slightly Delayed,Traffic
7590214417,22,1.63,Significantly Delayed,Traffic
1736212920,-5,1.68,On Time,
4507702369,2,4.05,On Time,Traffic
6458765046,-3,4.18,On Time,
47953423,4,1.88,On Time,Traffic
1263714922,1,4.13,On Time,Traffic
2061768860,8,4.71,Slightly Delayed,Traffic
4264335652,-4,2.57,On Time,
3087181728,5,1.1,On Time,Traffic
599772156,13,2.77,Slightly Delayed,Traffic
6074313668,5,1.61,On Time,Traffic
5497551107,-4,3.64,On Time,
9102202025,24,0.88,Significantly Delayed,Traffic
8794436743,6,1.14,Slightly Delayed,Traffic
3299603042,5,2.9,On Time,Traffic
243077069,10,3.63,Slightly Delayed,Traffic
6749594412,13,2.73,Slightly Delayed,Traffic
5378344982,26,3.38,Significantly Delayed,Traffic
9103834515,-2,2.47,On Time,
6237437720,12,1.37,Slightly Delayed,Traffic
2719670578,19,4.73,Significantly Delayed,Traffic
2748681349,5,2.99,On Time,Traffic
9851618724,6,4.91,Slightly Delayed,Traffic
7013533376,-4,0.78,On Time,
9727047029,1,3.34,On Time,Traffic
1191540022,11,1.82,Slightly Delayed,Traffic
5733572517,14,3.48,Slightly Delayed,Traffic
9647928644,-1,0.9,On Time,
9696598689,8,4.6,Slightly Delayed,Traffic
1091207520,0,2.76,On Time,
7995971909,28,4.25,Significantly Delayed,Traffic
6077755741,9,2.49,Slightly Delayed,Traffic
1240745644,-4,1.14,On Time,
1397810713,-2,1.6,On Time,
5149614189,15,3.96,Slightly Delayed,Traffic
7453349798,-4,4.58,On Time,
7570986632,-1,3.33,On Time,
5292931220,2,4.37,On Time,Traffic
2654499230,-2,1.81,On Time,
2327587597,-5,4.1,On Time,
5852189277,-5,0.98,On Time,
8943211530,4,2.35,On Time,Traffic
3305649506,0,2.21,On Time,
538997323,3,1.9,On Time,Traffic
2966187610,9,3.73,Slightly Delayed,Traffic
866693541,-2,3.94,On Time,
440721658,5,2.99,On Time,Traffic
2084323012,-5,4.6,On Time,
4876314410,4,1.84,On Time,Traffic
2401282648,5,1.05,On Time,Traffic
2117291471,3,1.95,On Time,Traffic
5455295163,18,0.59,Significantly Delayed,Traffic
3219761206,1,2.6,On Time,Traffic
7423918026,-2,0.97,On Time,
1793817443,10,2.48,Slightly Delayed,Traffic
2644609220,-4,1.16,On Time,
1353492780,0,1.28,On Time,
1230061693,1,2.85,On Time,Traffic
6299572675,13,1.63,Slightly Delayed,Traffic
5956863364,8,3.25,Slightly Delayed,Traffic
6788884093,3,1.02,On Time,Traffic
6120799223,13,4.14,Slightly Delayed,Traffic
3892854030,0,3.22,On Time,
1883324334,1,4.39,On Time,Traffic
4541530278,22,4.13,Significantly Delayed,Traffic
8807380767,4,2.17,On Time,Traffic
5865396281,30,1.04,Significantly Delayed,Traffic
340451825,-2,3.79,On Time,
3327784606,4,1.91,On Time,Traffic
5990129875,15,2.82,Slightly Delayed,Traffic
8808930721,-2,2.36,On Time,
8116880443,-2,2.35,On Time,
9933926720,-1,3.62,On Time,
776562418,4,3.05,On Time,Traffic
6105793582,12,1.91,Slightly Delayed,Traffic
9247779866,14,2.75,Slightly Delayed,Traffic
5456672526,5,3.99,On Time,Traffic
6676994910,3,4.47,On Time,Traffic
9353512235,-3,0.75,On Time,
6539196955,17,2.92,Significantly Delayed,Traffic
7886908865,3,2.69,On Time,Traffic
7548844176,0,2.49,On Time,
3375735380,-4,1.31,On Time,
32604190,-3,4.49,On Time,
5731985133,7,2.56,Slightly Delayed,Traffic
7586577278,-5,0.77,On Time,
7765930124,5,2.62,On Time,Traffic
299059193,3,4.76,On Time,Traffic
135053432,2,3.66,On Time,Traffic
9618593702,13,1.03,Slightly Delayed,Traffic
2802699236,26,2.88,Significantly Delayed,Traffic
2044567188,5,4.05,On Time,Traffic
913489768,2,2.19,On Time,Traffic
6856986497,-2,1.69,On Time,
7292898570,19,4.4,Significantly Delayed,Traffic
6223087303,2,0.89,On Time,Traffic
403352765,9,3.67,Slightly Delayed,Traffic
7004560997,6,4.78,Slightly Delayed,Traffic
8159868515,2,4.18,On Time,Traffic
8854320668,4,1.71,On Time,Traffic
2285302205,-4,2.82,On Time,
5160584867,-4,4.58,On Time,
4314105605,-5,4.29,On Time,
9895756835,16,2.18,Significantly Delayed,Traffic
1975300826,-1,4.77,On Time,
2214666083,-1,3.24,On Time,
4735339432,-4,3.33,On Time,
9863540120,8,2.41,Slightly Delayed,Traffic
8789376461,30,4.37,Significantly Delayed,Traffic
4784591220,-1,0.52,On Time,
6759658833,-1,1.76,On Time,
1241631129,5,0.77,On Time,Traffic
8803314647,5,1.44,On Time,Traffic
1016410657,-5,3.13,On Time,
8284240513,4,0.57,On Time,Traffic
343239069,-1,1.1,On Time,
3941137932,19,3.67,Significantly Delayed,Traffic
8955573840,14,4.61,Slightly Delayed,Traffic
6832435511,-5,4.42,On Time,
3014319697,-2,1.13,On Time,
7367717333,-2,0.62,On Time,
9389677233,11,4.47,Slightly Delayed,Traffic
2929883167,11,2.6,Slightly Delayed,Traffic
9045592834,5,4.52,On Time,Traffic
7128308885,9,3.56,Slightly Delayed,Traffic
2060028411,-4,1.55,On Time,
3856301920,18,1.88,Significantly Delayed,Traffic
7248479077,3,2.23,On Time,Traffic
2738466605,3,0.57,On Time,Traffic
9801353230,13,0.75,Slightly Delayed,Traffic
2103613260,-5,3.53,On Time,
7624166218,-5,4.56,On Time,
4692680597,0,3.77,On Time,
2028074931,1,4.81,On Time,Traffic
6247819401,1,4.48,On Time,Traffic
6299879620,10,4.94,Slightly Delayed,Traffic
3398014747,3,3.48,On Time,Traffic
4526087670,-1,4.14,On Time,
4473653758,4,4.12,On Time,Traffic
1286821727,4,4.57,On Time,Traffic
5566617391,13,4.73,Slightly Delayed,Traffic
6630935939,-3,3.34,On Time,
8676443273,19,3.6,Significantly Delayed,Traffic
439562091,2,1.95,On Time,Traffic
7361440096,21,1.09,Significantly Delayed,Traffic
2480611325,8,0.8,Slightly Delayed,Traffic
5091640382,0,2.28,On Time,
1443292147,-4,2.26,On Time,
3342653518,-5,0.79,On Time,
3836073957,7,3.2,Slightly Delayed,Traffic
4192669219,-4,4.28,On Time,
6922121165,18,0.68,Significantly Delayed,Traffic
4850653474,5,3.96,On Time,Traffic
1229660813,27,1.31,Significantly Delayed,Traffic
5194396051,-2,1.52,On Time,
8971899775,-5,2.15,On Time,
5619049608,20,4.69,Significantly Delayed,Traffic
9943996342,1,1.53,On Time,Traffic
4548721519,4,4.85,On Time,Traffic
6211537502,25,1.39,Significantly Delayed,Traffic
347093563,18,3.88,Significantly Delayed,Traffic
1855924568,-2,3.34,On Time,
5914484553,-2,0.75,On Time,
8068903161,2,2.88,On Time,Traffic
2147159735,5,4.83,On Time,Traffic
9006983686,15,2.49,Slightly Delayed,Traffic
7606134274,13,0.52,Slightly Delayed,Traffic
4034750827,2,4.34,On Time,Traffic
851062565,6,0.95,Slightly Delayed,Traffic
4283323746,12,1.35,Slightly Delayed,Traffic
7842390585,-4,3.12,On Time,
2449548943,14,3.28,Slightly Delayed,Traffic
7067924535,18,3.87,Significantly Delayed,Traffic
1602291242,1,0.67,On Time,Traffic
7067630786,-4,0.97,On Time,
9726762425,-4,1.89,On Time,
1129887168,1,3.92,On Time,Traffic
3371892236,-1,2.18,On Time,
6532953824,22,3.77,Significantly Delayed,Traffic
252964377,-5,4.34,On Time,
6270495384,-4,4.21,On Time,
2450770184,10,3.91,Slightly Delayed,Traffic
7543192113,7,3.49,Slightly Delayed,Traffic
9890817032,5,4.13,On Time,Traffic
183165359,29,2.97,Significantly Delayed,Traffic
2136907826,3,4,On Time,Traffic
2801605687,-4,4.41,On Time,
8869292457,3,1.29,On Time,Traffic
5414471648,-2,1.07,On Time,
7827370415,6,4.63,Slightly Delayed,Traffic
7216662926,4,2.65,On Time,Traffic
349410429,-2,3.42,On Time,
8512030806,8,2.62,Slightly Delayed,Traffic
8003807551,1,1.61,On Time,Traffic
274320517,-5,2.96,On Time,
2150447285,-4,1.51,On Time,
5089385450,8,3.65,Slightly Delayed,Traffic
8622799862,-3,1.37,On Time,
2773034272,4,4.06,On Time,Traffic
4028266143,2,1.37,On Time,Traffic
9691888826,3,3.32,On Time,Traffic
8891340263,-5,1.37,On Time,
1149293318,4,2.23,On Time,Traffic
1288695184,-1,2.66,On Time,
5229336544,6,1.08,Slightly Delayed,Traffic
196885435,2,2.91,On Time,Traffic
6961457996,-3,1.53,On Time,
5059907679,10,1.39,Slightly Delayed,Traffic
9046226901,-5,0.88,On Time,
515408216,9,0.91,Slightly Delayed,Traffic
9048597167,28,4.08,Significantly Delayed,Traffic
4308216668,18,4.65,Significantly Delayed,Traffic
8671875127,5,4.82,On Time,Traffic
9622968817,-5,3.48,On Time,
7832599414,-2,2.92,On Time,
5533307028,1,3.92,On Time,Traffic
752185231,0,0.92,On Time,
5859787209,10,1.92,Slightly Delayed,Traffic
1736713150,6,1.45,Slightly Delayed,Traffic
3620570172,27,3.85,Significantly Delayed,Traffic
5758119413,7,1.36,Slightly Delayed,Traffic
2204489775,5,4.87,On Time,Traffic
5881059783,-5,0.74,On Time,
9475167773,10,4.92,Slightly Delayed,Traffic
4635228647,4,1.4,On Time,Traffic
8394536341,10,1.2,Slightly Delayed,Traffic
4726427550,14,3.09,Slightly Delayed,Traffic
5387935727,-4,4.69,On Time,
1886705751,-5,3.13,On Time,
4224014067,1,3.33,On Time,Traffic
8726515908,-1,1.45,On Time,
7388091459,13,4.32,Slightly Delayed,Traffic
9320256091,1,0.88,On Time,Traffic
3872093894,27,0.79,Significantly Delayed,Traffic
992848455,-1,1.53,On Time,
4458723519,-2,2.32,On Time,
7755662096,8,0.94,Slightly Delayed,Traffic
5779793224,0,2,On Time,
8253576531,8,2.25,Slightly Delayed,Traffic
4993169316,9,2.68,Slightly Delayed,Traffic
828017545,13,4.07,Slightly Delayed,Traffic
2012368621,-1,4.14,On Time,
6603205997,0,1.14,On Time,
833581472,12,1.2,Slightly Delayed,Traffic
8755782101,0,2.55,On Time,
1049830215,10,4.98,Slightly Delayed,Traffic
2399383238,-1,3.96,On Time,
143399998,11,3.42,Slightly Delayed,Traffic
2444273306,-2,4.99,On Time,
1309618968,-2,4.64,On Time,
3972788794,3,2.95,On Time,Traffic
2356073413,11,1.33,Slightly Delayed,Traffic
3775683944,5,3.9,On Time,Traffic
8994776653,12,0.69,Slightly Delayed,Traffic
8124075720,0,2.76,On Time,
5534171862,12,2.68,Slightly Delayed,Traffic
4825558658,-1,1.64,On Time,
1541676341,7,4.7,Slightly Delayed,Traffic
5360755658,-2,0.98,On Time,
844328418,27,4.68,Significantly Delayed,Traffic
1843468816,1,1.23,On Time,Traffic
3771484570,-2,2.61,On Time,
2458783424,-2,3.63,On Time,
2272849018,4,3.71,On Time,Traffic
8549503132,-3,4.63,On Time,
4032847942,3,2.67,On Time,Traffic
8224665612,-3,2.66,On Time,
8007222259,-3,2.77,On Time,
3522030676,9,2.38,Slightly Delayed,Traffic
3224743071,5,4.4,On Time,Traffic
7474790671,7,2.19,Slightly Delayed,Traffic
7884745950,3,0.6,On Time,Traffic
8269502930,1,4.93,On Time,Traffic
985347383,1,1.44,On Time,Traffic
5932091553,10,4.06,Slightly Delayed,Traffic
69932727,-5,1.82,On Time,
2715027145,6,4,Slightly Delayed,Traffic
5234261944,3,2.11,On Time,Traffic
2818967815,30,4,Significantly Delayed,Traffic
1598213217,-4,4.73,On Time,
9087747856,7,0.69,Slightly Delayed,Traffic
9606925547,0,4.3,On Time,
9866554851,-3,2.61,On Time,
3719294769,5,3.03,On Time,Traffic
3576529840,6,3.58,Slightly Delayed,Traffic
5478986113,9,3.47,Slightly Delayed,Traffic
6724582316,-5,1.47,On Time,
4391559649,-4,0.53,On Time,
9530258400,1,4.16,On Time,Traffic
609162117,19,1.8,Significantly Delayed,Traffic
755143077,0,1.12,On Time,
5239439928,10,2.22,Slightly Delayed,Traffic
1328248068,13,0.85,Slightly Delayed,Traffic
1440606577,5,1.04,On Time,Traffic
8884389971,-2,4.32,On Time,
7307977336,-4,1.74,On Time,
5953535252,-4,1.2,On Time,
6133025410,3,3.41,On Time,Traffic
798088726,6,1.51,Slightly Delayed,Traffic
3372412988,-2,1.33,On Time,
4910060567,-4,3.42,On Time,
8708211566,11,3.65,Slightly Delayed,Traffic
2126853184,9,2.61,Slightly Delayed,Traffic
4390795259,-4,4.26,On Time,
9030686359,4,4.03,On Time,Traffic
8565611606,25,0.75,Significantly Delayed,Traffic
6782020758,4,4.61,On Time,Traffic
561884159,4,3.3,On Time,Traffic
2767430579,7,2.66,Slightly Delayed,Traffic
5934372451,-5,4.74,On Time,
6833977302,25,1.41,Significantly Delayed,Traffic
8396649871,1,4.59,On Time,Traffic
1937188757,5,4.83,On Time,Traffic
3142198801,-1,4.85,On Time,
6087109745,3,2.32,On Time,Traffic
8895262247,15,4.62,Slightly Delayed,Traffic
5138524153,-5,3.63,On Time,
9789995549,4,1.37,On Time,Traffic
7485459856,-2,2.58,On Time,
4033626537,0,1.88,On Time,
9370915142,10,3.06,Slightly Delayed,Traffic
7211325894,-5,2.43,On Time,
3482827003,12,1.16,Slightly Delayed,Traffic
6656246719,14,2.61,Slightly Delayed,Traffic
6092663288,-5,1.38,On Time,
9346041594,-1,1.78,On Time,
9105127475,12,3.03,Slightly Delayed,Traffic
6120818381,-4,0.87,On Time,
5174370629,4,2.4,On Time,Traffic
3244930036,3,2.64,On Time,Traffic
2976493998,7,0.83,Slightly Delayed,Traffic
7971593791,16,2.44,Significantly Delayed,Traffic
4052544342,16,1.7,Significantly Delayed,Traffic
6264003424,0,2.75,On Time,
3436107152,5,3.98,On Time,Traffic
8546631319,4,3.23,On Time,Traffic
640960551,2,4.95,On Time,Traffic
1141173434,12,4.69,Slightly Delayed,Traffic
528309380,9,1.73,Slightly Delayed,Traffic
2387509904,5,4.53,On Time,Traffic
6791931269,5,1.67,On Time,Traffic
4063689432,-1,2.59,On Time,
1206887762,14,4.48,Slightly Delayed,Traffic
6409437174,22,4.46,Significantly Delayed,Traffic
1355164713,1,2.79,On Time,Traffic
2604772138,2,0.84,On Time,Traffic
5868093790,3,4.17,On Time,Traffic
10161194,3,4.44,On Time,Traffic
8930380639,0,1.41,On Time,
2247940574,5,1.35,On Time,Traffic
6190907327,0,3.61,On Time,
127277515,4,4.27,On Time,Traffic
8209093135,2,1.97,On Time,Traffic
4419380079,8,2.21,Slightly Delayed,Traffic
2954606845,-4,2.33,On Time,
5128739359,-5,1.39,On Time,
8183315245,14,4.56,Slightly Delayed,Traffic
8820606892,2,4.45,On Time,Traffic
7779228340,-5,0.56,On Time,
8459230018,0,1.37,On Time,
7060468800,12,1.4,Slightly Delayed,Traffic
218821567,-4,3.81,On Time,
7795766861,-1,4.37,On Time,
4285804383,11,2.97,Slightly Delayed,Traffic
5961051248,3,4.38,On Time,Traffic
5630323534,7,2.98,Slightly Delayed,Traffic
4642824835,2,4.52,On Time,Traffic
3060527554,8,4.74,Slightly Delayed,Traffic
4048252396,-4,3.27,On Time,
1271431612,6,3.85,Slightly Delayed,Traffic
8981940261,-2,1.65,On Time,
3896239510,14,1.08,Slightly Delayed,Traffic
711316410,2,3.77,On Time,Traffic
9863502398,2,4.82,On Time,Traffic
293770293,5,1.6,On Time,Traffic
890800429,2,1.96,On Time,Traffic
1270503169,3,3.38,On Time,Traffic
168180571,10,3.79,Slightly Delayed,Traffic
111296281,-2,3.1,On Time,
7329085364,1,2.96,On Time,Traffic
1129130498,-5,3.89,On Time,
996939836,-1,0.95,On Time,
8263379807,-1,2.43,On Time,
5735975899,2,1.19,On Time,Traffic
9651034668,1,1.87,On Time,Traffic
3103539793,-5,4.13,On Time,
1611921781,0,3.19,On Time,
7532381028,-3,2.64,On Time,
7803665404,4,3.19,On Time,Traffic
466184886,-4,1.58,On Time,
4692518050,-1,1.14,On Time,
9408428,-4,2.17,On Time,
8766330526,-3,1.09,On Time,
9221423039,-5,4.51,On Time,
4268661538,2,2.42,On Time,Traffic
1378809665,5,1.73,On Time,Traffic
4917941248,3,0.93,On Time,Traffic
5132792285,-3,3.57,On Time,
3776678112,16,2.47,Significantly Delayed,Traffic
6940411801,13,3.53,Slightly Delayed,Traffic
7422521525,-5,3.95,On Time,
4419022028,5,2.78,On Time,Traffic
8016651984,2,0.76,On Time,Traffic
2361722422,5,1.43,On Time,Traffic
1001453982,11,0.92,Slightly Delayed,Traffic
9093918346,4,4.8,On Time,Traffic
3969014433,-5,4.93,On Time,
9684561720,4,1.14,On Time,Traffic
7031115362,30,3.41,Significantly Delayed,Traffic
8204766849,20,4.73,Significantly Delayed,Traffic
2785412612,-4,4.99,On Time,
2624138741,-5,3.37,On Time,
748376248,-4,3.47,On Time,
6096787440,-3,4.01,On Time,
8787660233,11,3.34,Slightly Delayed,Traffic
3845481278,1,4.74,On Time,Traffic
4636134267,13,1.03,Slightly Delayed,Traffic
4538825340,2,2.94,On Time,Traffic
4553101047,-3,4.88,On Time,
2193853405,10,3.54,Slightly Delayed,Traffic
1642059453,3,3.07,On Time,Traffic
5890339330,-5,3.81,On Time,
313663478,3,1.45,On Time,Traffic
8591576320,-5,3.5,On Time,
4728104591,-5,4.27,On Time,
8276401643,-5,2.78,On Time,
8709694061,14,3.64,Slightly Delayed,Traffic
4080156881,0,1.62,On Time,
7485829116,1,0.88,On Time,Traffic
7378865582,-4,3.36,On Time,
335575667,1,3.15,On Time,Traffic
1621109077,7,1.18,Slightly Delayed,Traffic
7468088555,-3,4.93,On Time,
3676517886,12,4.83,Slightly Delayed,Traffic
1746921111,-2,0.83,On Time,
7774691391,5,3.75,On Time,Traffic
8220678247,-2,2.72,On Time,
6048604080,-3,1.33,On Time,
8545716586,14,0.89,Slightly Delayed,Traffic
530870056,-3,2.27,On Time,
4055690435,-4,3.9,On Time,
7096530350,-1,2.56,On Time,
7083649345,2,4.36,On Time,Traffic
836457367,28,2.04,Significantly Delayed,Traffic
7698126312,11,3.14,Slightly Delayed,Traffic
2267297760,-4,1.84,On Time,
1717841423,6,2.36,Slightly Delayed,Traffic
4330597536,4,1.95,On Time,Traffic
3687593721,9,1.33,Slightly Delayed,Traffic
6660740926,11,4.87,Slightly Delayed,Traffic
9439713009,-3,3.4,On Time,
5281121057,14,4.11,Slightly Delayed,Traffic
7044351561,-1,2.09,On Time,
9121393476,-1,3.85,On Time,
7202170939,4,4.22,On Time,Traffic
1429047127,18,3.25,Significantly Delayed,Traffic
8551965787,-3,2.64,On Time,
6756882357,-5,3,On Time,
618929241,17,1.01,Significantly Delayed,Traffic
9711157887,1,4.03,On Time,Traffic
354149805,1,0.84,On Time,Traffic
231328814,9,4.71,Slightly Delayed,Traffic
523916986,-2,0.89,On Time,
1930887811,0,4.36,On Time,
9958741781,9,2.52,Slightly Delayed,Traffic
6727230123,16,2.72,Significantly Delayed,Traffic
9487368442,3,2.01,On Time,Traffic
671459763,5,2.78,On Time,Traffic
9129957352,4,1.25,On Time,Traffic
9206073690,4,4.94,On Time,Traffic
5587148302,5,1.87,On Time,Traffic
6936256414,5,1.21,On Time,Traffic
3341228576,6,2.11,Slightly Delayed,Traffic
4817323453,2,1.96,On Time,Traffic
1163454835,5,2.82,On Time,Traffic
5236061455,4,4.84,On Time,Traffic
5982829268,0,1.56,On Time,
1901688056,0,4.41,On Time,
5936051107,12,4.52,Slightly Delayed,Traffic
3018272105,-3,4.37,On Time,
3656191983,-1,4.99,On Time,
5186692805,20,3.88,Significantly Delayed,Traffic
7281243151,-3,4.15,On Time,
7906004940,3,4.5,On Time,Traffic
6354703603,-5,3.2,On Time,
6444064733,-3,2.5,On Time,
2405783093,0,2.13,On Time,
63363146,15,1.26,Slightly Delayed,Traffic
7040313500,-4,3.06,On Time,
5844807259,-5,2.95,On Time,
1931703221,2,3.71,On Time,Traffic
3525336030,15,4.32,Slightly Delayed,Traffic
4359807852,1,1.95,On Time,Traffic
6946959356,7,1.27,Slightly Delayed,Traffic
782338627,25,3.34,Significantly Delayed,Traffic
4942714391,3,0.66,On Time,Traffic
919307194,18,4.66,Significantly Delayed,Traffic
6509263423,-3,0.91,On Time,
7200105089,13,4.3,Slightly Delayed,Traffic
7120372196,11,4.32,Slightly Delayed,Traffic
8710393245,-2,4.18,On Time,
8862036450,-2,3.06,On Time,
2087769338,0,3.33,On Time,
3349267712,10,2.46,Slightly Delayed,Traffic
1689937124,4,2.48,On Time,Traffic
4498769995,5,1.68,On Time,Traffic
3729771871,4,4.95,On Time,Traffic
9065518834,2,0.57,On Time,Traffic
7524465290,6,2.9,Slightly Delayed,Traffic
2319921666,-3,1.97,On Time,
9541612277,-2,3.14,On Time,
6303548068,11,2.89,Slightly Delayed,Traffic
5867651793,-1,4.61,On Time,
6405947025,2,3.2,On Time,Traffic
2150790907,12,4.13,Slightly Delayed,Traffic
212856641,-5,2.66,On Time,
1686508921,-5,1.62,On Time,
5879579208,6,0.85,Slightly Delayed,Traffic
1882682579,-1,3.81,On Time,
8370410622,2,2.24,On Time,Traffic
368599691,1,2.3,On Time,Traffic
9282982332,2,1.07,On Time,Traffic
4874880100,5,0.83,On Time,Traffic
102639985,3,3.7,On Time,Traffic
5288207551,14,2.52,Slightly Delayed,Traffic
693932743,0,4.2,On Time,
2325405669,-2,0.99,On Time,
8152364696,0,2.01,On Time,
7682359398,9,1.67,Slightly Delayed,Traffic
1742951029,19,2.67,Significantly Delayed,Traffic
4799787645,19,3.46,Significantly Delayed,Traffic
8498666384,3,4.33,On Time,Traffic
5013572642,13,3.25,Slightly Delayed,Traffic
8403006958,-5,3.65,On Time,
4688831157,4,1.4,On Time,Traffic
394578210,5,0.68,On Time,Traffic
8681711802,-5,4.75,On Time,
9311399064,3,1.16,On Time,Traffic
2620581496,-1,3.47,On Time,
5116898322,-2,1.52,On Time,
5995819849,9,1.18,Slightly Delayed,Traffic
7690500286,7,2.14,Slightly Delayed,Traffic
6107283203,2,1.08,On Time,Traffic
3170417508,13,4.22,Slightly Delayed,Traffic
805682701,12,4.98,Slightly Delayed,Traffic
8960508625,5,1.17,On Time,Traffic
5580397726,19,3.75,Significantly Delayed,Traffic
1506599381,3,3.36,On Time,Traffic
8424478165,0,1.52,On Time,
6083333956,13,2.12,Slightly Delayed,Traffic
9611327860,-2,2.56,On Time,
9539444766,5,2.89,On Time,Traffic
756168939,-5,1.21,On Time,
7762624518,14,4,Slightly Delayed,Traffic
3681781563,-2,3.37,On Time,
1571085226,7,4.62,Slightly Delayed,Traffic
4244306883,14,2.9,Slightly Delayed,Traffic
7333141591,18,0.8,Significantly Delayed,Traffic
1199945706,-1,3.13,On Time,
5895644119,0,2.16,On Time,
7112919210,0,3.88,On Time,
8315937318,9,3.07,Slightly Delayed,Traffic
5331800057,13,4.9,Slightly Delayed,Traffic
5989265505,-5,1.78,On Time,
7906361274,-1,1.97,On Time,
6312476146,9,2.18,Slightly Delayed,Traffic
9436272631,-1,4.78,On Time,
8289791792,-4,2.33,On Time,
7659532788,3,3.26,On Time,Traffic
1498157233,4,0.96,On Time,Traffic
8560951754,6,0.99,Slightly Delayed,Traffic
8764192824,15,1.34,Slightly Delayed,Traffic
1900542981,4,1.16,On Time,Traffic
9445683691,16,4.53,Significantly Delayed,Traffic
7719808335,-1,2.74,On Time,
4865644960,8,3.91,Slightly Delayed,Traffic
6518276143,-5,1.5,On Time,
2211459584,0,4.19,On Time,
6811633572,4,2.15,On Time,Traffic
1821573240,3,4.66,On Time,Traffic
8848227434,-2,4.94,On Time,
7812276711,12,2.45,Slightly Delayed,Traffic
939966106,2,2.05,On Time,Traffic
4099108156,-1,0.91,On Time,
5684182622,0,2.04,On Time,
4916740946,4,1.38,On Time,Traffic
9732307600,-1,4.44,On Time,
9280329883,8,2.35,Slightly Delayed,Traffic
4284285927,2,1.4,On Time,Traffic
8701796,9,4.97,Slightly Delayed,Traffic
6834734512,1,4.75,On Time,Traffic
7127377458,8,3.89,Slightly Delayed,Traffic
4754481356,-1,3.5,On Time,
4726007482,4,2.57,On Time,Traffic
2320560482,-2,3.15,On Time,
1456550348,0,1.19,On Time,
5370744569,13,3.16,Slightly Delayed,Traffic
5819887962,22,2.97,Significantly Delayed,Traffic
1929465827,-1,4.51,On Time,
9430139302,1,2.53,On Time,Traffic
3632715912,5,0.8,On Time,Traffic
3356214803,-3,2.84,On Time,
2277864850,-4,4.13,On Time,
1754472592,1,2.88,On Time,Traffic
1833208408,0,2.48,On Time,
6567954047,22,0.53,Significantly Delayed,Traffic
9409585531,7,4.52,Slightly Delayed,Traffic
731371161,20,0.77,Significantly Delayed,Traffic
7863496069,15,4.5,Slightly Delayed,Traffic
9043955242,26,2.64,Significantly Delayed,Traffic
8257564936,0,3.94,On Time,
7487631571,9,3.79,Slightly Delayed,Traffic
4243307535,8,3.93,Slightly Delayed,Traffic
5490221933,-4,4.5,On Time,
577600718,9,0.87,Slightly Delayed,Traffic
1815462789,12,2.81,Slightly Delayed,Traffic
896786012,10,1.61,Slightly Delayed,Traffic
2610552179,2,1.91,On Time,Traffic
6244718082,-4,4.95,On Time,
1837634871,15,1.27,Slightly Delayed,Traffic
8684571382,-1,3.84,On Time,
1659181364,10,1,Slightly Delayed,Traffic
5626641031,2,1.12,On Time,Traffic
1589326447,5,1.75,On Time,Traffic
5018325783,-2,1.96,On Time,
5111073873,0,2.5,On Time,
5953426781,-2,3.95,On Time,
8966870214,6,2.15,Slightly Delayed,Traffic
6962915277,0,1.07,On Time,
4309308088,4,2.27,On Time,Traffic
5391068200,-5,4.94,On Time,
4394681222,15,1.8,Slightly Delayed,Traffic
4791895461,24,2.47,Significantly Delayed,Traffic
7272011740,2,4.2,On Time,Traffic
87784691,3,4.58,On Time,Traffic
4939105270,-2,3.43,On Time,
4622303035,-2,2.53,On Time,
3460208027,0,1.9,On Time,
2548125971,-5,4.48,On Time,
2390111460,5,4.29,On Time,Traffic
8309485249,5,3.55,On Time,Traffic
8322543480,24,4.99,Significantly Delayed,Traffic
2819200158,2,1.95,On Time,Traffic
7087151227,-4,2.61,On Time,
6704234561,30,1.81,Significantly Delayed,Traffic
6998410196,13,1.53,Slightly Delayed,Traffic
707035635,-4,4.33,On Time,
543400704,-5,1.06,On Time,
3604694195,-5,0.64,On Time,
3560549947,8,4.06,Slightly Delayed,Traffic
9982178143,22,3.86,Significantly Delayed,Traffic
1423646541,-1,1.73,On Time,
7441941402,-2,3.22,On Time,
8395661807,2,0.61,On Time,Traffic
5480656353,-5,3.58,On Time,
4561602092,-1,3.44,On Time,
1695982633,-4,0.65,On Time,
6309447153,0,4.09,On Time,
4796733514,29,1.07,Significantly Delayed,Traffic
2858966982,-5,3.77,On Time,
6948607495,5,2,On Time,Traffic
4959271803,13,2.07,Slightly Delayed,Traffic
5669689881,11,4.57,Slightly Delayed,Traffic
5352265711,13,1.05,Slightly Delayed,Traffic
5498551836,2,2.78,On Time,Traffic
6556845822,5,1.46,On Time,Traffic
5167008199,-5,2.76,On Time,
966294309,3,2.48,On Time,Traffic
3163611427,5,1.11,On Time,Traffic
203136866,-1,0.74,On Time,
1815555165,0,3.61,On Time,
1874499212,2,3.16,On Time,Traffic
4012779165,3,3.74,On Time,Traffic
3669023899,11,4.1,Slightly Delayed,Traffic
9296381620,-1,3.27,On Time,
2725513934,2,0.65,On Time,Traffic
5564338561,-2,3.96,On Time,
4701778121,4,1.24,On Time,Traffic
9529272337,0,2.06,On Time,
869910650,-5,4.69,On Time,
2127080399,8,1.72,Slightly Delayed,Traffic
3547439109,-2,2.46,On Time,
997535715,2,4.02,On Time,Traffic
2442453181,5,4.46,On Time,Traffic
1182120536,2,2.91,On Time,Traffic
2819297954,3,0.52,On Time,Traffic
9870956079,2,3.76,On Time,Traffic
6032675432,-3,4.47,On Time,
329790912,-4,2.32,On Time,
6459815532,12,1.63,Slightly Delayed,Traffic
9214523757,-4,4.86,On Time,
9450279027,-4,4.62,On Time,
6265551101,-4,1.46,On Time,
4138526838,13,3.73,Slightly Delayed,Traffic
8005579633,24,1.66,Significantly Delayed,Traffic
3442984170,1,3.2,On Time,Traffic
8711550413,22,3.32,Significantly Delayed,Traffic
2509593585,-3,2.85,On Time,
6126557370,5,0.68,On Time,Traffic
9876119035,13,3.58,Slightly Delayed,Traffic
3739042166,5,4.28,On Time,Traffic
7938944124,5,4.82,On Time,Traffic
506804807,-5,3.71,On Time,
3577900599,-5,1.71,On Time,
8337599633,-1,2.04,On Time,
8611745429,-1,1.3,On Time,
2990223879,10,2.77,Slightly Delayed,Traffic
52324496,5,2.39,On Time,Traffic
6594929133,-1,0.65,On Time,
2480235830,4,4.28,On Time,Traffic
9667072962,6,3.97,Slightly Delayed,Traffic
277700053,3,4.98,On Time,Traffic
5691623788,0,1.63,On Time,
6845696161,14,1.83,Slightly Delayed,Traffic
4098488449,0,2.85,On Time,
5653623743,26,1.2,Significantly Delayed,Traffic
6416399784,9,1.32,Slightly Delayed,Traffic
4365565386,-4,1.5,On Time,
6423269418,14,1.78,Slightly Delayed,Traffic
1020534590,8,4.37,Slightly Delayed,Traffic
4015289878,10,1.79,Slightly Delayed,Traffic
9959668334,-3,1.31,On Time,
8054387790,-4,1.95,On Time,
4795344310,30,0.93,Significantly Delayed,Traffic
2205862234,-4,2.33,On Time,
4686249863,-3,2.6,On Time,
1270524770,2,3.7,On Time,Traffic
5743550453,5,1.21,On Time,Traffic
5309699078,14,0.51,Slightly Delayed,Traffic
7565768030,-1,0.73,On Time,
3210260715,-5,3.86,On Time,
6657245289,19,2.38,Significantly Delayed,Traffic
7854526965,9,4.21,Slightly Delayed,Traffic
2770948451,19,0.91,Significantly Delayed,Traffic
624070426,-3,4.96,On Time,
891583492,1,2.72,On Time,Traffic
5811206654,14,2.73,Slightly Delayed,Traffic
809894905,5,2.71,On Time,Traffic
8209000496,15,2.17,Slightly Delayed,Traffic
4901288364,12,4.65,Slightly Delayed,Traffic
5890338566,1,1.74,On Time,Traffic
2745295248,-1,1.29,On Time,
5708700204,-1,0.51,On Time,
8643851643,30,4.32,Significantly Delayed,Traffic
4525287277,3,3.71,On Time,Traffic
6154459753,11,2.4,Slightly Delayed,Traffic
2587790388,-2,2.31,On Time,
2665891587,-5,2.28,On Time,
6996561687,1,2.31,On Time,Traffic
961607638,28,4.81,Significantly Delayed,Traffic
4385491839,-5,0.93,On Time,
1279200190,7,1.17,Slightly Delayed,Traffic
9668698616,0,4.51,On Time,
4813038298,10,2.75,Slightly Delayed,Traffic
2030125421,4,4.4,On Time,Traffic
6997235339,-1,1.3,On Time,
7438342576,5,1.63,On Time,Traffic
9958423263,-3,0.67,On Time,
3416693628,1,3.28,On Time,Traffic
3440579647,0,1.99,On Time,
5307231496,-1,2.58,On Time,
4779055734,10,2.8,Slightly Delayed,Traffic
3834705841,23,1.58,Significantly Delayed,Traffic
9080324081,-1,4.49,On Time,
2500757555,-3,3.91,On Time,
1292986566,-4,4.62,On Time,
6602362287,5,2.37,On Time,Traffic
184844043,-5,4.04,On Time,
936587253,4,1.78,On Time,Traffic
2834429147,7,0.93,Slightly Delayed,Traffic
114306835,5,3.9,On Time,Traffic
1675849477,5,4.47,On Time,Traffic
5191052705,4,3.52,On Time,Traffic
7068834722,5,0.98,On Time,Traffic
5051330893,14,4.22,Slightly Delayed,Traffic
6065496420,11,0.93,Slightly Delayed,Traffic
7574848635,12,2.14,Slightly Delayed,Traffic
8793868975,4,2.76,On Time,Traffic
5381466176,3,4.54,On Time,Traffic
7709366480,0,0.98,On Time,
4936667930,1,2.69,On Time,Traffic
6860925755,-1,1.74,On Time,
5486433396,5,0.61,On Time,Traffic
7089292009,1,2.56,On Time,Traffic
5350760367,4,1.78,On Time,Traffic
5581769906,13,2.26,Slightly Delayed,Traffic
6256637306,9,2.47,Slightly Delayed,Traffic
2999946056,0,3.1,On Time,
5218488175,0,4.64,On Time,
8297436592,-5,4.13,On Time,
1806118907,2,3.65,On Time,Traffic
6999224625,1,4.49,On Time,Traffic
1809997641,23,1.51,Significantly Delayed,Traffic
7528090614,3,2.32,On Time,Traffic
4884904912,-5,0.73,On Time,
9811235698,12,2.74,Slightly Delayed,Traffic
5616653529,5,0.97,On Time,Traffic
7188183056,0,2.9,On Time,
7898301143,3,3.32,On Time,Traffic
5222677885,7,2.29,Slightly Delayed,Traffic
8544952346,1,2.38,On Time,Traffic
9403371764,13,4.38,Slightly Delayed,Traffic
3956205476,-1,1.61,On Time,
5678362658,0,2.6,On Time,
8131610255,-3,2.47,On Time,
4722653990,4,1.65,On Time,Traffic
6613853662,10,2.2,Slightly Delayed,Traffic
8274987671,2,2.61,On Time,Traffic
5519983123,-2,1.85,On Time,
2746329488,-1,4.54,On Time,
6443285614,1,0.51,On Time,Traffic
6932426427,-5,1.03,On Time,
1796512004,3,4.54,On Time,Traffic
1464518253,4,2.9,On Time,Traffic
3585105627,-3,1.88,On Time,
5387247994,3,1.93,On Time,Traffic
7568171531,3,4.73,On Time,Traffic
4111193446,0,4.78,On Time,
8683154153,2,3.05,On Time,Traffic
5712367183,14,2.5,Slightly Delayed,Traffic
3952854723,-4,1.39,On Time,
4631387671,23,1.13,Significantly Delayed,Traffic
2145309969,0,1.93,On Time,
4314762741,-4,2.57,On Time,
7401889152,-4,1.45,On Time,
1932040824,5,3.81,On Time,Traffic
9836424713,4,2.6,On Time,Traffic
9882312203,30,4.21,Significantly Delayed,Traffic
3082649585,2,0.67,On Time,Traffic
6033878151,-5,4.49,On Time,
6395547592,30,2.69,Significantly Delayed,Traffic
372962997,13,4.98,Slightly Delayed,Traffic
2988215377,-1,1.27,On Time,
7081583361,5,2.58,On Time,Traffic
1860491452,13,1.11,Slightly Delayed,Traffic
7499656197,15,3.34,Slightly Delayed,Traffic
4507112412,-5,3.92,On Time,
9214595868,13,2.45,Slightly Delayed,Traffic
253430904,-4,3.98,On Time,
5574588218,7,3.37,Slightly Delayed,Traffic
2817281674,1,3.05,On Time,Traffic
4932779616,5,2.26,On Time,Traffic
7932879650,26,4.03,Significantly Delayed,Traffic
997698125,0,4.32,On Time,
2403547563,-4,3.32,On Time,
8875483494,6,2.2,Slightly Delayed,Traffic
883548284,6,0.85,Slightly Delayed,Traffic
2364229435,-4,1.42,On Time,
6845869445,20,1.71,Significantly Delayed,Traffic
397818832,27,3.64,Significantly Delayed,Traffic
304166272,5,3.89,On Time,Traffic
1575626085,-4,2.65,On Time,
3945644714,3,4.4,On Time,Traffic
8370213291,14,3.94,Slightly Delayed,Traffic
2185375786,15,1.44,Slightly Delayed,Traffic
1828975788,7,3.81,Slightly Delayed,Traffic
4319450104,6,4.89,Slightly Delayed,Traffic
5059765199,6,4.53,Slightly Delayed,Traffic
5360089735,3,4.41,On Time,Traffic
8008211695,2,2.15,On Time,Traffic
4400031082,-3,2.37,On Time,
9582738204,19,3.87,Significantly Delayed,Traffic
1368450162,-3,1.92,On Time,
56705032,14,3.67,Slightly Delayed,Traffic
2407168640,13,0.96,Slightly Delayed,Traffic
530588807,22,1.08,Significantly Delayed,Traffic
9975541696,9,3.57,Slightly Delayed,Traffic
8602707005,5,2.58,On Time,Traffic
2382595056,-1,4.12,On Time,
8056162498,21,1.56,Significantly Delayed,Traffic
4593039089,5,0.97,On Time,Traffic
7311288658,0,1.64,On Time,
9157217130,-5,4.52,On Time,
9328094731,-2,1.48,On Time,
3259266120,14,1.62,Slightly Delayed,Traffic
4656541041,25,0.55,Significantly Delayed,Traffic
730839483,-4,2.68,On Time,
6185824257,0,1.45,On Time,
225195662,7,3.42,Slightly Delayed,Traffic
6771104541,-1,1.49,On Time,
6146830622,-4,2.26,On Time,
1380326453,3,4.45,On Time,Traffic
728523620,3,2.89,On Time,Traffic
27296314,22,4.39,Significantly Delayed,Traffic
2608278705,6,4.52,Slightly Delayed,Traffic
6786366774,-3,4.36,On Time,
5572475750,1,2.33,On Time,Traffic
8276417383,3,1.38,On Time,Traffic
784435014,-2,1.72,On Time,
9442274046,6,2.71,Slightly Delayed,Traffic
2470025903,-5,0.72,On Time,
6774241153,-2,2.82,On Time,
3874644184,5,4.04,On Time,Traffic
8078065454,30,0.56,Significantly Delayed,Traffic
340113260,13,4.84,Slightly Delayed,Traffic
2978839318,0,2.08,On Time,
3896922017,4,4.95,On Time,Traffic
7621954956,-4,2.73,On Time,
581178324,-3,4.11,On Time,
8469170680,4,1.51,On Time,Traffic
6779626333,11,4.69,Slightly Delayed,Traffic
6335704206,1,2.69,On Time,Traffic
8314342490,0,0.64,On Time,
1948795658,-2,2.73,On Time,
9187864807,-1,4.86,On Time,
8399666962,-5,4.01,On Time,
6196321055,-1,0.54,On Time,
8128518434,-3,1.46,On Time,
9854897999,-1,4.05,On Time,
2603584546,4,3.85,On Time,Traffic
1295119665,-5,4.34,On Time,
599975885,-2,1.45,On Time,
5834861324,21,1.72,Significantly Delayed,Traffic
2032005162,4,2.55,On Time,Traffic
8391900458,-3,4.37,On Time,
1887687323,-2,3.78,On Time,
2120411967,22,4.54,Significantly Delayed,Traffic
3158340906,7,4.42,Slightly Delayed,Traffic
2387343456,12,1.67,Slightly Delayed,Traffic
338609144,-3,3.64,On Time,
9056190831,0,3.38,On Time,
2803081135,1,1.92,On Time,Traffic
5970759669,-1,1.14,On Time,
3226693729,-1,0.5,On Time,
8132845656,24,2.73,Significantly Delayed,Traffic
7850550725,4,3.45,On Time,Traffic
2934547619,1,3.68,On Time,Traffic
608179182,16,2.94,Significantly Delayed,Traffic
5191326847,-5,1.48,On Time,
7614561036,-4,1.58,On Time,
2947791133,-4,1.02,On Time,
6538760883,0,2.26,On Time,
8872250952,16,4.38,Significantly Delayed,Traffic
8173258734,8,4.19,Slightly Delayed,Traffic
5465833352,2,1.06,On Time,Traffic
2106569369,0,3.91,On Time,
9039440500,1,2.47,On Time,Traffic
8281482042,4,4.44,On Time,Traffic
479528548,2,1.05,On Time,Traffic
8087519921,-4,3.71,On Time,
4869691623,-5,1.07,On Time,
7155177625,5,3.68,On Time,Traffic
7254499390,0,1.11,On Time,
7394439260,27,4.36,Significantly Delayed,Traffic
6581715589,-1,3.09,On Time,
9457009010,14,2.95,Slightly Delayed,Traffic
2859660695,13,3.37,Slightly Delayed,Traffic
6392348668,5,2.44,On Time,Traffic
6933011590,-5,1.3,On Time,
5809441378,24,0.97,Significantly Delayed,Traffic
411113020,3,4.93,On Time,Traffic
5512796364,0,2.62,On Time,
2610813239,-1,4.63,On Time,
3236748462,4,2.9,On Time,Traffic
6652395897,-3,3.42,On Time,
5517901926,4,0.65,On Time,Traffic
2174753933,-3,3.68,On Time,
1525700767,15,4.55,Slightly Delayed,Traffic
7232692149,4,4.28,On Time,Traffic
8556607504,1,4.45,On Time,Traffic
5841260317,14,2.69,Slightly Delayed,Traffic
9471427840,15,2.42,Slightly Delayed,Traffic
2070610257,0,1.67,On Time,
1884811437,-5,1.8,On Time,
5331747573,-3,1.98,On Time,
9977285985,2,2.17,On Time,Traffic
1715175070,22,1.99,Significantly Delayed,Traffic
4117790162,3,3.4,On Time,Traffic
9051644316,7,1.59,Slightly Delayed,Traffic
4903335316,10,3.96,Slightly Delayed,Traffic
3341481363,16,1.45,Significantly Delayed,Traffic
4074537770,4,4.12,On Time,Traffic
5374589112,24,1.35,Significantly Delayed,Traffic
6401406847,11,2.91,Slightly Delayed,Traffic
698439139,-2,3.38,On Time,
881367843,-4,2.67,On Time,
6438115781,0,4.89,On Time,
1706198744,-1,2.71,On Time,
3115167739,0,3.24,On Time,
8608111158,9,3.77,Slightly Delayed,Traffic
8167540645,4,3.63,On Time,Traffic
898210033,-2,2.34,On Time,
5415454466,1,1.91,On Time,Traffic
9240312177,7,1.54,Slightly Delayed,Traffic
4880265969,0,1.64,On Time,
5056583192,-4,1.43,On Time,
1921412688,3,2.91,On Time,Traffic
5829741995,10,4.54,Slightly Delayed,Traffic
9830742370,6,1.98,Slightly Delayed,Traffic
509041342,0,2.24,On Time,
8420144998,-3,1.9,On Time,
7353766541,0,3.61,On Time,
8617979440,18,4.5,Significantly Delayed,Traffic
680476823,4,3.13,On Time,Traffic
5424536852,2,2.27,On Time,Traffic
1142004448,-4,1.46,On Time,
1814491335,13,1.13,Slightly Delayed,Traffic
445929405,3,4.08,On Time,Traffic
3849003596,26,1.56,Significantly Delayed,Traffic
6367757670,-4,3.34,On Time,
4925321106,1,1.86,On Time,Traffic
4463294381,15,1.15,Slightly Delayed,Traffic
9077946933,9,1.91,Slightly Delayed,Traffic
6688079478,-2,1.83,On Time,
8712304346,-5,1.53,On Time,
3748957111,8,2.78,Slightly Delayed,Traffic
2388792163,13,3.8,Slightly Delayed,Traffic
2583035857,3,1.63,On Time,Traffic
2649487718,4,3.51,On Time,Traffic
5936628691,12,4.61,Slightly Delayed,Traffic
7662682121,1,4.85,On Time,Traffic
736115661,10,2.86,Slightly Delayed,Traffic
2448741950,3,1.44,On Time,Traffic
9321629905,4,1.5,On Time,Traffic
9020583379,2,2.17,On Time,Traffic
2642275862,25,4.11,Significantly Delayed,Traffic
6932431317,-2,4.75,On Time,
9126871366,16,1.36,Significantly Delayed,Traffic
3244572785,25,3.71,Significantly Delayed,Traffic
6485432691,2,4.02,On Time,Traffic
6047222755,-1,2.63,On Time,
6167501412,27,1.27,Significantly Delayed,Traffic
2052163872,0,0.99,On Time,
7740339645,9,0.76,Slightly Delayed,Traffic
2761855959,-5,3.92,On Time,
8010347195,3,2.16,On Time,Traffic
2384153985,10,2.06,Slightly Delayed,Traffic
3584794157,-2,1.81,On Time,
8186709947,22,4.09,Significantly Delayed,Traffic
6027355216,1,2.01,On Time,Traffic
9823160533,5,2.28,On Time,Traffic
8694663463,-2,4.36,On Time,
1296772969,1,4.48,On Time,Traffic
5856838171,25,1.84,Significantly Delayed,Traffic
915473142,15,3.12,Slightly Delayed,Traffic
6992097680,13,4.17,Slightly Delayed,Traffic
6870670122,1,0.66,On Time,Traffic
6626994121,13,3.53,Slightly Delayed,Traffic
6125813500,12,4.34,Slightly Delayed,Traffic
6899859775,3,1.78,On Time,Traffic
1825560091,5,2.81,On Time,Traffic
1320638425,0,2,On Time,
5320995509,5,3.48,On Time,Traffic
4249535395,-5,1.15,On Time,
804881381,-4,1.57,On Time,
4858560187,4,4.42,On Time,Traffic
6425666148,-4,1.13,On Time,
9021754099,2,1.68,On Time,Traffic
7728205680,0,2.34,On Time,
9346166799,7,4.33,Slightly Delayed,Traffic
3377313085,7,1.26,Slightly Delayed,Traffic
8167716321,0,1.96,On Time,
2024637181,1,3.78,On Time,Traffic
9310630290,-2,2.55,On Time,
2276505075,0,4.98,On Time,
6615188116,5,3.51,On Time,Traffic
6858336318,-2,1.48,On Time,
7601638642,16,1.38,Significantly Delayed,Traffic
1191565627,-4,3.4,On Time,
4785021992,5,3.06,On Time,Traffic
3452964753,4,3.92,On Time,Traffic
3490919801,-2,1.15,On Time,
105578518,14,0.57,Slightly Delayed,Traffic
2978719561,7,1.83,Slightly Delayed,Traffic
9979010790,10,4.05,Slightly Delayed,Traffic
4435636116,-2,3.54,On Time,
5909879259,11,4.87,Slightly Delayed,Traffic
2686390867,-2,4.72,On Time,
6698537000,-1,1.13,On Time,
4395604675,7,3.77,Slightly Delayed,Traffic
3475041787,14,4.34,Slightly Delayed,Traffic
5817989751,1,2.38,On Time,Traffic
1433129858,-5,2.5,On Time,
3571922553,4,4.45,On Time,Traffic
7940229189,17,4.09,Significantly Delayed,Traffic
3801240688,0,0.82,On Time,
1295268290,-3,0.84,On Time,
4552636670,3,4.94,On Time,Traffic
6805071689,23,2.64,Significantly Delayed,Traffic
8026827967,0,1.97,On Time,
6417774057,6,2.95,Slightly Delayed,Traffic
7877665931,5,4.69,On Time,Traffic
7754237266,-2,3.12,On Time,
7985418058,0,3.68,On Time,
5287733777,-2,4.66,On Time,
7112725384,0,0.77,On Time,
6261926473,-4,2.86,On Time,
1495465938,5,0.64,On Time,Traffic
7891205593,-4,4.55,On Time,
924888012,10,4.89,Slightly Delayed,Traffic
943278538,27,4.7,Significantly Delayed,Traffic
9981950902,5,1.23,On Time,Traffic
7769253886,5,3.06,On Time,Traffic
9350977708,-1,1.27,On Time,
4525211942,-1,3.89,On Time,
7232049635,-5,0.51,On Time,
679546532,9,1.64,Slightly Delayed,Traffic
4665187954,-3,4.23,On Time,
3914760118,1,3.38,On Time,Traffic
155568486,2,0.6,On Time,Traffic
3773972929,-1,2.85,On Time,
2168808412,14,1.34,Slightly Delayed,Traffic
7697315553,3,3.93,On Time,Traffic
804414742,12,4.21,Slightly Delayed,Traffic
918328199,11,2.24,Slightly Delayed,Traffic
3084493525,2,2.14,On Time,Traffic
8047256000,11,4.53,Slightly Delayed,Traffic
5176597414,8,0.72,Slightly Delayed,Traffic
110303417,0,2.49,On Time,
1809212176,-4,4.43,On Time,
1765001264,27,0.54,Significantly Delayed,Traffic
4220306391,12,3.39,Slightly Delayed,Traffic
1275637731,21,2.19,Significantly Delayed,Traffic
7729557529,3,0.89,On Time,Traffic
9279017414,1,2.03,On Time,Traffic
8726185624,5,2.67,On Time,Traffic
3192177869,-3,4.51,On Time,
5033541164,18,2.85,Significantly Delayed,Traffic
4495977117,12,3.96,Slightly Delayed,Traffic
8866977450,1,0.55,On Time,Traffic
7542030170,0,3.21,On Time,
8782031586,7,0.58,Slightly Delayed,Traffic
7177553918,14,3.48,Slightly Delayed,Traffic
9157563215,-1,2.25,On Time,
989452284,2,2.71,On Time,Traffic
9972678893,0,1.06,On Time,
8561203503,-3,4.49,On Time,
1388300707,4,1.98,On Time,Traffic
4054816025,2,3.89,On Time,Traffic
9943206333,4,2.89,On Time,Traffic
3948498236,9,4.87,Slightly Delayed,Traffic
8096169523,3,4.87,On Time,Traffic
8803091944,-5,2.41,On Time,
7409519974,1,2.81,On Time,Traffic
456278500,12,4.64,Slightly Delayed,Traffic
9912965340,28,3.28,Significantly Delayed,Traffic
2802653261,-4,1.99,On Time,
8629948751,6,3,Slightly Delayed,Traffic
9169008097,5,2.16,On Time,Traffic
3186513319,9,4.76,Slightly Delayed,Traffic
8837578937,1,1.07,On Time,Traffic
1468095888,-5,2.18,On Time,
3055120492,10,4.52,Slightly Delayed,Traffic
6083457185,4,2.23,On Time,Traffic
7154956248,-4,4.48,On Time,
246971181,2,1.37,On Time,Traffic
2452915406,3,1.89,On Time,Traffic
9458183390,-2,2.14,On Time,
576571858,1,2.39,On Time,Traffic
9544803182,2,3.83,On Time,Traffic
2121652047,17,2.48,Significantly Delayed,Traffic
8891725854,-1,4.44,On Time,
4870772869,1,1.87,On Time,Traffic
262562615,4,4.08,On Time,Traffic
5142912812,20,1.24,Significantly Delayed,Traffic
1225289500,3,3.86,On Time,Traffic
7337555525,1,1.77,On Time,Traffic
5719806088,5,0.59,On Time,Traffic
6890191424,6,1.22,Slightly Delayed,Traffic
5695198653,2,2.19,On Time,Traffic
482670263,-1,1.97,On Time,
7857904467,1,2.73,On Time,Traffic
614435661,4,4.98,On Time,Traffic
2284551326,2,2.86,On Time,Traffic
8614991290,21,3.87,Significantly Delayed,Traffic
9865566300,7,0.52,Slightly Delayed,Traffic
6672582413,14,1.95,Slightly Delayed,Traffic
3004834987,-5,1.41,On Time,
4486349175,5,1.93,On Time,Traffic
3098655541,4,1.85,On Time,Traffic
1912293606,2,0.56,On Time,Traffic
7465280557,5,1.54,On Time,Traffic
343050015,21,0.66,Significantly Delayed,Traffic
6414606364,1,2.33,On Time,Traffic
4092550629,0,1.69,On Time,
9810964144,-1,2.88,On Time,
6513851276,12,1.93,Slightly Delayed,Traffic
6080784069,9,4.57,Slightly Delayed,Traffic
1967283733,15,3.06,Slightly Delayed,Traffic
2683672396,-4,1.2,On Time,
1464736195,10,4.66,Slightly Delayed,Traffic
3258963661,-3,0.54,On Time,
9956872454,15,2.59,Slightly Delayed,Traffic
867630114,0,0.64,On Time,
3333752740,-5,4.57,On Time,
4835197446,3,4.91,On Time,Traffic
1888517793,3,3.53,On Time,Traffic
5148599328,11,3.5,Slightly Delayed,Traffic
3405089431,13,1.12,Slightly Delayed,Traffic
9286199495,2,2.57,On Time,Traffic
6418255337,0,1.03,On Time,
7442478777,-3,0.52,On Time,
5170777528,3,1.33,On Time,Traffic
1255941187,13,1.2,Slightly Delayed,Traffic
4704980993,12,1.69,Slightly Delayed,Traffic
7310604669,9,4.17,Slightly Delayed,Traffic
7970608721,14,1.18,Slightly Delayed,Traffic
3164727163,6,2.47,Slightly Delayed,Traffic
2388064449,5,3.4,On Time,Traffic
757816226,18,1.86,Significantly Delayed,Traffic
259772553,-2,3.1,On Time,
8388644219,-3,3.72,On Time,
1545044936,4,3.86,On Time,Traffic
6995571310,-2,1.89,On Time,
8801161214,4,2.44,On Time,Traffic
1751319400,0,3.32,On Time,
10448052,5,4.53,On Time,Traffic
3047076079,-4,4.22,On Time,
5085860780,-5,3.9,On Time,
6213909425,2,4.18,On Time,Traffic
3712789789,2,0.95,On Time,Traffic
278794976,4,3.84,On Time,Traffic
3420357591,-3,2.6,On Time,
4551386734,13,3.13,Slightly Delayed,Traffic
7609681987,4,1,On Time,Traffic
1721655048,8,0.62,Slightly Delayed,Traffic
7040151151,0,1.94,On Time,
6719661881,0,1.93,On Time,
5195004299,5,3.81,On Time,Traffic
5441946621,19,1.05,Significantly Delayed,Traffic
3508992095,27,3.38,Significantly Delayed,Traffic
8454449180,8,1.97,Slightly Delayed,Traffic
9251851237,4,3.59,On Time,Traffic
6739811103,4,3.83,On Time,Traffic
7590827828,-1,4.15,On Time,
310213322,8,3.14,Slightly Delayed,Traffic
934908369,4,2.21,On Time,Traffic
3817617199,27,4.38,Significantly Delayed,Traffic
2622709030,24,3.38,Significantly Delayed,Traffic
3843689992,3,4.61,On Time,Traffic
8732395640,-3,1.54,On Time,
3889721330,28,4.82,Significantly Delayed,Traffic
7064093619,0,4.63,On Time,
6798661163,2,3.67,On Time,Traffic
2878307830,15,1.94,Slightly Delayed,Traffic
4133369643,6,3.69,Slightly Delayed,Traffic
3394787348,14,2.69,Slightly Delayed,Traffic
4830380663,1,4.73,On Time,Traffic
3441042301,-4,1.89,On Time,
3984353474,23,3.64,Significantly Delayed,Traffic
4495916529,3,3.47,On Time,Traffic
5075205264,6,3.43,Slightly Delayed,Traffic
6129180304,1,0.59,On Time,Traffic
3311686914,3,3.43,On Time,Traffic
3907403745,-5,0.63,On Time,
9924696305,2,3.98,On Time,Traffic
7348508805,10,3.22,Slightly Delayed,Traffic
1665004352,-2,4.68,On Time,
1049800958,0,0.54,On Time,
2937550786,-4,4.47,On Time,
486724008,12,0.84,Slightly Delayed,Traffic
9361578823,2,2.51,On Time,Traffic
6249585672,4,1.61,On Time,Traffic
2111712383,3,5,On Time,Traffic
2962076108,0,4.38,On Time,
7509638056,5,3.25,On Time,Traffic
6074743537,1,2.37,On Time,Traffic
3560026527,24,4.71,Significantly Delayed,Traffic
7005103077,0,4.26,On Time,
8175826750,3,3.14,On Time,Traffic
8572946020,0,1.45,On Time,
2936701883,3,2.77,On Time,Traffic
9948324640,4,2.7,On Time,Traffic
2865872281,11,2.55,Slightly Delayed,Traffic
5785351358,-3,2.65,On Time,
5204776107,-2,2.93,On Time,
8689865723,-4,2.88,On Time,
7822329516,6,3.31,Slightly Delayed,Traffic
5995393950,-2,4.57,On Time,
5458784818,-2,4.17,On Time,
5611686165,-2,2.93,On Time,
6390653932,-5,3.01,On Time,
1215008706,-4,2.83,On Time,
7357727116,-5,2.36,On Time,
7562975685,11,2.5,Slightly Delayed,Traffic
3118070064,-4,2.61,On Time,
8255753870,1,3.79,On Time,Traffic
5924715529,3,3.37,On Time,Traffic
9593816617,-5,3.28,On Time,
6143213997,2,1.53,On Time,Traffic
4516009647,2,2.54,On Time,Traffic
291900074,-5,3.99,On Time,
3178700341,-5,1.41,On Time,
4231742059,14,4.62,Slightly Delayed,Traffic
7437613292,9,2.2,Slightly Delayed,Traffic
5609346062,-1,3.37,On Time,
909033820,15,3.04,Slightly Delayed,Traffic
470624828,1,0.57,On Time,Traffic
9608676386,-3,1.12,On Time,
6846160702,-4,1.81,On Time,
4248168019,-4,3.42,On Time,
9057909300,-1,3.47,On Time,
2171816966,-4,1.08,On Time,
1387025817,4,3.3,On Time,Traffic
6801124715,-2,0.68,On Time,
6117979297,0,3.3,On Time,
4902314626,-3,2.83,On Time,
361595059,-4,3.98,On Time,
5309683159,17,2.43,Significantly Delayed,Traffic
2300265337,3,3.53,On Time,Traffic
199903168,-3,1.37,On Time,
4923840119,-3,1.33,On Time,
2209550085,-1,2.99,On Time,
120178110,10,1.82,Slightly Delayed,Traffic
6647259959,23,1.13,Significantly Delayed,Traffic
3859980017,2,4.71,On Time,Traffic
9196827234,12,1.43,Slightly Delayed,Traffic
3499440849,-4,1.24,On Time,
7114775833,-5,1.29,On Time,
7812364366,-3,4.03,On Time,
7525899857,-5,1.75,On Time,
3917847107,1,1.84,On Time,Traffic
1229828587,4,0.91,On Time,Traffic
4249345096,0,0.53,On Time,
4002407580,5,4.85,On Time,Traffic
5982122427,3,0.52,On Time,Traffic
3280431261,-5,3.51,On Time,
5066338759,-5,1.11,On Time,
9087426355,-1,1.59,On Time,
5512907,15,0.59,Slightly Delayed,Traffic
4174741467,12,3.05,Slightly Delayed,Traffic
6270463968,-4,0.97,On Time,
1239385001,2,3.3,On Time,Traffic
5250202756,20,1.21,Significantly Delayed,Traffic
4099185509,-1,1.1,On Time,
7875903450,0,1.86,On Time,
7561642939,-4,0.71,On Time,
5438908316,0,3.27,On Time,
357437373,5,2.34,On Time,Traffic
8972877222,1,2.43,On Time,Traffic
1163798451,27,0.79,Significantly Delayed,Traffic
3588229485,21,3.52,Significantly Delayed,Traffic
1205823348,9,2.62,Slightly Delayed,Traffic
2867008541,12,0.86,Slightly Delayed,Traffic
5794917332,-5,4.96,On Time,
4726520098,-3,4.96,On Time,
6251716165,11,4.49,Slightly Delayed,Traffic
5991829458,-3,1.56,On Time,
1142626566,-3,3.79,On Time,
2595161999,-3,0.91,On Time,
8865698939,2,0.67,On Time,Traffic
1776582175,5,0.7,On Time,Traffic
7323157341,5,2.98,On Time,Traffic
8997413283,4,1.29,On Time,Traffic
2548452255,21,1.7,Significantly Delayed,Traffic
7906839225,-1,2.58,On Time,
4113927200,-3,1.91,On Time,
4233626614,5,1.05,On Time,Traffic
2886463378,23,2.15,Significantly Delayed,Traffic
1823348306,-1,2.12,On Time,
8706556166,11,2.42,Slightly Delayed,Traffic
5139433840,3,0.67,On Time,Traffic
769731596,4,1.87,On Time,Traffic
1346090496,5,2.76,On Time,Traffic
9339629293,11,3.68,Slightly Delayed,Traffic
3043993017,9,4.14,Slightly Delayed,Traffic
274863669,-2,3,On Time,
3736611791,-4,4.97,On Time,
9628875555,-2,4.05,On Time,
6367306297,-4,3.58,On Time,
4393113152,15,3.86,Slightly Delayed,Traffic
1239928207,-1,3.82,On Time,
5473002872,-2,2.29,On Time,
6536847919,0,3.79,On Time,
5480709564,-3,3.07,On Time,
1393100618,-3,4.83,On Time,
6999330116,23,3.9,Significantly Delayed,Traffic
7816842690,3,3.39,On Time,Traffic
3186586558,-1,4.78,On Time,
7927955136,0,4.64,On Time,
3518172697,-4,3.73,On Time,
4557188271,4,0.79,On Time,Traffic
2893244627,11,4.59,Slightly Delayed,Traffic
1996683408,13,3.25,Slightly Delayed,Traffic
1673794089,-5,3.1,On Time,
9931161723,-3,1.7,On Time,
856799416,2,2.31,On Time,Traffic
6668508959,-4,3.98,On Time,
4914874727,3,3.99,On Time,Traffic
7869104895,-1,4.36,On Time,
5094989752,4,3.05,On Time,Traffic
4305377896,25,3.68,Significantly Delayed,Traffic
7017136473,-4,3.48,On Time,
3303209513,-5,1.82,On Time,
8607953669,-3,0.92,On Time,
1940918101,-5,2.6,On Time,
6494615659,13,2.58,Slightly Delayed,Traffic
4280890409,4,4.99,On Time,Traffic
7598489331,7,1.57,Slightly Delayed,Traffic
8755280486,7,2.04,Slightly Delayed,Traffic
8281093933,-5,4.31,On Time,
7415765726,15,4.38,Slightly Delayed,Traffic
6266072804,4,1.93,On Time,Traffic
1542448934,-1,2.36,On Time,
2896979776,-4,4.68,On Time,
169867835,-2,2.09,On Time,
9493456526,-3,3.86,On Time,
9423261830,3,0.75,On Time,Traffic
5793453795,5,3.36,On Time,Traffic
2141680269,3,4.35,On Time,Traffic
6457122136,25,1.9,Significantly Delayed,Traffic
8447536518,5,3.83,On Time,Traffic
3191672889,1,2.17,On Time,Traffic
2521995712,-2,4.53,On Time,
8194578267,4,4.82,On Time,Traffic
2811341619,3,1.75,On Time,Traffic
5562576298,7,3.4,Slightly Delayed,Traffic
7446009755,11,4.92,Slightly Delayed,Traffic
7343262659,3,3.25,On Time,Traffic
7147677361,0,4.23,On Time,
8732072897,5,0.58,On Time,Traffic
6418604551,-5,2.03,On Time,
4989511905,-1,5,On Time,
2520527893,17,1.14,Significantly Delayed,Traffic
4753989820,0,3.16,On Time,
8285547588,5,2.86,On Time,Traffic
5824924668,1,1.97,On Time,Traffic
7703854141,-4,3.6,On Time,
7380361209,-4,0.61,On Time,
5053033745,0,1.31,On Time,
4859489972,-2,3.04,On Time,
9690396315,-4,3.24,On Time,
448732557,-2,3.93,On Time,
4927306668,-2,1.12,On Time,
1669690997,5,1.86,On Time,Traffic
8340761903,-2,3.31,On Time,
5936301790,3,2.44,On Time,Traffic
5710579377,-2,1.76,On Time,
2494813730,1,2.7,On Time,Traffic
