order_id,customer_id,order_date,delivery_status,order_total,payment_method
1961864118,30065862,7/17/2024 8:34,On Time,3197.07,Cash
1549769649,9573071,5/28/2024 13:14,On Time,976.55,Cash
9185164487,45477575,9/23/2024 13:07,On Time,839.05,UPI
9644738826,88067569,11/24/2023 16:16,On Time,440.23,Card
5427684290,83298567,11/20/2023 5:00,On Time,2526.68,Cash
3265154092,43367112,3/18/2023 16:29,On Time,3161.43,UPI
4898355547,13284996,4/16/2023 18:50,On Time,956.4,Card
6568151549,88866835,3/31/2024 6:26,On Time,905.47,Cash
6006693867,24496983,7/13/2023 23:49,On Time,1371.17,Card
374186990,52215833,8/9/2023 1:17,Slightly Delayed,1601.19,Wallet
4455336265,43431724,8/30/2023 19:37,On Time,2362.33,UPI
3539286337,77559557,4/25/2023 20:32,On Time,1463.8,Wallet
9171116867,87107263,10/22/2023 11:15,Slightly Delayed,822.63,Card
5504941865,76512976,1/28/2024 2:39,Slightly Delayed,2287.68,Wallet
5868326481,37556526,3/15/2024 21:07,On Time,1962.35,Wallet
2137046916,12059049,2/3/2024 8:50,On Time,3373.96,UPI
8195544338,26199489,4/26/2023 4:03,Slightly Delayed,845.71,Wallet
2889700050,84848018,4/30/2024 16:22,On Time,2706.54,Wallet
65827885,47577193,7/27/2023 0:13,On Time,1132.98,Cash
4656471694,60728956,12/9/2023 8:08,Slightly Delayed,1525.5,Cash
6625178717,62068277,7/1/2023 4:24,Slightly Delayed,5718.09,Card
7169557514,84824280,3/21/2023 5:27,Slightly Delayed,2970.9,Card
2268306684,66742602,5/28/2024 14:59,On Time,2991.57,Wallet
6905293278,97259564,6/16/2024 10:23,Significantly Delayed,1404.68,Cash
1769493463,3292927,6/26/2024 7:13,On Time,2541.32,Wallet
5003387344,26592009,6/23/2024 10:53,On Time,2475.69,Wallet
2064484752,89995124,5/7/2024 22:42,On Time,1949.92,Wallet
964822979,88520326,7/13/2024 10:38,On Time,5804.23,Wallet
6037899648,22738465,3/27/2024 17:44,On Time,1231.03,Cash
9347571484,29562072,11/2/2024 17:15,Slightly Delayed,3138.06,Card
3286177534,10225164,6/24/2023 23:52,On Time,3612.26,Wallet
9073572548,97111069,5/2/2023 23:13,Significantly Delayed,1091.89,Card
8395583761,1989720,8/4/2024 23:35,On Time,410.62,UPI
6355378227,67092149,8/11/2023 16:52,On Time,5019.02,UPI
277376321,89784343,7/28/2024 4:25,On Time,3694.48,Wallet
8559748526,45868300,4/5/2023 18:07,On Time,1152.09,Wallet
1458051433,50760752,4/26/2024 9:14,On Time,1055.18,UPI
5838302640,96795047,5/12/2023 5:46,Slightly Delayed,3377.44,UPI
1380971977,16561710,6/2/2024 13:04,On Time,3117.74,Cash
1221099013,35156679,7/23/2023 10:45,On Time,4335.11,Wallet
6771166303,87718744,7/24/2023 4:21,Slightly Delayed,816.38,Wallet
7111337755,10524732,5/6/2023 5:52,On Time,1550.71,Cash
5562922993,62416456,12/6/2023 2:04,On Time,2292.64,Wallet
5630957897,69925688,6/18/2024 7:17,On Time,827.44,Wallet
1787380558,5140660,11/8/2023 17:24,On Time,2066.77,Cash
32613017,82594354,3/17/2023 0:20,On Time,2354.28,Card
2039041670,88324928,11/1/2024 9:45,Slightly Delayed,96.33,Wallet
210693801,71235336,8/21/2024 3:59,On Time,3561.22,UPI
8120002258,57833505,1/1/2024 0:05,On Time,1213.05,Card
2177917034,12402437,2/8/2024 20:03,Slightly Delayed,3134.8,Card
4254814926,59890331,4/21/2024 6:14,On Time,3818.33,Wallet
6074172790,14944819,7/26/2023 2:15,On Time,2008.84,Wallet
3381573131,67386193,7/16/2024 0:33,On Time,114.52,Cash
3773745777,67701771,5/2/2024 14:40,On Time,1488.19,Card
9251939156,89910157,12/30/2023 12:39,Slightly Delayed,891.6,Cash
3872982303,15484407,2/3/2024 1:04,On Time,1779.45,Wallet
2625987757,10769994,8/1/2023 7:42,On Time,169.88,UPI
3162249401,85519349,5/3/2024 13:21,On Time,4406.98,Cash
3108986741,49241309,10/17/2023 19:29,On Time,2401.92,Wallet
1851474741,23348269,11/1/2023 13:29,Slightly Delayed,3742.79,Card
2425099132,85016568,8/15/2023 1:15,On Time,2498.22,Wallet
6706793332,6247821,10/9/2024 21:50,Slightly Delayed,949.75,UPI
2149289255,57579640,11/1/2024 15:00,Significantly Delayed,2687.31,Cash
1971008155,2457734,10/23/2023 22:23,On Time,1866.01,Cash
2087093460,59329145,7/11/2024 11:31,On Time,4198.33,Card
2116712588,24043135,11/11/2023 20:33,On Time,44.35,Wallet
6054358790,59216664,1/26/2024 10:11,On Time,3217.7,Wallet
532660797,41008070,5/20/2024 6:25,Slightly Delayed,2683.73,UPI
1491991005,52215833,3/4/2024 8:49,On Time,3472.55,Wallet
4136019599,74179536,3/23/2024 18:38,On Time,1131.05,Wallet
2122832513,55028958,2/17/2024 19:48,Significantly Delayed,2037.94,UPI
3717703595,88965399,4/24/2023 21:33,On Time,1756.7,Card
3194733693,21866852,7/5/2023 10:13,Slightly Delayed,2552.88,UPI
4471162437,27971619,2/6/2024 12:38,On Time,3355.65,Card
1609331948,8791577,1/4/2024 14:06,On Time,3648.36,UPI
6920030794,70372270,6/24/2024 2:37,On Time,2936.64,UPI
5127172657,32293017,6/11/2024 18:11,Significantly Delayed,2185.5,Cash
8607115856,15931134,10/9/2023 4:42,On Time,739.34,UPI
7154957395,60700850,4/9/2023 10:10,On Time,2696.84,Wallet
2070762702,34761418,10/4/2023 10:20,Slightly Delayed,2457.2,Cash
3697242439,99361865,10/15/2024 12:30,On Time,2179.49,Cash
3063427913,75984768,9/21/2023 2:17,On Time,4419.03,Card
2060061337,29272253,4/15/2023 22:56,Slightly Delayed,3041.62,Wallet
4625892678,80371626,6/18/2023 19:23,On Time,3166.49,Wallet
6045698170,666589,1/24/2024 17:03,On Time,222.15,UPI
7876289647,98858383,8/7/2024 7:55,Slightly Delayed,3218.62,UPI
3434084714,46836361,2/2/2024 2:54,On Time,1179.41,Cash
9031695663,94730288,1/17/2024 1:23,Slightly Delayed,2316.01,Card
1955989715,77862447,12/27/2023 6:52,On Time,1931.35,Wallet
3459500455,16379942,12/18/2023 0:37,On Time,2581.78,UPI
5953376503,79169760,5/25/2024 3:53,Significantly Delayed,650.2,Wallet
121874867,94529626,3/28/2023 0:53,On Time,2596.92,UPI
2460545397,42872865,10/27/2024 11:26,Slightly Delayed,474.34,Wallet
9690050839,55803572,1/13/2024 2:34,On Time,2551.93,Wallet
2574349065,51547198,4/17/2024 14:33,On Time,4476.55,Wallet
2461936988,14428954,7/20/2023 23:11,Significantly Delayed,4196.95,Cash
6447596416,76987910,10/8/2023 18:18,On Time,4965.12,Card
7228452275,42262168,5/13/2023 1:06,On Time,326.42,Card
6696750742,5277675,4/2/2023 17:43,On Time,2509.56,Wallet
822235931,44410149,8/9/2023 7:17,Slightly Delayed,4866.15,Wallet
7678251499,17805991,4/23/2023 13:27,On Time,3141.37,Cash
2497341976,9097480,9/21/2023 9:06,On Time,3414.57,Wallet
9107314128,79591237,5/20/2024 16:19,On Time,545.49,Wallet
9855726256,8651281,5/17/2023 7:50,On Time,479.57,Card
9398719862,14991661,7/19/2024 9:22,On Time,4255,Card
379494532,9650263,7/7/2024 13:29,On Time,3609.27,UPI
1048784963,58942207,9/7/2023 13:18,On Time,1159.84,Card
4386246924,69632084,8/27/2024 10:06,Significantly Delayed,2026.78,Card
2050362692,79991320,10/30/2024 11:23,On Time,2363.42,Cash
4142963293,34567918,11/3/2024 3:45,On Time,3686.26,Cash
9753528654,61522288,7/26/2024 7:24,On Time,109.03,Cash
8126970833,14161586,9/14/2024 20:27,Significantly Delayed,4398.35,Wallet
9747814712,16359370,12/16/2023 15:38,On Time,2333.7,Wallet
6281619403,77921718,4/9/2023 18:56,On Time,3374.44,UPI
436184281,78614729,11/20/2023 12:36,Significantly Delayed,3147.92,Card
9799231260,22077605,3/7/2024 8:59,On Time,872.83,Wallet
4071811527,66023110,7/26/2023 15:38,Slightly Delayed,1872.01,Card
5645359563,87160527,8/8/2024 23:28,On Time,2624.29,Card
9411813703,62600289,9/25/2023 22:56,On Time,4433,Wallet
4270217473,54580166,2/1/2024 8:48,On Time,505.5,Cash
279851011,12967305,4/11/2023 9:45,On Time,3495.33,Card
6260524887,57081917,6/1/2024 6:43,On Time,2457.11,Card
5853998391,94453274,9/8/2023 2:48,On Time,949.22,Wallet
9931976872,8955057,6/24/2024 5:17,On Time,2487.83,Wallet
8432209832,90346920,3/20/2024 3:24,Slightly Delayed,3835.31,Wallet
6023721507,8791577,4/7/2024 0:19,On Time,1849.03,UPI
3042338919,76212152,5/17/2023 14:52,On Time,2765.06,Wallet
233646065,16379942,9/19/2023 22:28,On Time,578.85,Wallet
9870610018,94033330,2/8/2024 5:23,On Time,478.79,Card
1398230967,46876240,4/22/2024 9:58,On Time,1186.66,Card
8615488922,92209869,11/4/2023 0:06,Significantly Delayed,3803.34,Card
2748841057,33544355,12/30/2023 5:03,Significantly Delayed,1587.18,Card
1375867721,4862761,7/15/2024 16:57,On Time,2244.24,Cash
8595141097,96511007,3/31/2024 10:24,On Time,3385.77,UPI
4673382071,21784094,1/16/2024 13:25,Slightly Delayed,1479.69,UPI
2948696008,51872499,4/10/2024 10:05,On Time,3103.41,Cash
6839692624,64497538,11/19/2023 1:53,Significantly Delayed,4464.84,Cash
5770951298,75510747,10/2/2023 18:09,On Time,957.11,UPI
5084771819,6344345,8/29/2024 21:54,Slightly Delayed,1207.68,Cash
422403644,56548063,5/27/2023 23:26,Slightly Delayed,2331.5,UPI
7176758896,18394558,7/13/2023 12:50,On Time,2640.24,Cash
8252905093,42589311,4/21/2024 23:13,On Time,2315.77,Card
1488561572,75928073,8/27/2024 8:18,On Time,4053.52,Cash
6212984517,72702075,3/16/2024 21:47,On Time,1388.01,UPI
6309784337,26250082,5/6/2024 17:37,On Time,1905.92,Card
4613890018,53538932,10/24/2023 12:43,On Time,1545.79,Wallet
3429728472,64017365,3/31/2023 8:31,Slightly Delayed,4138.27,Cash
267738904,63368244,10/24/2023 23:10,Slightly Delayed,3596.07,Card
3850416839,57081917,7/1/2024 2:05,Slightly Delayed,5490.94,UPI
3412702479,86479284,12/24/2023 7:32,On Time,2344.83,Cash
2016183232,44928499,7/19/2023 4:15,Slightly Delayed,1934.43,Card
3810280204,84361534,10/26/2023 17:52,On Time,2956.37,Wallet
2416767295,767523,7/5/2024 3:36,Slightly Delayed,2358.76,Card
2283439407,46623192,7/14/2023 2:18,On Time,1216.8,UPI
4328802292,9738801,6/14/2023 19:43,Significantly Delayed,1926.12,Cash
7072715691,74195536,12/25/2023 19:14,On Time,2120.77,Cash
5640741373,90298394,5/10/2024 6:46,On Time,765.76,Card
6931094066,17159117,11/15/2023 21:59,On Time,2802.27,Card
3417088709,62629494,5/30/2024 17:24,Significantly Delayed,912.29,UPI
4424404315,9274874,7/16/2023 7:24,On Time,494.48,Wallet
2444087306,56250563,7/28/2023 8:25,On Time,2440.73,Wallet
486085268,51040116,12/11/2023 19:39,On Time,4749.99,UPI
1731312620,49795571,5/8/2023 20:32,On Time,843.21,Wallet
6475582506,82529927,9/23/2023 4:50,On Time,3895.25,Wallet
1868581378,93198324,3/29/2024 18:27,On Time,2065.81,Card
8884235937,20298398,8/9/2024 11:51,Slightly Delayed,1655.6,UPI
4590662628,87200291,1/10/2024 11:48,Slightly Delayed,3148.95,Cash
992302540,32203588,11/26/2023 21:32,On Time,198.72,Wallet
7169974633,59110513,10/16/2024 16:03,On Time,2475.21,UPI
6703651257,93198324,1/17/2024 1:26,On Time,727.87,Card
7180810221,20940403,9/10/2023 16:44,Slightly Delayed,657.8,Cash
7875587578,60967677,7/15/2024 8:47,Slightly Delayed,3351.74,Card
2578671497,76218218,1/25/2024 0:04,On Time,3603.94,Card
6284350691,57207678,6/20/2024 1:00,On Time,726.41,Wallet
5383261788,34588087,10/18/2023 21:18,On Time,3375.86,Wallet
6590867973,56441247,11/20/2023 8:37,On Time,1848.22,UPI
8787105023,81822935,5/7/2024 22:54,On Time,1443.64,Wallet
1402916311,14275043,4/23/2024 12:52,On Time,4553.36,Card
9715205272,52409516,10/21/2024 21:55,On Time,1189.17,UPI
3946852375,96253172,7/4/2024 12:26,On Time,150.99,Cash
3367039425,86050297,3/10/2024 3:46,On Time,703.11,UPI
687711388,52757321,2/2/2024 10:13,Slightly Delayed,1385.43,Card
647012431,34281470,6/16/2024 13:11,Significantly Delayed,3706.1,Card
7143278295,50557979,2/13/2024 15:28,On Time,1597.11,UPI
9736844695,31978160,4/9/2024 20:00,On Time,1608.11,Cash
5933289680,5751638,12/7/2023 4:30,Significantly Delayed,2950.6,Wallet
9494303116,98858383,7/21/2024 10:44,On Time,1538.49,Card
9337878102,9987182,5/16/2023 3:51,On Time,3119.18,Wallet
6872621077,77128325,9/14/2023 18:19,On Time,3611.43,Wallet
7330237253,28428852,12/7/2023 12:22,On Time,869.86,UPI
7942616242,33685414,9/30/2023 8:07,Significantly Delayed,1116,Wallet
238520071,77320193,2/20/2024 5:25,On Time,852.02,Cash
5812379362,46504355,8/5/2023 10:51,On Time,3865.78,Wallet
2616623847,49915498,1/19/2024 19:08,Slightly Delayed,3928,Cash
2040854480,40392019,12/10/2023 0:09,Significantly Delayed,946.86,Wallet
5456484560,62600289,9/26/2024 1:56,Significantly Delayed,1630.68,UPI
883309006,71229024,4/9/2024 8:12,Slightly Delayed,1427.84,Cash
6528341992,64497538,1/29/2024 3:28,Slightly Delayed,2360.73,Wallet
3263203775,44888581,9/28/2024 15:27,On Time,826.28,UPI
3660010934,83577942,1/31/2024 15:31,On Time,787.4,Wallet
7944885043,1683786,5/26/2024 8:18,On Time,4410.72,Card
2506369831,1529180,6/16/2023 13:05,Slightly Delayed,255.35,UPI
697061213,91196901,3/25/2023 9:41,On Time,4473.11,Card
7079057004,1507408,9/30/2023 8:52,Significantly Delayed,1946.09,Card
1556153632,67215939,5/4/2024 8:35,Slightly Delayed,1277.85,Wallet
2161235338,38902882,4/12/2024 15:00,Slightly Delayed,4431.77,Wallet
1247978468,97484394,7/19/2024 1:53,On Time,1662.15,UPI
5437627061,58505903,8/22/2024 2:04,On Time,910.19,UPI
9091960039,13455530,2/11/2024 9:54,On Time,1349.36,Card
619198317,81906973,11/20/2023 16:57,On Time,4216.63,UPI
9833179291,90372221,5/4/2023 18:32,On Time,483.05,UPI
4148760273,93122847,5/22/2024 1:40,On Time,994.97,UPI
7206041763,74694186,5/30/2023 19:17,On Time,162.67,Card
690097648,2684440,12/27/2023 20:11,Slightly Delayed,3471.29,Cash
4197061567,52757321,2/4/2024 3:20,On Time,3685.3,UPI
2009394836,55056284,10/24/2023 22:11,On Time,1159.53,UPI
277502363,88203688,12/28/2023 13:54,On Time,2682.72,Card
4356959622,38709137,1/16/2024 7:41,On Time,2128.54,Cash
174306009,87457446,8/9/2024 0:24,Significantly Delayed,2424.07,UPI
9582674091,34237583,8/16/2024 11:20,Significantly Delayed,951.43,UPI
8675579025,44409533,7/6/2024 11:59,On Time,2636.86,Card
5195999941,52757321,7/19/2024 18:51,Slightly Delayed,2298.98,Card
5210007923,97507853,10/1/2024 5:12,On Time,1278.93,Cash
6595771960,45700473,4/5/2023 3:22,On Time,4251.75,Cash
4247338382,34853377,12/5/2023 2:01,Significantly Delayed,989.88,Cash
819143326,88324928,1/10/2024 19:18,On Time,3284.6,Cash
3830844750,23996221,8/6/2023 15:56,On Time,1663.27,UPI
1687314172,82425179,3/13/2024 18:42,On Time,3835.73,Cash
6756007265,80850753,7/27/2023 18:19,On Time,1848.13,Wallet
489762747,19482392,9/27/2024 16:36,Significantly Delayed,766.2,Card
7509195875,42723554,11/26/2023 19:55,On Time,4237.4,Card
2370917070,5763963,7/25/2023 5:54,On Time,2639.9,Card
2055388266,119099,6/23/2023 6:31,Slightly Delayed,3722.37,UPI
8969304162,43052303,10/12/2023 14:44,On Time,1264.98,Wallet
5412674107,88111697,10/6/2024 21:41,On Time,2646.85,Cash
1536516619,15631726,11/25/2023 7:50,On Time,3466.59,Wallet
3858907413,89910157,7/27/2023 18:31,On Time,3427.43,Cash
4976389251,79478655,9/5/2023 10:02,On Time,1146.95,Card
2218319201,40587811,11/1/2024 2:59,On Time,1216.48,Wallet
6729422433,68159723,7/19/2023 13:45,Slightly Delayed,3405.78,UPI
1354097448,98687927,6/21/2023 17:33,On Time,3401.69,Card
8952275304,81174361,8/31/2024 8:12,On Time,2474.23,Cash
436603801,54619715,12/28/2023 9:54,On Time,838.89,Cash
5273875984,9278983,5/31/2023 3:32,Slightly Delayed,2682.38,Cash
9290203003,21573815,4/1/2024 12:19,On Time,2133.39,Cash
6240982373,91243571,4/26/2023 3:12,On Time,3393.08,Cash
2718348206,5763963,11/8/2023 10:22,On Time,632.43,UPI
4903544026,57331847,5/11/2024 4:29,On Time,3778.46,Cash
2827266949,93675757,9/17/2024 7:51,Slightly Delayed,3334.82,Card
4278423074,67708491,12/17/2023 4:48,On Time,1073.53,Cash
645916247,76857266,10/10/2023 2:52,Significantly Delayed,4465.9,Cash
5816647866,81420960,9/26/2024 5:13,Significantly Delayed,2323.45,Cash
7282397914,97825663,7/14/2024 1:15,On Time,2043.65,Cash
3260611473,12832151,2/6/2024 13:34,Significantly Delayed,2731.48,Cash
8638163868,87718744,6/7/2023 3:25,On Time,4272.81,Card
177850987,51174875,11/7/2023 14:08,On Time,1934.67,UPI
9653859166,32987624,3/16/2023 19:23,Slightly Delayed,2978.36,Wallet
9991338690,98444183,7/29/2024 11:34,On Time,3273.99,Cash
1714593246,27698051,10/20/2024 9:52,On Time,1100.8,Wallet
9742461226,34095555,1/1/2024 0:24,On Time,949.56,UPI
3314393477,55170753,10/26/2024 13:36,On Time,934.75,Cash
4188317986,42366724,3/20/2023 1:44,Slightly Delayed,3448.71,Wallet
1646665366,51387106,7/26/2024 18:45,Slightly Delayed,1086.27,Wallet
9558804585,82700270,3/15/2024 11:58,Slightly Delayed,848.94,Card
9047652469,71902700,8/5/2024 3:13,On Time,370.06,Card
2893800377,57892837,3/22/2024 11:38,On Time,1966.14,Card
6139157985,88517890,2/3/2024 13:33,Significantly Delayed,1623.51,Wallet
6029394789,7591711,4/30/2023 6:03,Slightly Delayed,2118.04,UPI
5874940276,38875754,4/11/2024 6:28,On Time,546.43,UPI
5205211911,57662767,9/27/2024 18:32,Slightly Delayed,1098.4,Cash
5314758068,48776805,2/3/2024 0:17,Slightly Delayed,4183.29,Card
484869710,6756256,9/9/2023 11:46,On Time,1429.34,Cash
9957728938,25915909,8/5/2024 21:29,Significantly Delayed,1445.95,UPI
3136056666,57770044,4/29/2024 3:24,Slightly Delayed,211.25,UPI
4926104391,47206881,10/24/2023 7:42,Slightly Delayed,2029.88,Wallet
1827844756,16785724,4/7/2023 11:32,On Time,3372.28,UPI
7032037874,57291761,6/13/2024 19:06,On Time,1694.99,UPI
3779230503,46699982,7/11/2023 5:19,On Time,2781.39,Card
3473012553,89669139,2/16/2024 21:32,Significantly Delayed,5062.8,Card
7988504487,8164639,5/14/2024 11:32,On Time,3511.92,Wallet
7193792738,84572019,6/5/2024 15:34,On Time,2817.36,Card
1533583386,35912599,8/28/2023 20:16,On Time,4869.76,Wallet
7750989397,79672044,1/7/2024 1:01,On Time,4099.45,Wallet
4434816229,63292875,9/14/2023 6:52,On Time,1491.21,Wallet
6896732047,62068277,4/18/2024 17:58,On Time,321.33,Cash
4740837071,64795608,11/1/2023 15:26,On Time,5428.69,UPI
6649631729,75640174,9/30/2024 9:24,On Time,1082.76,Card
5351526726,75892474,3/28/2023 18:51,On Time,3077.83,Cash
1506082041,11446157,5/4/2023 7:48,On Time,4917.47,Card
1023260165,10683250,2/16/2024 19:06,On Time,741.67,Card
8257032403,17805991,9/18/2024 21:17,On Time,3177.73,Wallet
7216524192,72605638,9/1/2024 16:23,On Time,227.22,Card
8619795820,98687927,9/4/2024 9:17,Significantly Delayed,2686.37,Card
6494708839,25595836,6/18/2023 16:06,On Time,2789.77,Cash
9859249765,5039883,5/13/2024 13:57,On Time,1812.4,UPI
3528020011,33675108,11/12/2023 11:51,On Time,934.98,Cash
5937934264,90346920,9/11/2024 19:24,Slightly Delayed,3551.15,Card
2976477423,57213543,8/17/2023 7:32,On Time,1277.83,Wallet
1002438039,85198177,2/17/2024 3:28,On Time,3775.99,Card
2571163022,59345983,2/6/2024 22:03,Slightly Delayed,674.39,Cash
6850221497,21270783,7/21/2024 22:37,On Time,3496.28,UPI
4706569127,68016312,7/27/2023 18:37,On Time,687.19,Wallet
8168261752,65903057,4/22/2024 6:11,Significantly Delayed,1860.29,Card
5828325906,40587811,12/4/2023 11:40,On Time,4230.58,Wallet
5012271549,73061709,9/21/2024 10:04,Significantly Delayed,769.83,Cash
8110316958,61226835,1/30/2024 19:28,On Time,806.56,Wallet
3190808443,77618011,1/10/2024 8:50,On Time,2593.91,Cash
7175472728,9551011,9/12/2023 11:51,On Time,307.23,UPI
6011117738,24337950,1/7/2024 10:51,On Time,2539.66,Card
5592928753,46875863,8/23/2024 20:45,Slightly Delayed,3473.11,UPI
3952040848,31156674,5/9/2024 0:30,On Time,4818.61,UPI
7026479520,81994445,7/17/2024 22:05,On Time,1691.47,Cash
6572695161,64197854,3/18/2024 8:19,On Time,1671.67,Wallet
9090769419,66485571,9/2/2024 3:14,On Time,1819.14,Wallet
5979489110,22161071,9/7/2023 7:49,On Time,2337.12,Card
964698323,81763298,9/30/2024 23:16,On Time,2352.88,Wallet
2304242664,65815155,3/21/2024 8:29,On Time,1579.28,Card
2483843748,26040510,5/24/2023 9:19,On Time,1692.9,Wallet
2560588609,6291143,6/21/2024 1:18,On Time,319.34,UPI
9268920928,17805991,7/5/2023 12:33,On Time,1404.2,Cash
9554019312,6247821,9/8/2023 1:54,On Time,4088.52,UPI
3749174258,38902193,2/13/2024 7:46,Slightly Delayed,2618.07,Wallet
3947164241,95768401,11/4/2024 20:29,On Time,1463.39,UPI
487327038,67277562,10/5/2023 0:26,On Time,563.45,UPI
8830321199,93341057,8/10/2024 6:00,Slightly Delayed,46.62,Cash
3811318591,64940409,7/7/2023 12:56,On Time,1563.3,UPI
6795601573,46629917,12/13/2023 2:39,On Time,2301.92,Card
2348495717,86067293,6/27/2023 0:54,On Time,691.58,Cash
9505736584,63571453,6/4/2024 5:37,Significantly Delayed,826.21,Wallet
1857227304,99301505,3/19/2024 7:47,On Time,1443.5,Card
5506485302,66655397,5/19/2023 6:41,On Time,263.7,Cash
6074837981,61015113,4/20/2024 12:49,On Time,832.37,Card
4150569633,2903620,10/29/2023 11:22,Significantly Delayed,2206.06,Card
609838437,54619715,12/13/2023 4:58,On Time,310.69,Card
5229657139,18889370,10/3/2023 11:53,Slightly Delayed,3483.81,Cash
2589639350,64141971,8/1/2023 10:46,On Time,1917.97,UPI
7656948165,44410149,6/7/2023 10:23,Slightly Delayed,3332.9,Wallet
1806563605,25659794,12/24/2023 0:23,On Time,5747.38,Wallet
359819834,12755730,12/27/2023 12:39,Significantly Delayed,2060.96,UPI
1908423841,56441247,10/28/2023 4:57,On Time,881.17,UPI
299859815,2848415,1/16/2024 2:45,Slightly Delayed,1233.33,Wallet
923659418,25081012,4/16/2023 13:14,On Time,2700.37,Wallet
3560625119,82989313,5/13/2023 19:53,Slightly Delayed,2722.14,Wallet
7111490680,32500305,1/24/2024 19:15,Slightly Delayed,1337.06,Card
5766981431,93675757,1/14/2024 4:28,On Time,1178.42,UPI
8609945311,51670882,5/3/2024 10:00,On Time,2238.35,Wallet
1691260635,80796977,6/17/2024 10:23,On Time,3593.61,Card
8742091504,78254569,7/3/2023 23:26,Slightly Delayed,2783.84,Card
1997833025,72489544,7/28/2023 23:24,On Time,1074.29,UPI
3588296877,83404008,8/13/2024 8:04,Significantly Delayed,2748.08,Card
2404804990,81757554,12/24/2023 12:32,Slightly Delayed,3903.99,Wallet
8091385479,16082651,4/9/2024 15:13,On Time,317.8,UPI
7133174424,8513589,6/22/2023 3:24,On Time,4911.58,UPI
6110446321,78412820,10/27/2024 1:56,On Time,657.8,Wallet
6964586050,4597433,8/4/2024 18:38,On Time,2824.9,Cash
2351986014,85626346,4/21/2023 12:54,Slightly Delayed,3434.75,Wallet
352569720,65660660,6/23/2023 0:25,On Time,2081.26,Wallet
1235280275,46875863,8/9/2023 22:42,On Time,626.59,Cash
9399859705,57548210,10/29/2023 1:13,On Time,3915.04,UPI
7530379037,99729547,8/2/2024 19:47,On Time,1496.89,UPI
5952886441,16420489,3/12/2024 11:22,On Time,3604.38,Wallet
5815833211,31940833,2/8/2024 19:08,On Time,1691.9,Card
7307394687,47043878,5/1/2024 10:47,On Time,1894.83,Wallet
6033014029,29525287,10/21/2024 13:54,Slightly Delayed,1534.73,Cash
1409944718,39042103,8/19/2023 14:10,On Time,2483.94,UPI
1811382200,37915052,8/25/2023 19:03,On Time,3949.87,UPI
4485391413,11478478,12/21/2023 8:58,On Time,1293.18,Card
4076279641,89476734,7/12/2023 17:23,Slightly Delayed,4782.5,UPI
2965387566,47955004,8/16/2023 11:38,On Time,3578.47,Wallet
9397774189,92245432,6/28/2023 8:13,On Time,48.55,Cash
1437159967,68016312,6/7/2024 1:48,On Time,1315.84,Cash
8397785448,67952740,9/4/2024 2:53,On Time,1325.59,Wallet
2778606949,33675108,10/13/2024 13:58,On Time,3510.28,Card
1774096863,60656482,6/13/2023 5:30,On Time,2645.28,Wallet
1497256618,87220860,4/26/2023 23:27,On Time,5278.23,Card
734095510,56480776,6/3/2024 21:33,On Time,1614.08,Card
5755859055,79592021,10/30/2024 14:19,Significantly Delayed,354.52,Card
5840290569,99490786,9/18/2023 3:57,On Time,2578.09,Wallet
8200985533,1855421,1/8/2024 7:20,On Time,77.11,Card
3255590064,92642745,4/21/2023 4:37,On Time,1763.6,UPI
4258404747,27692428,10/11/2024 2:10,On Time,953.65,UPI
2455161115,27620326,1/29/2024 8:59,On Time,1010.85,UPI
4448004569,47215976,1/10/2024 2:02,On Time,2058.24,Card
5951090793,27878182,4/20/2024 19:08,On Time,2143.89,UPI
7402491996,92509376,7/14/2024 6:46,On Time,866.77,Card
8532411923,57360162,7/16/2024 18:56,Slightly Delayed,1071.82,Wallet
7130555385,37309023,1/16/2024 14:35,Slightly Delayed,1539.36,Cash
4338197132,66310963,10/11/2024 7:09,On Time,3327.67,UPI
8044366071,80833965,4/30/2023 13:56,On Time,2843.12,Card
4135251774,77961205,10/9/2024 11:47,On Time,2487.3,Card
6331483812,97411107,9/6/2024 22:45,Slightly Delayed,493.19,Wallet
6705171000,52417972,9/4/2023 20:28,On Time,1912.64,Wallet
7850128898,38478423,6/28/2024 7:30,Significantly Delayed,1427.18,Card
3602554049,65815155,7/28/2023 15:01,Significantly Delayed,3310.35,Wallet
1070259187,22738465,6/9/2023 11:06,On Time,517.77,Wallet
8412338399,2566268,10/28/2024 18:46,Slightly Delayed,3825.11,Card
1478022303,69353754,12/31/2023 15:58,On Time,841.61,Wallet
2376108199,81757554,5/13/2024 16:07,On Time,1751.17,Card
5243035202,10541231,10/20/2024 0:39,On Time,1688.35,Card
3687581971,81932548,10/5/2024 13:55,Slightly Delayed,1046.51,Cash
7008586055,96109948,5/24/2023 5:13,Significantly Delayed,2848.4,Wallet
5142069216,35459748,2/25/2024 15:03,On Time,2551.88,UPI
4152441944,92636025,4/25/2023 10:22,On Time,4483.92,UPI
5601670348,32830199,10/29/2024 0:23,Slightly Delayed,354.91,Cash
605105099,5039883,12/30/2023 8:15,On Time,3357.25,Cash
4054936140,28286754,4/19/2024 8:01,On Time,400.92,Cash
8741892156,66886852,11/15/2023 4:50,Slightly Delayed,2046.92,Card
9143640828,90298394,7/18/2023 13:12,Slightly Delayed,1205.86,Card
6900876252,87984862,2/21/2024 16:57,On Time,3214.61,Wallet
9801174908,54347213,4/27/2024 11:49,Slightly Delayed,1487.04,Card
551343632,59840071,2/20/2024 19:51,On Time,4881.51,Cash
7961173808,90184276,6/5/2023 0:30,On Time,2802.91,UPI
328909145,36146306,9/26/2024 16:42,On Time,1851.18,Wallet
5551173528,64151769,11/3/2024 6:05,On Time,2549.37,Card
4461788759,79895967,4/23/2024 20:44,On Time,4562.67,Wallet
7256212429,28350645,3/16/2024 22:00,On Time,727.95,Cash
9104077642,18199057,10/24/2024 13:19,On Time,1869.79,Cash
2914056235,31456752,1/2/2024 12:50,On Time,432.39,Card
9127632807,81528623,5/30/2023 13:09,On Time,886.19,UPI
6070154414,45052594,6/19/2023 19:05,On Time,2471.11,Cash
2318969828,2457734,3/26/2023 20:02,On Time,1946.42,Cash
3813047994,60275891,12/20/2023 0:00,On Time,3494.17,Cash
1416102774,92245432,4/27/2024 16:28,Slightly Delayed,2657.83,UPI
8086834412,23286884,3/8/2024 19:23,On Time,4748.88,Wallet
6193826826,85561151,8/5/2023 1:14,On Time,166.42,Cash
8444509148,64141971,2/21/2024 22:35,On Time,5368.83,Wallet
42332130,70363568,10/17/2024 17:08,On Time,1441.07,Wallet
6009342120,59620534,3/2/2024 8:57,Slightly Delayed,1402.9,Wallet
4818516411,85006599,10/9/2023 12:07,On Time,938.03,Wallet
1039229544,93730857,8/10/2024 17:00,On Time,3303.2,Cash
1515943657,59436131,9/7/2023 18:30,On Time,2745.46,UPI
9183547951,19259955,1/20/2024 19:50,On Time,3075.69,UPI
8478376092,91500615,4/17/2023 2:06,On Time,4535.63,Wallet
1454073903,89874335,9/16/2023 8:57,Slightly Delayed,2976.93,Card
2855402284,33370343,7/30/2023 0:48,On Time,3570.08,Wallet
7245730533,51670882,5/26/2024 7:53,Slightly Delayed,475.04,UPI
2272892659,24308515,7/26/2023 10:49,Slightly Delayed,2182.59,Wallet
9087377568,54038173,2/21/2024 2:16,On Time,2490.79,UPI
8443685057,19400174,7/2/2023 1:45,On Time,3804.03,Card
1590988730,42208242,12/21/2023 22:30,On Time,1928.1,Cash
7357811417,26364643,9/29/2024 9:42,On Time,5692.84,UPI
394951937,65406127,4/24/2024 18:01,On Time,1517.52,Cash
3967445448,20148223,11/2/2023 14:51,On Time,154.5,Card
6101022928,10088428,10/2/2024 18:07,On Time,1253.07,Card
6322372546,43052303,2/19/2024 9:59,Significantly Delayed,3383.58,Wallet
9778782281,63025744,4/14/2023 21:43,Slightly Delayed,477.12,Card
3867563962,14940427,12/24/2023 17:29,On Time,2417.68,Wallet
9277710098,38969732,4/2/2023 16:32,Slightly Delayed,1807.12,Cash
7669322773,6081270,8/29/2023 13:05,On Time,836.16,Card
3917427529,68159723,10/12/2024 11:58,Slightly Delayed,3772.26,Cash
1934158144,65134271,4/2/2024 17:08,On Time,415.75,Card
3157338466,243838,8/24/2023 15:58,On Time,2859.05,UPI
9640662474,74761384,4/9/2024 14:08,Slightly Delayed,1420.64,Cash
2356272189,42432226,4/9/2024 2:07,On Time,313.77,Card
1380510406,54338574,7/27/2024 20:15,On Time,3015.14,Wallet
8008377895,23794330,6/26/2023 13:17,Significantly Delayed,850.06,Card
3680678403,57537308,3/31/2023 0:13,On Time,3346.47,UPI
2847236502,6812439,7/16/2024 10:47,On Time,127.08,Wallet
5212392063,75510747,6/17/2024 2:44,On Time,4005.87,Card
3804024939,91566278,1/27/2024 21:13,On Time,2791.42,Card
5395870775,18394558,8/1/2024 19:15,On Time,3064.35,Card
511736499,38615653,10/24/2024 21:20,On Time,2993.04,Card
2895886759,69863493,9/7/2023 22:24,Slightly Delayed,3005.64,Card
6638513435,32809328,8/4/2024 13:03,On Time,68.49,Cash
4168083780,13581527,6/9/2024 4:29,On Time,1489.58,Wallet
2501516144,88252625,10/1/2024 9:14,On Time,48.55,Cash
7141387557,98246574,8/18/2023 21:12,On Time,4664.16,Wallet
2747350024,75860724,8/16/2024 13:12,On Time,793.14,UPI
9503407492,29272253,8/25/2023 22:40,Significantly Delayed,1932.17,Wallet
4845607487,78053306,3/17/2023 18:51,On Time,646.54,Cash
2051769691,30447453,9/6/2023 16:24,On Time,1255.53,UPI
1092990139,85476508,10/1/2024 1:17,On Time,3410.49,Card
5527612319,14632090,9/11/2024 23:57,On Time,2445.2,Wallet
8852367079,22694456,4/7/2024 5:11,On Time,3115.43,Wallet
1666202264,85474732,5/7/2023 10:21,Slightly Delayed,2389.83,Cash
8606484804,41155125,6/18/2024 15:23,Slightly Delayed,2409.69,UPI
8905341102,80862136,2/8/2024 4:09,On Time,2542.21,Cash
5418735913,10210309,7/11/2024 11:40,On Time,2190.34,Cash
970377475,48167795,9/3/2024 22:45,On Time,22.04,Card
7320527109,83298567,1/18/2024 12:45,On Time,1372.37,UPI
5120698,44174426,6/9/2023 12:10,Slightly Delayed,3064.36,Wallet
3812396179,24496983,7/22/2023 8:32,On Time,1445.54,Card
8178951021,46208150,3/24/2024 18:55,Significantly Delayed,3095.39,UPI
2479115586,55056284,3/14/2024 18:40,On Time,1876.69,Wallet
6239453389,26285589,10/8/2023 1:15,On Time,2424.72,Wallet
3136508414,13585482,7/22/2024 15:22,On Time,2242.5,Cash
5521273487,6992801,5/18/2024 15:03,Significantly Delayed,942.37,Cash
5445047872,37802267,10/17/2023 5:34,On Time,927.52,Card
3678525130,36428139,3/20/2023 18:18,On Time,1650.3,UPI
9328056960,81229704,8/14/2024 6:21,Slightly Delayed,445.48,Cash
2109203997,40277444,5/4/2024 18:20,Slightly Delayed,1463.17,Cash
556665455,32500305,2/8/2024 1:04,Significantly Delayed,715.72,Card
6573705785,24000329,11/23/2023 12:34,On Time,1864.68,Wallet
2609502403,2058037,10/31/2024 18:23,On Time,3105.12,Wallet
1463293930,85354059,6/6/2024 14:26,On Time,2859.25,UPI
8132887999,84456355,2/25/2024 16:07,Slightly Delayed,3379,Wallet
7178789018,46208150,9/12/2023 8:53,On Time,2166.39,Wallet
2295700159,83023956,3/11/2024 12:32,Slightly Delayed,1413.77,Card
9277089038,35988028,4/15/2023 20:02,Slightly Delayed,1401.29,Wallet
145057465,54923640,11/2/2024 8:51,On Time,1590.17,Cash
9452353274,97770901,10/10/2024 19:27,On Time,4410.72,Cash
5434328922,67340606,2/8/2024 7:35,On Time,2877.57,Card
3327051807,99707100,10/2/2023 16:46,On Time,2141.39,Card
1461604569,25713335,4/26/2024 2:03,On Time,3604.01,UPI
606518084,78725001,10/28/2023 16:01,On Time,1424.47,Cash
7637625389,13122744,10/15/2023 20:26,On Time,2013.55,Card
7311621328,30891209,4/7/2024 2:34,Significantly Delayed,2639.67,Wallet
8790217194,38244021,3/25/2024 1:29,Slightly Delayed,1666.68,Wallet
1772445313,13071673,7/21/2023 0:30,On Time,2441.43,Card
159394992,35358395,8/6/2024 6:44,On Time,611.71,Card
7992910755,76218218,7/12/2023 9:11,Significantly Delayed,3156.54,Wallet
1786931285,1719710,6/29/2023 4:47,On Time,778.9,Wallet
2225520858,95372766,11/22/2023 13:01,On Time,3519.46,Cash
5635738740,33034249,9/28/2023 14:29,On Time,2920.62,UPI
2230824358,41878908,5/24/2023 15:21,Slightly Delayed,2302.29,Cash
9217211301,52085702,6/15/2023 10:25,On Time,4441.76,Cash
4501870609,16082651,7/10/2024 8:10,On Time,2253.3,Cash
838401679,89699655,7/23/2023 7:24,Slightly Delayed,1430.39,Wallet
9587315528,66440188,8/7/2024 0:05,On Time,1019.38,Wallet
3122936945,95001589,5/6/2023 23:07,On Time,397.68,Cash
6093390755,32054313,11/24/2023 13:24,On Time,1872.67,Card
2032956677,66932104,5/2/2024 21:28,Slightly Delayed,1051.16,Wallet
1488430001,67092149,8/4/2024 15:09,Slightly Delayed,3630.56,Card
615391848,65570302,9/12/2024 21:42,On Time,1041.18,Cash
8686093533,30823988,2/6/2024 5:53,On Time,2197.24,Cash
7038758506,68714053,5/8/2023 6:18,On Time,77.11,Wallet
2385966456,12184293,8/22/2023 7:49,Slightly Delayed,4160.4,UPI
259622674,61002154,5/5/2023 0:35,On Time,3081.38,Card
2580381935,4394659,5/5/2024 9:52,On Time,4613.37,Cash
5035471587,18140588,1/5/2024 2:05,On Time,3405.27,Card
9421270813,26844216,4/22/2024 6:03,On Time,2787.46,Wallet
1831516625,46629917,3/29/2024 20:09,Slightly Delayed,3008.01,Card
1918841793,95334407,6/17/2024 21:03,On Time,3273.77,Wallet
1757159071,59094034,3/13/2024 9:54,Slightly Delayed,3571.03,Cash
7589464630,91196901,7/12/2024 13:13,Slightly Delayed,6543.19,UPI
1577085460,74682740,9/22/2023 9:53,On Time,2599.08,Wallet
2279018877,40305293,6/10/2024 14:24,Slightly Delayed,1890.73,Wallet
7431412128,96989204,5/29/2023 4:05,On Time,2184.61,UPI
8781520615,85519349,4/14/2024 8:14,On Time,3343.42,Wallet
1276192882,97678578,1/8/2024 7:33,On Time,2375.85,UPI
4065794921,85518832,3/21/2024 11:14,Significantly Delayed,3403.34,Cash
1690800946,79764458,3/29/2023 14:40,On Time,2559.17,UPI
877883470,1200365,6/7/2023 13:30,Slightly Delayed,393.43,UPI
7322044533,48730063,10/13/2023 23:38,Slightly Delayed,738.65,Wallet
5243163885,19275474,5/19/2023 13:35,On Time,2412.89,Wallet
4360255357,15529446,5/14/2023 7:57,Slightly Delayed,97.04,Cash
9623306038,51669263,11/10/2023 5:31,On Time,3299.65,Wallet
6282385286,6150721,10/28/2023 6:44,On Time,2500.44,Cash
1001900652,30367559,9/8/2024 20:08,Slightly Delayed,1456.96,Card
5161988291,65618148,7/1/2024 0:54,On Time,3577.33,UPI
3597752998,37759707,4/3/2024 13:29,On Time,1565.04,Card
9074325310,35435896,4/23/2024 16:11,On Time,1714.38,Cash
8875965392,41395224,1/22/2024 19:05,On Time,2419.46,Cash
971081962,73428596,8/29/2024 1:39,On Time,1511.54,UPI
1948332638,62323608,6/8/2024 17:07,On Time,2530.18,Card
1785558780,18986315,6/28/2024 16:56,On Time,1996.55,Wallet
7590462053,18326028,6/26/2024 16:29,On Time,833.93,Wallet
2135743860,73392739,3/22/2024 8:24,On Time,4043.72,UPI
9851365751,12832151,10/3/2023 16:06,On Time,1413.06,Cash
9243090480,13760839,3/21/2023 19:45,Significantly Delayed,1252.94,UPI
7168596454,35690581,3/22/2023 2:45,Slightly Delayed,2795.12,UPI
2483565595,21701991,3/24/2023 6:16,On Time,1267.5,Cash
2484470052,84848018,1/9/2024 19:29,On Time,1426.56,Cash
7702588270,55094848,4/26/2024 20:38,On Time,3867.53,Card
5992338333,9738801,4/3/2023 23:28,On Time,3121.04,Cash
9196796718,68941950,7/6/2023 21:46,On Time,4037.78,Wallet
3291765954,57523973,8/30/2023 7:00,On Time,1651.89,UPI
652616858,10663246,5/22/2023 11:53,Slightly Delayed,2832.35,Card
2613508245,45028365,12/28/2023 16:43,On Time,3349.73,UPI
8169361928,8241122,1/10/2024 15:19,On Time,1746.24,Cash
9395982132,58170168,7/5/2023 12:19,On Time,1545.49,Card
1914701538,64722323,7/9/2023 14:00,On Time,3606.37,UPI
6236279358,97141762,5/26/2024 5:24,Significantly Delayed,2832.2,Card
2288561509,11047835,12/4/2023 19:19,Slightly Delayed,1272.76,Cash
2010415757,43295656,6/20/2024 8:47,On Time,1666.99,UPI
7164827734,9195970,3/16/2023 8:10,On Time,1809.72,UPI
7971819985,48511124,4/15/2024 2:48,On Time,4188.82,Wallet
8234021674,41073776,1/29/2024 10:54,On Time,3201.25,Cash
4274404843,48418662,9/30/2024 1:43,On Time,1013.88,Card
7353519273,80761521,9/22/2023 12:58,On Time,1882.23,Cash
8539612501,22846435,9/20/2024 13:30,Slightly Delayed,1543.13,Wallet
5894327065,35133191,3/15/2024 13:35,Slightly Delayed,1725.22,Card
77053363,74172010,5/4/2023 19:19,On Time,4566.21,UPI
4467084478,30447453,3/3/2024 12:48,Slightly Delayed,2928.16,Card
3514036230,84937877,7/11/2023 3:03,On Time,1722.88,Cash
4720421794,72089140,1/16/2024 6:50,Slightly Delayed,2816.58,Wallet
3202903413,12507907,8/4/2023 18:34,On Time,715.37,Cash
6938082428,19741509,3/8/2024 20:39,Slightly Delayed,2010.44,Cash
9202941711,59240916,3/24/2024 14:45,On Time,3288.74,Wallet
8963522960,11143197,11/2/2023 2:43,On Time,1757.33,Cash
9266835891,14207332,6/13/2024 2:17,On Time,2994.7,Wallet
5265722064,52032226,7/16/2023 2:33,On Time,1614.35,Cash
5514326011,95364457,2/4/2024 16:12,On Time,3485.63,Wallet
9578652103,34839913,3/13/2024 5:17,On Time,1342.89,UPI
3559061334,79991320,6/9/2023 13:18,Slightly Delayed,3157.25,UPI
637944734,60698094,4/1/2023 9:22,On Time,4026.32,Card
7454643275,18229949,7/14/2024 8:42,On Time,102.44,Cash
4319342350,99160348,8/27/2024 20:15,Significantly Delayed,4281.94,Card
7568450733,59518795,4/9/2023 8:22,On Time,1049.09,Wallet
734744305,60698094,6/8/2024 11:59,On Time,2043.02,Wallet
5233331050,85561151,5/1/2023 16:36,On Time,84.2,UPI
8326867788,17939362,9/20/2023 1:05,On Time,1213.48,Card
8368819094,42432226,8/15/2024 2:54,On Time,572.12,Wallet
8700151605,19275474,8/4/2023 9:15,Significantly Delayed,1301.73,Wallet
6269179048,469006,11/11/2023 15:50,On Time,1864.85,Wallet
1265254177,46378942,9/24/2023 14:15,On Time,3988.44,Card
9858963919,40858753,7/2/2023 6:49,Significantly Delayed,481.63,Wallet
7279564594,91566278,1/19/2024 9:50,On Time,1226.55,Card
6983253839,62629494,4/3/2024 20:29,On Time,3115.93,Wallet
9479808024,62679120,10/16/2023 5:38,On Time,3628.88,Card
3583522679,6668498,9/6/2023 11:49,On Time,4148.39,Wallet
1923226423,39042103,7/28/2024 7:37,On Time,3344.78,Card
664198080,89036169,8/12/2023 6:32,On Time,443.17,Cash
4224700084,11478478,8/28/2024 23:22,On Time,1568.53,Wallet
969621016,13465850,1/23/2024 19:23,On Time,2542.59,Wallet
8178275820,55060796,4/5/2024 9:50,Slightly Delayed,2755.74,Cash
4949766982,99734256,9/11/2024 0:18,On Time,1560.71,Cash
5258344385,12867472,10/14/2023 17:48,On Time,641.76,Wallet
8101930640,92306841,6/12/2023 5:44,On Time,450.23,Wallet
6703316563,89669139,1/25/2024 17:54,Slightly Delayed,396.41,Wallet
7680297690,1705969,2/12/2024 6:56,On Time,2864.1,Wallet
7256340388,30042971,10/8/2023 7:25,Significantly Delayed,785.67,Wallet
2538269668,48778633,6/23/2023 8:12,On Time,1348.52,Cash
7506762237,98225598,6/10/2023 1:44,Significantly Delayed,2326.62,Card
6585436114,65895091,3/13/2024 21:43,Slightly Delayed,3131.69,Wallet
9852996866,19145354,6/26/2024 12:36,On Time,1525.58,Wallet
1991135167,46699982,12/19/2023 20:18,On Time,3986.02,Wallet
7765110772,33871107,6/1/2024 21:54,On Time,3157.37,UPI
3520718052,6856445,7/7/2023 23:42,On Time,2846.05,Cash
5388573375,77128325,3/7/2024 12:50,On Time,3993.4,Cash
8977771682,30979436,4/29/2023 18:14,On Time,1212.41,Card
3596900942,63349378,11/3/2023 9:38,Slightly Delayed,616.62,Wallet
155295996,24517523,6/29/2024 2:58,On Time,4190.02,Cash
1945536198,44557943,5/3/2023 14:54,On Time,5313.04,Cash
2550246555,38671747,4/6/2023 14:27,Slightly Delayed,2305.86,UPI
4287631655,6867315,11/15/2023 4:16,Significantly Delayed,1381.53,Wallet
2033683703,42989999,1/24/2024 17:33,Significantly Delayed,4223.23,UPI
9453583714,82854537,9/1/2023 4:15,On Time,1873.26,UPI
852886125,44562310,7/14/2023 1:58,On Time,1610.95,UPI
5705899665,4378755,5/27/2024 19:16,On Time,3712.03,Wallet
5706043483,63360864,7/17/2024 18:55,On Time,1164.09,UPI
5190422833,3410758,3/27/2023 11:28,On Time,898.05,Cash
7178188501,3786105,4/18/2024 13:28,On Time,2823.72,Cash
2864819888,9419030,4/19/2024 19:38,On Time,1973.65,Card
7107216633,10857389,6/27/2024 5:10,Slightly Delayed,2871.14,Wallet
1685382357,6579892,5/4/2023 18:35,Significantly Delayed,2584.79,Card
7562902958,81808190,6/8/2023 22:26,On Time,1477.63,UPI
2819953077,25128143,11/22/2023 8:33,Slightly Delayed,1887.33,Cash
8453462258,2875442,2/10/2024 11:44,On Time,310.87,Wallet
4605056279,23976957,5/4/2024 16:33,On Time,1252.01,Cash
5998035939,88324928,2/22/2024 1:21,On Time,3279.72,Card
2311501690,27698051,3/26/2024 4:58,On Time,2643.08,Wallet
356495722,91312072,6/2/2024 0:20,On Time,1978.25,Wallet
2695448838,47274329,6/10/2023 23:54,Slightly Delayed,2516.12,UPI
6986791144,27692428,9/8/2023 14:24,Slightly Delayed,1068.15,Cash
8619571588,31456752,1/17/2024 5:28,On Time,1597.12,UPI
4088553674,52913011,8/25/2023 10:14,Significantly Delayed,3986.58,Wallet
8177907004,60757351,1/8/2024 21:14,Significantly Delayed,2575.85,Wallet
8533749006,91590001,10/30/2024 16:37,Slightly Delayed,1552.93,Cash
8694014791,48778633,8/6/2023 5:36,Slightly Delayed,1908.82,Card
6311012195,10857389,7/27/2023 14:54,On Time,824.99,UPI
1312767771,26412689,9/17/2024 5:59,On Time,2147.13,Wallet
214919848,47125914,1/6/2024 7:43,On Time,2503.81,Cash
5521682945,26303194,7/24/2024 7:21,Slightly Delayed,2548.33,Cash
5305770811,92642745,10/31/2024 7:17,Slightly Delayed,3254.9,Cash
5842420654,43307488,5/6/2024 11:58,Slightly Delayed,261.03,Wallet
4566893863,88739922,10/28/2023 9:34,On Time,3739.44,Wallet
1523729855,54730270,9/3/2024 4:50,On Time,629.24,UPI
2899786983,31456752,10/24/2023 12:09,On Time,5183.93,UPI
9202528884,64940409,5/27/2024 13:54,Significantly Delayed,3369.19,Cash
4338327693,93617659,5/19/2024 2:21,Slightly Delayed,3948.26,Cash
6295686357,76533277,1/10/2024 7:54,On Time,2769.76,Cash
6396194687,61406908,1/20/2024 20:37,On Time,4492.32,Wallet
5662786245,21409946,4/21/2023 0:24,On Time,4920.92,Cash
4868150114,69761993,1/8/2024 3:21,Significantly Delayed,2720.81,Card
502764834,96903782,8/2/2024 18:00,On Time,3197.48,Card
5056125341,26040510,5/23/2023 1:52,Slightly Delayed,3503.97,Wallet
6388618916,96511007,1/26/2024 22:01,On Time,2761.44,Wallet
3508668494,75836905,1/25/2024 1:04,On Time,2359.1,Card
5289436093,98211325,4/18/2024 13:18,Significantly Delayed,1789.25,Wallet
7596333614,88684966,3/30/2023 5:26,On Time,2024.16,Card
6284076508,74179536,7/19/2024 22:39,On Time,844.26,UPI
340050407,68941950,10/15/2024 13:14,On Time,58.59,Cash
5927472701,93563435,1/12/2024 16:56,On Time,2280.71,Wallet
9216536492,58979427,10/4/2024 3:41,On Time,3056.52,Wallet
3742662928,63971358,6/3/2023 6:52,On Time,937.34,Wallet
4797768073,35782051,7/6/2023 3:33,Significantly Delayed,3156.22,Cash
6767935470,70372270,4/17/2024 1:23,On Time,2249.42,Cash
1963703928,77007315,7/6/2024 0:10,On Time,1553.71,Wallet
552470423,4394659,2/27/2024 2:32,On Time,1310.7,Cash
739434870,1603358,9/5/2023 23:05,On Time,2725.22,Cash
7930373606,13494314,8/9/2023 22:14,On Time,1782.86,Cash
5374978054,64932019,7/8/2024 14:00,On Time,1433.88,Cash
4361797433,1603358,8/5/2023 7:22,On Time,3074.92,UPI
2002067527,45166203,11/6/2023 23:08,On Time,1269.98,Wallet
4228110436,701493,7/23/2023 19:21,Significantly Delayed,2512.67,Wallet
1251118825,79592021,5/4/2023 0:13,Slightly Delayed,478.79,Cash
7165265639,29265216,8/20/2023 19:02,On Time,878.07,Wallet
1255323701,51669263,3/6/2024 11:57,On Time,3109.5,Wallet
807934194,69925688,1/13/2024 1:41,On Time,3688,Cash
7968718292,54730270,10/30/2023 20:00,On Time,931.61,Card
2620531979,8651281,2/24/2024 12:40,Slightly Delayed,1207.28,Card
6943430459,53636086,10/5/2024 17:21,On Time,2625.32,Wallet
5607355353,47625855,6/23/2023 9:33,Significantly Delayed,2909.86,UPI
6696352636,54730270,6/18/2023 15:12,Significantly Delayed,1458.64,Wallet
9325920156,59110513,10/12/2024 10:36,Slightly Delayed,3323.67,Card
2286477025,59436131,6/2/2023 22:03,On Time,2751.35,Card
6704773223,81420960,7/22/2024 9:39,Significantly Delayed,1563.35,Wallet
1435353007,48281892,1/19/2024 9:04,On Time,2538.96,Card
8080970647,1855421,11/25/2023 17:44,On Time,3635.32,Card
5881633926,32293017,4/21/2023 18:43,On Time,4263.33,Card
4435459085,76830090,8/19/2023 14:41,On Time,242.57,Cash
6172529406,48409448,5/21/2024 2:04,Significantly Delayed,2969.87,Cash
9127879048,75490147,8/27/2024 7:17,On Time,2298.22,Card
3806545110,1200365,8/17/2024 11:54,On Time,1150.34,Card
6919395718,91550885,2/16/2024 21:33,On Time,2440.67,UPI
5277462976,98858383,10/19/2024 15:37,On Time,3990.61,Card
3606274277,98225598,8/8/2023 10:47,On Time,3902.92,Cash
2065203676,36146306,1/15/2024 9:32,On Time,1121.26,Card
4042066387,90743791,1/3/2024 4:02,Slightly Delayed,4354.3,Wallet
3604982656,59207798,9/19/2024 17:04,Slightly Delayed,563.45,Card
1149676745,6247821,10/20/2023 20:14,On Time,1168.51,Card
3895011687,47043878,3/23/2024 19:38,On Time,858.57,UPI
772505056,81822494,7/13/2023 1:07,On Time,2341.94,Cash
5574765914,89619421,10/25/2024 23:30,On Time,697.53,Wallet
8812616740,61982521,6/26/2023 21:13,On Time,1469.02,Card
1486655525,74572121,4/21/2024 13:15,On Time,2840.82,Wallet
8423025639,6344345,6/6/2024 13:14,Slightly Delayed,3583.16,UPI
9020705185,1562083,12/29/2023 19:19,On Time,71.6,Cash
7719808698,93938425,8/18/2023 11:32,On Time,4205.08,Card
3414036630,32809328,4/5/2024 3:00,On Time,641.33,Cash
4157869967,49617892,5/5/2023 14:12,On Time,881.42,Card
4873887251,20951294,9/20/2023 0:43,On Time,989.88,Wallet
8031946454,31923338,8/29/2023 20:55,On Time,2074.16,Card
8168056170,45700473,8/28/2023 4:52,Slightly Delayed,3061.73,Cash
3108512811,15417130,2/10/2024 8:25,On Time,3391.72,UPI
1680591951,7288562,3/11/2024 21:02,On Time,2569.08,Card
559245731,68941950,9/8/2024 15:54,On Time,3597.64,Wallet
8655600303,12867472,4/27/2024 17:40,On Time,3608.84,Cash
8247327365,30065862,9/25/2024 11:15,Slightly Delayed,2592.28,Card
9153347285,54222320,6/22/2023 2:54,On Time,2618.56,Card
1977533409,17521263,12/18/2023 12:09,On Time,738.71,UPI
2433646621,82770142,11/3/2024 10:59,Slightly Delayed,1195.03,Card
22830983,92404798,6/4/2023 21:10,Significantly Delayed,3061.39,UPI
1143763031,52075070,8/9/2024 21:38,On Time,171.2,UPI
8524056436,35434373,9/6/2023 13:44,On Time,911.06,Cash
4262338791,72089140,10/17/2024 7:38,On Time,1582.64,Wallet
187728451,63262519,11/27/2023 21:06,On Time,4088.13,Wallet
6754346312,3897936,6/19/2023 12:32,On Time,1195.92,Wallet
5790622967,81091233,2/27/2024 0:21,On Time,1816.39,Cash
4305348838,63630649,3/3/2024 20:35,Significantly Delayed,381.39,Cash
2902411553,93122847,11/1/2023 2:22,On Time,2910.37,Cash
3691199770,30788486,5/13/2024 5:20,On Time,2896.79,Wallet
775709102,80517784,8/26/2023 2:57,On Time,3393.44,Cash
5262508570,42781544,7/6/2024 11:07,On Time,2217.03,UPI
192109127,82854537,9/16/2024 8:29,Slightly Delayed,3949.02,Card
1108215973,2928026,12/17/2023 9:36,Slightly Delayed,972.69,UPI
1719134546,25665997,7/10/2024 13:12,On Time,1306.86,Card
5280263316,77035814,6/28/2024 12:35,Significantly Delayed,3531.91,UPI
9448306266,74038361,4/16/2024 4:39,On Time,3645.04,Cash
8023626961,68307253,9/26/2023 1:35,Slightly Delayed,763.12,Card
1118405605,15599514,6/26/2023 11:26,Slightly Delayed,2831.58,Card
8226034341,26040510,11/25/2023 2:41,On Time,1480.31,Cash
6976835753,29973346,2/22/2024 13:49,On Time,4262.13,Wallet
9171564499,24896263,12/3/2023 23:53,Slightly Delayed,3112.29,Card
5393607402,14272050,12/17/2023 20:04,On Time,2453.12,UPI
5670040592,80571942,5/25/2024 5:39,On Time,3433.31,UPI
6736891890,15661901,10/21/2024 9:29,Slightly Delayed,879.26,Wallet
1223255075,71321741,8/18/2023 0:01,On Time,1982.08,Card
8158413630,15066187,8/30/2024 16:40,On Time,3028.59,Card
7867573412,61226563,9/14/2023 1:54,Significantly Delayed,3835.33,Card
1624690598,52048413,3/23/2024 3:57,On Time,1705.95,UPI
8968945932,67386193,9/7/2024 7:00,Significantly Delayed,1245.7,Wallet
1645212433,67918495,8/7/2024 4:29,Significantly Delayed,1736.21,UPI
9187046038,75860724,6/13/2023 14:39,On Time,1211.53,Cash
9305357757,76212152,5/12/2023 22:06,On Time,652.58,Wallet
8312320295,31076002,6/29/2024 22:21,On Time,3212.41,Wallet
3256941332,43599910,11/22/2023 8:49,On Time,2777.76,Wallet
8980502814,45708879,10/15/2024 19:30,On Time,1794.68,Card
9270396838,63376126,7/6/2023 8:47,On Time,1592.28,Wallet
2892588628,54797119,4/19/2024 18:35,Slightly Delayed,302.82,Wallet
8774158800,19216141,12/12/2023 8:29,Slightly Delayed,693.48,Cash
2056131802,16448993,9/2/2023 5:01,Significantly Delayed,328.51,Card
3528007192,52279849,7/11/2023 9:54,On Time,2411.61,Card
2845333894,4192351,4/28/2024 13:19,Slightly Delayed,4555.81,UPI
6602340187,38875754,3/11/2024 12:09,Significantly Delayed,374.68,Card
721004875,75913572,10/9/2023 5:03,On Time,3319.78,UPI
7435895360,77217240,9/4/2024 0:42,On Time,983.79,Card
4217659083,31846190,1/18/2024 19:28,Slightly Delayed,3390.39,Wallet
9710865146,21282544,5/11/2023 5:34,On Time,4682.76,UPI
5375295409,17843667,10/5/2024 5:59,On Time,1153.83,Wallet
6286044248,38902193,5/5/2023 22:17,On Time,4369.99,Cash
1708282193,79895967,1/25/2024 10:03,On Time,83.18,UPI
5746303677,20148223,6/8/2024 13:32,On Time,902.25,Card
3271726381,44050697,3/15/2024 0:40,Significantly Delayed,671.55,Card
9802569856,33741801,4/7/2024 9:13,On Time,2623.91,Wallet
662460037,98144693,10/11/2024 0:49,Slightly Delayed,2657.2,UPI
8664447334,25829710,3/8/2024 4:32,Significantly Delayed,3712.65,Cash
3886370975,96903782,5/8/2024 19:31,On Time,3039.42,Wallet
3547006553,56572297,5/29/2024 22:09,Significantly Delayed,5183.38,Card
2575965518,38496400,10/25/2024 23:31,On Time,1880.57,Wallet
1529363954,13251137,3/27/2024 0:21,On Time,924.41,UPI
8463856241,87463923,4/10/2023 21:05,Slightly Delayed,1364.14,Wallet
2485242479,25526479,4/11/2023 6:16,On Time,3732.99,Cash
9850673433,93826036,5/6/2023 5:42,Slightly Delayed,5271.36,UPI
2558680592,68475914,5/31/2023 22:19,On Time,2032.56,UPI
2859167116,40626729,10/15/2024 17:45,Slightly Delayed,1613.11,UPI
1222236371,88517890,8/15/2024 0:01,Slightly Delayed,2675.63,Card
344177904,44589829,8/18/2023 0:38,Slightly Delayed,551.88,Cash
6126334783,6150721,7/3/2024 8:33,On Time,1588.66,Card
3742575364,42723554,5/8/2023 17:23,On Time,4939,Wallet
9272166174,53292177,7/27/2023 6:22,On Time,994.56,Wallet
9416522701,7551173,1/22/2024 3:06,On Time,3919.44,Wallet
7305871805,96629034,9/11/2024 14:29,On Time,2028.61,Card
80296810,21677923,6/5/2024 3:37,On Time,4283.33,Cash
2806868282,67952740,9/26/2024 15:13,On Time,949.73,Card
707033578,14839726,1/30/2024 0:32,On Time,951.43,UPI
9026783092,60385293,10/9/2023 16:29,Slightly Delayed,3080.01,Wallet
6229466619,81533356,6/5/2023 7:14,Slightly Delayed,2708.73,Wallet
408720270,37245065,6/26/2024 22:03,Significantly Delayed,2501.14,Cash
8870165072,80517784,11/3/2023 10:06,On Time,1871.85,Card
1979319490,5238055,1/14/2024 1:21,On Time,3631.19,Wallet
840761323,83262890,3/9/2024 6:15,On Time,3550.8,UPI
744721438,67092149,2/25/2024 12:46,Slightly Delayed,486.28,Card
7421707488,80315623,11/3/2023 22:42,On Time,1065.22,UPI
1212718824,73393269,1/1/2024 9:56,On Time,1648.44,Cash
9603256001,8791577,5/8/2023 15:47,Slightly Delayed,1064.76,Card
5626888972,24323106,4/13/2024 17:15,On Time,866.92,Card
2300753276,92306841,12/7/2023 4:19,Slightly Delayed,1745.73,Cash
869629562,31831843,5/5/2023 21:23,On Time,562.7,Wallet
3429137520,51048402,3/16/2024 19:24,On Time,2804.37,UPI
9957927297,35349582,6/7/2023 5:18,On Time,347.91,Cash
202466684,74840437,8/8/2023 6:00,On Time,2939.42,Wallet
8465721207,30192942,6/21/2024 9:02,On Time,4707.96,Cash
6194827199,41494867,12/20/2023 18:58,On Time,2702.57,Cash
3942174431,84257716,2/17/2024 4:52,Slightly Delayed,758.75,Card
3189863462,6756256,6/17/2024 13:27,On Time,1472.61,Cash
5923573134,22800586,2/17/2024 20:02,On Time,877.98,Wallet
6659747528,43034188,9/28/2024 18:29,On Time,1028.61,Wallet
6037541687,86067293,12/10/2023 22:25,On Time,681.91,Wallet
2585438297,50632192,8/20/2023 12:58,On Time,743.73,Card
8065774615,35705377,12/12/2023 10:53,Significantly Delayed,1757.08,Wallet
1816814476,85198177,11/4/2024 13:50,On Time,4981.16,Cash
5278014717,31776996,4/15/2024 3:39,On Time,4687.37,Cash
4265447949,6150721,8/16/2024 2:20,Significantly Delayed,1763.44,Card
6752221435,64197854,2/10/2024 15:58,On Time,4214.63,UPI
8943989258,36675827,12/10/2023 10:59,On Time,1983.74,Wallet
4068367936,78678612,9/21/2024 1:54,On Time,4432.19,Wallet
5735156904,78841932,4/1/2023 16:22,Slightly Delayed,3724.91,Card
2405929115,14940427,9/9/2024 8:59,Significantly Delayed,212.61,Card
7913167260,98307019,4/19/2023 0:52,Significantly Delayed,4575.56,Card
1989751369,7333934,5/18/2023 22:59,Slightly Delayed,274.25,Card
7338050095,3292927,10/15/2024 3:02,On Time,2181.43,UPI
9950986048,69863493,9/9/2023 8:37,On Time,4860.59,UPI
5098703807,13760839,6/10/2024 2:03,On Time,3772.64,Card
6937485392,30285217,5/23/2023 22:47,Slightly Delayed,1509.64,Card
1266440097,88739922,1/1/2024 3:28,On Time,2345.34,Cash
7415490509,61015113,7/8/2023 14:04,On Time,1429.18,UPI
7284991749,65559853,12/10/2023 9:28,On Time,2817.03,Card
4645792703,24043135,12/4/2023 23:04,On Time,2627.96,UPI
3174938939,95736310,3/27/2023 6:15,On Time,3597.75,Wallet
1752712049,56195475,8/31/2024 16:03,Slightly Delayed,2015.68,Cash
8187201830,82529927,4/30/2024 4:27,On Time,1843.61,UPI
6900896329,65903057,2/1/2024 2:23,On Time,4864.14,Cash
3793977529,21425168,9/2/2023 19:12,On Time,2835.92,UPI
194459698,88553721,6/15/2023 15:44,On Time,2203.94,Card
9330447952,37362180,3/30/2024 18:24,On Time,3410.21,UPI
2097372277,14693393,1/25/2024 4:46,On Time,3122.85,Card
7060954153,91130614,11/1/2023 20:55,On Time,2354.95,Cash
2921310646,40117357,7/8/2024 14:27,On Time,2915.52,Wallet
3983082555,51670882,6/5/2023 5:54,Significantly Delayed,530.85,Card
4867298468,13492411,4/23/2024 9:33,On Time,2508.01,Card
3402631472,52032226,5/3/2024 21:25,On Time,2871.88,Card
1648146562,95364457,5/14/2023 23:08,On Time,2953.31,Cash
5907766010,12272282,10/7/2024 14:03,Slightly Delayed,3937.4,Wallet
9233577456,96853930,12/30/2023 4:00,On Time,2309.81,Card
4084808075,65815155,10/11/2024 17:45,On Time,2698.15,Card
7217049550,24137201,7/11/2024 9:32,Significantly Delayed,1886.59,UPI
1831943568,69863493,5/23/2024 17:20,On Time,3575.33,Cash
8707473624,22524981,12/20/2023 8:27,On Time,1333.69,Cash
7075868285,5226128,3/1/2024 6:04,On Time,1704.88,Wallet
5164162918,96903782,11/18/2023 14:59,On Time,1869.56,Wallet
2175298644,72132838,5/11/2024 5:13,On Time,1857.59,Wallet
5882568464,49258916,4/13/2023 8:26,On Time,1706.73,Cash
7847708619,35402531,10/23/2023 0:57,On Time,3606.96,Cash
6366048116,78732957,8/5/2024 8:56,On Time,1072.64,Cash
4926287333,31233120,8/8/2023 2:39,On Time,2890.49,Cash
5532838325,6982488,7/24/2024 23:26,On Time,1133.25,Cash
2567996236,81584486,10/31/2023 8:04,On Time,2831.03,Cash
2655613624,46623192,6/26/2024 13:15,Significantly Delayed,2384.64,UPI
7706089549,44562310,10/8/2023 4:09,On Time,2062.54,Cash
8257370396,25221501,12/24/2023 8:13,Significantly Delayed,160.07,Card
8623808984,37551429,4/13/2024 5:34,Slightly Delayed,1911.03,Card
7579506101,72366758,4/6/2023 1:16,On Time,978.84,UPI
8861024199,29902416,11/29/2023 5:51,On Time,1015.26,Cash
7666131311,84456355,5/1/2023 15:46,On Time,3643.76,UPI
103589925,65406127,5/17/2024 23:30,Slightly Delayed,3805.99,UPI
7346858138,16785724,11/22/2023 16:43,On Time,1530.63,UPI
4963962664,80935110,9/28/2023 11:44,On Time,4132.1,Cash
9069936094,90696847,6/23/2024 12:54,Significantly Delayed,2841.51,Cash
4665363191,73660582,10/13/2024 19:46,Slightly Delayed,2035.62,Wallet
888510905,27824078,6/27/2024 18:06,Slightly Delayed,1305.23,Cash
6876091286,49136375,10/5/2024 0:23,On Time,3152.71,UPI
2592923105,78806824,4/23/2023 0:02,Significantly Delayed,5123.14,Card
2468550508,59620534,8/21/2024 13:50,On Time,3712.25,UPI
5302956276,97111069,1/22/2024 22:37,On Time,1495.19,UPI
9409714182,59110513,5/25/2023 5:14,Slightly Delayed,2856.32,Card
1446221570,59216664,9/26/2024 9:57,On Time,1905.44,Wallet
8250036360,88203688,6/21/2024 14:01,On Time,1940.19,Wallet
447464341,89669139,3/3/2024 12:48,Slightly Delayed,3113.07,Wallet
15642223,85020453,11/6/2023 21:10,On Time,1712.74,Cash
3285378238,66943324,8/15/2024 5:21,Slightly Delayed,2599.64,Wallet
2356483296,49529811,7/25/2023 17:06,Slightly Delayed,2030.68,UPI
3382911339,23380116,12/12/2023 14:35,On Time,1666.57,Card
3690872026,1152215,7/9/2023 8:07,On Time,1203.31,Cash
6755367585,54057428,9/3/2024 18:44,On Time,2115.53,UPI
6835850079,68965787,8/13/2023 22:56,On Time,934.75,UPI
9345418784,58644651,2/22/2024 10:03,On Time,2469.41,Cash
7185243614,51994597,1/10/2024 19:01,On Time,1223.58,UPI
2319044818,82425179,4/6/2024 20:31,On Time,2861.37,Wallet
931834374,17392512,9/30/2024 12:51,On Time,361.89,Wallet
8485398781,40593638,4/20/2024 19:01,On Time,2156.87,Wallet
9806464912,31981068,8/21/2024 12:00,Slightly Delayed,2405.76,Card
8214365128,42012717,7/10/2024 18:08,On Time,3595.22,Wallet
137089318,6637282,5/23/2024 15:38,On Time,2254.26,Wallet
7615602420,63402854,5/30/2024 9:20,On Time,922.64,Cash
3995348964,44828791,6/3/2024 16:20,On Time,1613.86,Cash
3816542830,81822935,8/18/2023 14:48,On Time,3294.67,UPI
9665004924,90184276,7/29/2023 15:32,On Time,3564.53,Wallet
1728547597,98444183,6/9/2024 7:47,Significantly Delayed,236.51,Card
5311190131,19482392,3/4/2024 0:42,On Time,1276.25,Card
9581592141,64562786,1/22/2024 23:20,On Time,4117.69,UPI
4848863693,63217390,9/12/2024 4:43,On Time,1634.92,UPI
6374883107,23126657,8/19/2023 8:10,Significantly Delayed,3039.25,UPI
3270131216,56604077,2/10/2024 15:02,Slightly Delayed,1403.1,UPI
2643382562,54338574,7/24/2023 22:30,On Time,354.91,UPI
5212524996,45071436,12/10/2023 22:06,On Time,2573.93,Cash
9594095277,27604184,3/10/2024 4:41,On Time,3015.93,Card
8375863419,76971644,8/26/2024 12:11,Slightly Delayed,4914.12,Card
7523880783,21481338,10/13/2024 13:46,On Time,4262.19,Wallet
9670158103,63262519,3/11/2024 12:51,On Time,2159.25,UPI
4344108631,45804389,3/29/2023 11:14,Slightly Delayed,4399.58,Cash
2237858,48281892,4/2/2023 3:45,On Time,3835.26,Wallet
3217791988,92642745,8/10/2023 13:48,On Time,5996.96,Wallet
3355718103,91196901,9/10/2023 22:35,On Time,632.35,Card
9590518103,62323608,3/1/2024 19:18,On Time,40.7,UPI
6610120274,89910157,7/19/2024 1:16,On Time,3395.39,UPI
1180899898,16420489,4/17/2023 2:53,On Time,3034.51,Wallet
8758992688,11616535,6/22/2024 16:53,Significantly Delayed,405.71,Wallet
6965716176,12851610,4/13/2023 2:15,On Time,4625.58,Card
5527742274,57956497,12/16/2023 5:20,On Time,2424.06,Card
826610039,29431960,8/17/2023 13:52,On Time,169.88,UPI
3303891913,84361534,1/15/2024 21:29,On Time,2044.44,Card
2489292878,59240916,10/1/2023 8:51,On Time,3382.35,Card
8589851630,5386246,5/28/2024 14:12,On Time,3160.29,Card
4598897781,77625089,7/12/2023 20:42,Slightly Delayed,3442.8,UPI
6932356214,58942207,4/4/2023 5:34,Slightly Delayed,4091.52,Wallet
3499004322,70363568,5/4/2023 18:04,On Time,2288.53,Wallet
7517620171,25128143,4/16/2023 18:10,On Time,1996.94,Cash
172987148,71607166,11/3/2024 16:39,Significantly Delayed,2924.71,Cash
8347207794,34853377,8/17/2024 22:01,On Time,2701.36,Card
9472355181,81462774,1/23/2024 6:37,On Time,972.69,UPI
1315064289,74735607,7/27/2024 3:05,Significantly Delayed,2357.23,UPI
9371869941,53076417,10/11/2023 23:57,On Time,1599.11,Card
5184568404,93507573,3/27/2024 12:45,On Time,872.08,Cash
5891002534,41494517,9/29/2023 15:59,Slightly Delayed,475.04,Card
1479730711,90647204,9/2/2024 9:49,Significantly Delayed,589.61,Wallet
7651037338,31576845,11/21/2023 18:34,On Time,242.57,Cash
8763754537,97873848,10/7/2024 5:34,On Time,1696.36,UPI
7683813608,99707100,6/6/2023 21:29,On Time,2544.29,Card
6722955128,8351747,3/19/2023 21:52,On Time,1028.49,Wallet
8259274680,60379302,4/11/2023 6:25,On Time,3427.94,Cash
4620484274,58111297,9/10/2024 15:50,Slightly Delayed,3550.23,Card
8260569466,59323931,12/15/2023 4:01,On Time,698.04,Card
8498916204,47625855,3/22/2024 19:29,On Time,422.87,Card
3209538967,41874489,5/7/2024 9:15,On Time,2519.28,Cash
2570640420,10418604,4/28/2023 10:31,On Time,3782.04,Cash
2066843639,69516494,5/25/2024 0:12,On Time,941.19,UPI
7402125753,12500465,11/1/2023 18:12,Slightly Delayed,3147.43,Cash
9171089443,46185579,9/10/2024 20:04,On Time,2747.64,Cash
3272079644,51592174,6/6/2023 14:31,On Time,22.14,Card
438111050,74174956,5/3/2024 23:36,On Time,2129.22,Card
7416160835,29324437,4/30/2023 11:05,On Time,2651.44,UPI
4075074492,12778027,12/13/2023 11:06,Significantly Delayed,5146.2,UPI
5536024334,15661674,4/30/2023 16:32,On Time,1149.2,Card
2013140214,39674723,5/14/2024 16:20,On Time,2400.93,Card
1113582397,53292177,12/17/2023 14:29,On Time,3248.52,Card
1083928258,14705462,12/21/2023 19:36,On Time,2833.25,Card
4906957374,30029998,9/16/2023 19:50,On Time,3973.9,Card
1876614122,97678578,8/23/2023 23:22,On Time,4304.71,Cash
6556180328,10562528,6/3/2024 20:39,On Time,712.12,UPI
7960553477,4356173,2/24/2024 5:24,On Time,169.88,UPI
6335972517,18256339,7/8/2023 19:55,Slightly Delayed,1968.49,UPI
6254948159,42615134,10/16/2023 7:14,On Time,3371.28,Card
7527936057,63971358,12/10/2023 14:03,On Time,2750.94,Cash
6257851675,65488134,4/23/2024 22:08,Significantly Delayed,1052.94,UPI
6832610950,77811864,9/1/2023 9:13,Significantly Delayed,1628.19,UPI
5085005195,2684440,3/5/2024 19:55,On Time,4030.23,Cash
2177207547,92245432,2/9/2024 4:43,On Time,3576.89,Wallet
3043364543,21597477,7/25/2023 10:41,On Time,1136.9,UPI
2823404098,81377917,3/3/2024 3:19,On Time,2699.14,Wallet
646676955,93018527,11/9/2023 0:38,On Time,109.03,Cash
5756607486,27709218,10/22/2023 5:36,On Time,1910.09,Card
9373691795,87463923,3/23/2024 21:15,On Time,2386.93,Cash
2611601543,61753272,7/23/2023 0:37,Slightly Delayed,1804.99,Wallet
1491360686,90649019,3/21/2023 15:49,Slightly Delayed,822.74,UPI
1824533423,2233446,5/21/2023 12:55,On Time,2890.53,Wallet
2913841018,46675763,11/26/2023 3:57,On Time,727.95,Card
3141803761,34787383,10/9/2023 15:22,Significantly Delayed,787.4,UPI
6184484468,40275138,10/14/2024 3:35,On Time,211.22,Cash
4599327740,77862447,8/25/2023 15:35,On Time,530.85,Cash
7479207574,64846124,4/3/2024 1:48,Significantly Delayed,918.45,Cash
2996133401,83964902,4/14/2024 22:04,On Time,2010.29,UPI
5972410040,19179897,8/11/2024 7:22,On Time,1721.08,Wallet
4007593324,68703613,6/21/2024 10:08,On Time,3453.62,Wallet
3428454405,93018527,8/13/2023 22:37,On Time,3030.47,Cash
1160646195,5700842,4/24/2023 17:02,Significantly Delayed,419.13,Card
4376524554,72576730,3/16/2023 9:09,On Time,2512.22,Card
1519072771,70615775,8/1/2024 4:03,On Time,98.32,UPI
8203685394,40192266,2/23/2024 6:58,On Time,1013.58,Card
7906789850,32006907,10/8/2024 20:15,Slightly Delayed,2494.47,UPI
8073770046,87943214,5/14/2024 3:01,Slightly Delayed,3056.86,UPI
5190202949,40727086,9/9/2023 12:34,Slightly Delayed,3924.07,Wallet
8542325207,9573071,7/17/2024 17:30,On Time,4399.94,Wallet
7566730050,39153585,5/14/2023 12:59,On Time,1443.71,Card
176509722,65221572,10/16/2023 22:34,On Time,2319.65,UPI
1894603222,21697638,10/16/2023 7:17,On Time,356.33,Wallet
2694800415,36675827,4/4/2024 7:26,On Time,3621.69,Cash
5879390688,77869660,9/7/2023 19:36,Slightly Delayed,96.09,Wallet
1197715978,625395,11/12/2023 7:20,On Time,3388.47,Card
7790696031,34580200,5/12/2023 16:58,On Time,2174.92,Wallet
2189360099,68714053,8/19/2023 5:59,On Time,2231.91,Wallet
3542041943,55007963,9/6/2024 1:07,On Time,209.59,Wallet
9202469009,37362180,11/13/2023 1:11,On Time,1574.8,UPI
3985829990,81808190,7/19/2024 0:58,Slightly Delayed,4495.35,Wallet
4341872315,71755645,11/3/2023 13:00,On Time,3494.41,Wallet
4748123248,24144240,8/1/2023 10:02,On Time,476.96,UPI
99905061,47590944,11/16/2023 20:08,Slightly Delayed,2948.85,Card
9118004489,37288781,2/2/2024 14:35,On Time,2685.25,Cash
1696936610,25795941,9/13/2023 23:26,On Time,1983.84,Wallet
155669553,88779806,4/6/2023 14:25,On Time,2239.85,UPI
2885541999,40275138,9/13/2023 22:13,On Time,87.3,Cash
2846340681,77085443,6/8/2023 6:18,On Time,2923.65,Cash
963715332,21948041,7/18/2024 22:25,Slightly Delayed,4740.41,UPI
2807634451,84986716,3/15/2024 0:16,On Time,3196.92,Wallet
3046341241,82286725,10/3/2023 17:13,On Time,3155.44,Wallet
485687952,8228843,3/26/2023 19:36,Slightly Delayed,1436.02,Wallet
7660904370,30455484,5/9/2024 14:16,Slightly Delayed,695.54,Cash
9753033954,83577942,7/2/2023 1:33,On Time,630.84,Card
9509887699,23448955,1/13/2024 11:09,On Time,1656.08,UPI
1054122071,97557157,11/22/2023 8:36,On Time,1011.38,Card
9135272808,21701991,3/1/2024 23:06,On Time,1454.36,UPI
597447215,39957741,9/4/2024 22:09,On Time,4238.98,UPI
5562099656,3872421,6/12/2024 2:35,On Time,163.03,Card
4122736828,47590944,7/2/2024 12:55,On Time,2205.44,UPI
7238138072,32929817,8/26/2024 5:41,On Time,906.54,Wallet
6244736404,8791577,8/19/2024 9:19,Slightly Delayed,4248.04,UPI
1297341963,70230254,7/28/2024 21:44,On Time,1516.81,Cash
3842442278,89223620,10/27/2024 2:43,On Time,4144.84,Card
9576684860,9347990,4/28/2023 20:05,Slightly Delayed,1365.7,Card
1592757566,78903046,7/17/2024 15:09,Significantly Delayed,4787.67,Wallet
5060677329,68219091,3/29/2024 8:13,Slightly Delayed,903.53,UPI
2241930006,66943324,11/5/2023 3:05,Significantly Delayed,2211.21,UPI
3246505078,45481936,8/15/2024 20:41,Significantly Delayed,702.71,Wallet
5870152806,376144,3/23/2024 3:57,On Time,171.2,Cash
8919999754,8395610,12/7/2023 13:24,On Time,2554.62,UPI
1080338783,1601161,7/21/2023 21:48,On Time,2039.04,Cash
4641905606,40667183,9/18/2024 4:06,On Time,3587.82,Cash
9456413999,32019725,8/26/2023 23:31,On Time,2572.64,Card
4764056827,8025622,7/19/2024 20:09,Slightly Delayed,3063.23,UPI
5168057633,45477575,7/11/2024 1:35,On Time,4188.15,UPI
1442559656,85074810,5/10/2023 7:54,Significantly Delayed,2573.97,Cash
6590257283,2058037,10/2/2023 9:29,On Time,4030.26,Cash
3429671763,21481338,3/26/2024 20:11,Significantly Delayed,1168.51,UPI
4750086089,97259564,8/16/2023 20:03,Slightly Delayed,1896.06,Card
3204128006,62323608,11/22/2023 13:26,Slightly Delayed,4361.59,Wallet
3171917027,55936462,3/31/2024 8:18,On Time,1179.35,UPI
8814047085,68475914,4/10/2023 10:34,On Time,972.69,UPI
1889723479,5754255,6/24/2024 7:55,On Time,395.61,Cash
942025494,62679120,3/2/2024 22:50,Slightly Delayed,4479.65,UPI
4104444500,57526322,10/13/2024 2:34,On Time,296.94,Card
7562260313,13871547,3/23/2024 2:19,On Time,1246.62,Card
7140244766,86067293,8/6/2023 14:21,On Time,310.87,UPI
7967974077,45066676,7/6/2024 6:00,Slightly Delayed,3382.93,Wallet
7456822422,81822935,12/8/2023 16:49,Slightly Delayed,604.1,Cash
4813468096,34668988,2/10/2024 4:00,On Time,650.2,Card
8618576020,15484407,1/18/2024 14:45,On Time,1633.69,Card
3727646442,12077371,7/21/2023 16:05,On Time,1105.54,Wallet
9208156337,39959491,9/23/2024 10:09,On Time,1685.01,UPI
8328118787,14839726,5/14/2023 22:03,On Time,3997.84,Card
580528836,91550885,10/20/2023 10:17,Significantly Delayed,1485,UPI
3350662630,60620291,7/3/2023 22:08,On Time,1279.7,Card
6716381725,19682060,5/5/2023 11:01,Slightly Delayed,3647.45,Card
2249567137,20298398,4/6/2024 10:05,On Time,3407.26,Card
7484465509,73393269,9/27/2024 19:15,On Time,1060.95,Card
2577208156,86995126,10/8/2024 7:09,Slightly Delayed,1948.9,UPI
3321905621,37759707,10/19/2024 19:54,On Time,3909.99,Wallet
6686839282,71615827,7/24/2023 9:30,Slightly Delayed,2657.17,UPI
5095558661,70220141,5/6/2023 13:12,On Time,109.03,Cash
112658009,35144658,7/11/2023 17:41,On Time,3834.36,Cash
1343610513,18113428,7/17/2023 13:42,Slightly Delayed,638.38,UPI
7190610535,59094034,3/22/2024 7:19,On Time,2414.68,UPI
5069426001,31940833,1/13/2024 1:45,On Time,3099.29,UPI
5655369002,19091057,8/25/2023 10:12,On Time,114.52,Cash
5761530160,84824280,2/23/2024 18:32,Slightly Delayed,876.11,Cash
4772519706,17106161,3/28/2023 8:47,On Time,2184.02,Cash
8209051735,69416782,2/13/2024 22:25,On Time,1887.19,Card
4870391666,80935110,3/23/2024 20:30,On Time,738.74,Card
7777975083,92098757,6/24/2024 17:49,Significantly Delayed,4419.96,UPI
8713948756,65514005,11/16/2023 0:05,Significantly Delayed,383.2,Cash
6191050157,90021871,5/11/2023 20:36,On Time,1893.34,Cash
4060449266,1771249,3/9/2024 0:27,On Time,2399.6,Card
5657605506,63402854,5/30/2024 20:18,On Time,697.88,Wallet
8851743592,70608515,2/13/2024 12:03,On Time,2618.87,Card
4689717606,91791128,7/5/2023 7:24,On Time,2392.67,Card
2860246948,8791577,9/25/2024 22:16,Significantly Delayed,1613.57,Wallet
2875550803,40387944,2/28/2024 14:00,On Time,1776.32,UPI
5340575011,77015367,9/28/2023 19:00,On Time,2307.65,Wallet
7717156533,18791381,4/4/2023 5:01,On Time,3043.92,Cash
8297255359,56764791,6/26/2023 16:35,On Time,2172.56,Card
7873234939,31923338,9/10/2024 22:33,Slightly Delayed,816.38,Wallet
3668515922,22321208,8/23/2023 14:13,Slightly Delayed,4229.93,UPI
8356690330,88324928,7/15/2023 18:05,On Time,3316.63,Card
3508620293,40277444,8/3/2023 20:45,On Time,4855.95,Cash
9998297778,7728406,9/22/2023 17:07,On Time,2833.2,Card
3898421710,78750264,8/31/2023 6:53,Slightly Delayed,461.74,Cash
3960980694,52417972,6/21/2024 22:46,Slightly Delayed,369.28,Cash
5008395294,1108176,12/22/2023 9:09,Significantly Delayed,845.68,Cash
3722869004,66140659,7/20/2023 5:40,On Time,3268.53,UPI
8391555591,14006996,8/25/2023 7:00,Significantly Delayed,3933.27,Cash
8063730776,95912198,9/21/2024 20:01,On Time,2925.94,UPI
9052752169,62510499,1/11/2024 1:46,On Time,1083.52,UPI
7471416647,75566105,3/29/2023 15:39,Slightly Delayed,2163.7,Wallet
848332407,376144,4/22/2024 8:52,On Time,1700.08,Card
4062701987,8383197,12/18/2023 4:18,On Time,979.99,UPI
8723912832,94552818,1/19/2024 9:40,On Time,361.98,Cash
9099298435,2233446,2/22/2024 10:18,On Time,1327.61,UPI
5645691241,3786105,12/10/2023 7:21,Slightly Delayed,2970,Cash
8258019846,61024977,1/24/2024 17:43,On Time,1705.98,UPI
2732162016,99361865,5/27/2023 9:57,On Time,2111.24,Wallet
1561902412,91448742,6/8/2023 19:42,On Time,3412.02,UPI
8979476889,49970560,6/6/2023 22:26,On Time,169.88,Cash
8373953053,46515922,10/25/2024 21:54,Slightly Delayed,3639.83,Wallet
7021309133,59353207,8/6/2024 13:41,Slightly Delayed,468.88,UPI
3447085029,188838,4/25/2023 4:28,On Time,4065.16,Cash
9284767341,82160592,3/4/2024 14:28,On Time,940.44,Wallet
9770431940,86715467,6/6/2024 23:04,On Time,3392.19,Card
9650124390,46717997,4/24/2024 15:27,On Time,4409.61,Card
9826894858,67386193,6/21/2024 12:59,On Time,1788.3,UPI
4466839873,8361353,12/9/2023 7:05,On Time,2840.84,Cash
4331471900,59094034,7/20/2024 8:44,Slightly Delayed,2476.97,Card
5777824005,73428596,3/22/2023 23:08,On Time,4469.56,Card
8795242622,90246977,3/26/2023 4:13,On Time,2861.87,Card
8561878376,12272282,1/29/2024 7:22,On Time,2729.1,UPI
2113243643,66269844,12/17/2023 10:59,On Time,568.74,UPI
8497820340,90586029,11/16/2023 18:11,On Time,5163.37,UPI
3167184563,43860025,9/7/2023 17:16,On Time,3939.74,UPI
9997121955,46623192,4/21/2024 0:03,On Time,1756.4,UPI
2954397481,93318833,1/31/2024 10:54,On Time,1120.6,Wallet
8125884987,31718565,5/3/2024 1:00,On Time,2008.1,Wallet
3765873352,48418662,10/16/2024 15:56,On Time,1976.63,UPI
7733310993,10562528,3/31/2023 9:44,Slightly Delayed,1253.38,Card
738093341,30823988,3/17/2024 6:44,Significantly Delayed,686.4,UPI
1837574319,24821281,6/19/2024 6:16,Significantly Delayed,959.01,UPI
2468420564,92027021,6/30/2023 16:02,Significantly Delayed,5123.33,UPI
5368005763,84824280,7/30/2024 5:38,On Time,1330.83,Cash
3823949592,1683786,4/13/2023 23:05,On Time,2722.55,Wallet
6298008063,24104630,7/19/2023 5:59,Slightly Delayed,2461.13,UPI
2499190829,17159117,10/31/2023 10:45,On Time,1851.53,UPI
491116137,71615827,1/19/2024 8:13,Slightly Delayed,346.87,Cash
2206269404,96009692,5/16/2024 23:30,On Time,2748.16,Wallet
1330806043,29415527,4/3/2024 10:18,Slightly Delayed,905.27,Wallet
6770858376,39957741,1/11/2024 4:57,Significantly Delayed,686.29,Wallet
4466716432,29689766,6/9/2023 17:52,On Time,2020.61,Cash
8292554686,80833965,3/27/2024 15:19,Slightly Delayed,3194.62,Cash
4204069161,31576845,8/16/2023 17:40,On Time,4044.58,Wallet
2163079658,74833221,12/28/2023 16:36,On Time,2926.98,Wallet
6971561757,64940409,12/15/2023 19:00,Significantly Delayed,1726.02,UPI
7965253060,95912198,2/13/2024 10:06,Slightly Delayed,217.4,Wallet
8939040193,59141605,9/17/2024 13:06,Slightly Delayed,321.94,UPI
8322028211,54952806,11/4/2023 17:02,On Time,2567.25,UPI
6865922682,14255231,6/16/2024 13:41,On Time,3433.8,Card
5912729079,90919603,8/10/2024 1:18,Slightly Delayed,2270.57,Cash
8764776130,32054313,12/14/2023 13:17,On Time,1622.5,Wallet
7769965629,65815155,4/21/2023 16:44,On Time,2756.21,UPI
2166463032,98930670,10/30/2023 21:27,On Time,1214.68,Card
7035343259,63310076,7/11/2024 8:27,On Time,2574.49,UPI
8914775994,68985290,2/13/2024 23:37,On Time,1300.04,UPI
7565647347,15808945,10/24/2024 1:21,On Time,3503.52,UPI
6172215120,87823209,6/3/2024 7:32,On Time,4452.81,Card
4043585691,61121421,2/21/2024 22:37,Slightly Delayed,942.24,UPI
3735186180,98709982,3/16/2024 15:31,On Time,2834.2,UPI
5281459433,85519349,10/10/2024 6:40,Slightly Delayed,2527.71,Card
424087401,90753712,4/19/2024 10:40,On Time,96.09,Cash
884327245,24337950,9/25/2023 0:18,Slightly Delayed,2116.49,UPI
6318008970,30265929,5/11/2024 19:09,On Time,1887.26,UPI
3792751421,2414265,8/11/2024 20:09,On Time,2090,UPI
5471255539,15391556,5/31/2023 10:11,On Time,1199.03,Wallet
9917290378,6245778,1/5/2024 13:00,Significantly Delayed,789.13,Cash
208989475,94713625,3/16/2023 11:38,On Time,2973.06,Cash
7672827556,70589930,7/1/2023 1:43,On Time,2259.19,Wallet
3792912325,39153585,6/3/2024 19:56,On Time,2026.4,Wallet
2478533601,9097480,11/1/2024 14:24,Slightly Delayed,2241.03,Card
2255745327,58974323,5/1/2023 3:18,On Time,4140.09,Cash
8612261848,46208150,6/18/2024 20:01,On Time,1495.6,Wallet
6949810049,87463923,9/25/2023 13:16,On Time,1778.56,UPI
2399456941,47625855,10/16/2024 6:51,Slightly Delayed,2306.69,Card
6292969164,45477575,7/9/2024 7:11,Slightly Delayed,822.63,Wallet
2929485756,30979436,10/13/2024 0:37,Significantly Delayed,946.86,UPI
8757869416,85518832,5/3/2024 3:46,On Time,3314.13,Cash
2653966619,52428250,7/12/2024 17:07,On Time,3588.19,Card
336103625,28663279,5/16/2024 19:07,On Time,3997.03,UPI
3727289407,10225164,6/17/2024 12:19,On Time,616.45,Wallet
701250513,10240052,9/3/2024 18:54,On Time,2490.5,Wallet
101816977,26903313,2/20/2024 6:23,On Time,3486.1,Wallet
7838223552,85854265,12/7/2023 13:30,On Time,1597.81,UPI
4123140013,80759416,11/3/2024 1:29,On Time,3299.24,UPI
9821008306,49433260,4/5/2023 15:32,On Time,2532.31,Wallet
5414882934,44223796,12/28/2023 21:01,On Time,3284.27,Wallet
9257313140,24337950,6/16/2024 14:09,Significantly Delayed,726.41,Wallet
3857021231,91973128,9/28/2023 19:55,On Time,3536.94,Wallet
1606381345,31940833,3/22/2023 12:45,On Time,3635.31,Cash
239830094,99627097,8/17/2023 9:02,On Time,416.65,Cash
580582858,59398136,9/11/2023 17:42,On Time,2313.35,UPI
4191340899,90649019,5/26/2023 1:31,On Time,3432.55,Card
1013630716,85763665,5/19/2024 6:25,Significantly Delayed,1090.39,Cash
8220017366,91550885,5/28/2023 8:30,Significantly Delayed,1908.33,Cash
4353485612,77007315,8/31/2024 13:06,Slightly Delayed,1938.72,Card
8682172393,97141762,10/15/2024 2:26,On Time,1178.54,UPI
4085089017,50899600,6/11/2024 22:29,Slightly Delayed,2626.4,Cash
1287686307,79076101,1/18/2024 17:59,Significantly Delayed,4331.6,Cash
4425450216,40192266,6/11/2023 17:35,On Time,3481.37,UPI
7799346570,37947202,10/3/2023 23:56,On Time,1793.58,Cash
5917975686,37054866,6/4/2024 21:07,On Time,4269.53,UPI
9588500388,84448310,7/5/2024 10:03,Slightly Delayed,3251.31,Cash
3963207709,99893898,1/4/2024 20:24,Significantly Delayed,972.69,Cash
2217466286,9278983,4/8/2023 13:12,Significantly Delayed,1217.33,Wallet
7130088913,86444757,6/29/2023 14:19,On Time,3069.34,Card
9064682961,17597449,7/4/2024 13:14,On Time,3580.75,Cash
6060156146,92404798,5/25/2023 18:55,Slightly Delayed,2318.9,UPI
3106610673,74762653,6/10/2024 17:56,Slightly Delayed,3473.22,Cash
442408751,56780331,10/19/2023 17:31,On Time,3090.37,Wallet
353571238,60561655,1/1/2024 15:51,On Time,1897.21,Wallet
4670530333,42723554,5/30/2024 17:53,On Time,354.91,Wallet
4961370923,61020,2/4/2024 16:10,On Time,2560.3,Card
8946821991,31582950,4/29/2024 11:58,On Time,888.04,Cash
5720622852,66130660,4/16/2023 14:43,On Time,874.78,Cash
7305353953,42012717,1/4/2024 8:02,Significantly Delayed,2119.6,Cash
1402723627,85006599,5/16/2024 4:45,Slightly Delayed,2859.77,Wallet
9820620357,243838,12/5/2023 10:13,On Time,508,Card
1930286155,51034600,9/2/2024 20:09,Slightly Delayed,1176.51,Cash
6759029950,83577942,12/3/2023 12:46,On Time,2592.56,UPI
9032188284,59427862,8/24/2023 19:32,Slightly Delayed,1036.64,Wallet
9490161602,28663279,4/26/2023 12:02,On Time,3143.9,UPI
8565257085,33034249,9/24/2023 20:51,On Time,3634.1,Card
4884845960,34156884,9/5/2023 12:52,On Time,1478.33,Cash
6181604084,4200802,10/22/2023 4:07,On Time,858.57,UPI
2718508408,20360447,8/4/2023 3:52,Slightly Delayed,4588.23,UPI
8354866000,80696046,2/15/2024 18:21,Slightly Delayed,2962.96,Wallet
8025728977,26912171,8/15/2024 15:53,On Time,2971.34,Card
6531356394,85561151,5/9/2023 14:33,On Time,3830.42,Card
5489184758,49529811,3/15/2024 15:16,On Time,4046.84,Card
1377599881,48481702,8/17/2024 10:02,On Time,3323.75,Card
227162938,28111842,4/18/2024 7:07,On Time,3716.9,Cash
3449083612,91382237,11/10/2023 12:36,Slightly Delayed,2046.71,Card
5662514948,30455484,5/20/2023 2:56,On Time,2918.62,Card
2034571482,86167288,2/20/2024 20:09,Slightly Delayed,1422.49,Card
348782569,72415263,9/23/2023 8:26,Slightly Delayed,3781.09,Wallet
8697396531,21282544,10/23/2023 18:35,On Time,1573.66,Wallet
3538455450,77345018,9/5/2024 21:10,On Time,2447.04,UPI
7513290139,26285589,5/21/2023 18:41,On Time,1758.17,Cash
8320461939,83298567,4/17/2024 4:26,On Time,367.08,Card
8217899522,18465047,10/8/2024 11:33,On Time,3369.67,Wallet
4217056877,2903620,3/26/2024 19:44,Slightly Delayed,1670.56,Cash
3684167813,46563355,9/13/2024 8:19,On Time,1409.35,Cash
5351904164,97411107,8/6/2024 16:09,On Time,2561.94,Cash
2731829604,46615831,2/12/2024 20:15,On Time,4047.69,Card
7162485958,75081265,12/6/2023 18:31,On Time,1996.41,Card
4830502113,89867195,1/26/2024 14:46,On Time,3494.42,Cash
9797013595,80571942,5/15/2024 23:55,Slightly Delayed,418.44,Wallet
9487843345,23794330,6/11/2024 6:16,On Time,1311.48,Cash
2148242015,39093069,4/30/2023 23:48,Significantly Delayed,3239.66,UPI
7465258008,51503088,10/25/2023 21:17,Slightly Delayed,2017.35,UPI
8875274470,57102800,4/20/2024 16:25,Significantly Delayed,818.16,Card
7049717910,44410149,5/11/2024 5:44,On Time,3737.72,Card
4829897426,25587553,6/5/2023 0:50,On Time,1546.87,Cash
3532186218,24456825,8/8/2023 13:57,On Time,3201.86,Cash
6897674900,79592021,5/13/2024 12:53,On Time,3980.78,UPI
163895717,61982521,11/2/2023 4:41,On Time,2751.59,UPI
9857592403,84275450,10/24/2023 11:31,On Time,4315.44,Wallet
2521197661,13251137,2/20/2024 0:32,Significantly Delayed,2777.53,Card
488314125,5716817,4/5/2023 18:11,Slightly Delayed,2359.91,UPI
5073549838,75082508,4/28/2024 8:04,On Time,1872.31,Wallet
6399568661,82594354,12/17/2023 21:03,On Time,4593.22,UPI
3672658084,48228547,5/10/2024 13:53,On Time,895.36,UPI
8273236145,85763665,9/2/2024 15:50,On Time,1626.93,Card
3411233779,79991320,4/13/2024 23:12,On Time,1018.02,Cash
8024667539,31622158,7/22/2024 5:53,Slightly Delayed,1682.78,Cash
6112199794,77086539,9/21/2024 20:45,Slightly Delayed,3227.41,Wallet
9484473160,21456226,4/25/2023 21:30,Slightly Delayed,1966.28,Card
9729709418,45323391,3/30/2023 5:26,On Time,2729.56,Cash
7900224799,68692574,7/3/2024 4:57,Slightly Delayed,4099.05,Cash
1821414490,75632045,10/21/2024 7:33,On Time,3493.06,Card
5813507399,76019750,4/15/2024 9:01,On Time,4495.56,UPI
3928003125,53636086,12/7/2023 13:30,Slightly Delayed,1809.81,Wallet
5271866987,10562528,8/27/2024 1:26,On Time,947.95,Card
9794537731,85869195,5/27/2023 12:57,On Time,3740.13,Cash
4852718488,71902700,4/29/2024 20:42,On Time,1364.65,UPI
8300546273,13796199,9/5/2023 10:12,On Time,1251.92,Wallet
976104194,6061349,5/7/2024 21:56,Significantly Delayed,3210.73,Card
5373961125,57081917,11/1/2024 3:43,On Time,1187,Card
6056126973,48765625,7/2/2024 22:31,On Time,1172.69,UPI
6352881332,80517784,1/22/2024 23:09,On Time,3222.29,Cash
1643234106,37691544,9/12/2024 3:52,Slightly Delayed,1196.7,Wallet
8697966993,85869195,3/2/2024 5:46,Significantly Delayed,3078.59,Card
2276061263,83701325,10/6/2024 16:59,On Time,837.78,UPI
4045613782,61763552,8/9/2023 8:21,On Time,2243.07,UPI
2959828441,9987182,3/15/2024 17:59,On Time,4265.84,Card
3514589876,59620534,10/17/2023 21:03,On Time,976.55,UPI
9444081952,72576730,11/27/2023 1:02,On Time,353.53,Card
8183959589,26752630,12/16/2023 14:27,On Time,299.27,Wallet
1712832927,5228136,3/16/2024 2:24,Slightly Delayed,2657.42,UPI
8162867215,25713335,8/24/2024 15:27,On Time,1564.84,UPI
4160230443,87889031,4/15/2024 3:56,On Time,367.08,Card
9787535949,57340963,4/2/2023 13:59,Slightly Delayed,1488.91,UPI
3423995261,75928073,5/6/2023 21:35,On Time,1047.55,Wallet
1523343168,80862136,7/21/2024 18:56,On Time,582.87,UPI
1948066291,61320989,10/2/2024 21:52,On Time,225.21,Cash
2021361582,99695529,5/20/2024 13:29,Significantly Delayed,3475.69,Cash
7491420331,27504517,5/22/2024 3:16,Slightly Delayed,1567.06,Wallet
994840771,85088479,10/15/2023 22:56,Slightly Delayed,1819.74,Wallet
6277344634,11202130,7/23/2024 19:18,Significantly Delayed,3940.47,UPI
4092653338,13604883,4/24/2024 14:11,On Time,2455.06,UPI
7213712604,49433260,11/17/2023 7:02,On Time,780,Cash
7326709115,22800586,11/26/2023 0:36,Slightly Delayed,783.96,Card
9419789569,8733344,7/17/2024 10:35,On Time,3361.63,Wallet
5388191488,74735607,3/31/2024 3:47,Slightly Delayed,4238.13,Card
9065873433,32635818,10/23/2023 19:10,Slightly Delayed,2534.9,Cash
4627342297,88843865,8/28/2023 10:50,On Time,2033.74,UPI
4286971111,469006,5/27/2024 3:23,On Time,1480.41,Cash
645282074,13265605,5/25/2023 23:45,On Time,3337.4,Wallet
7260939789,39999278,10/28/2023 13:37,On Time,5770.21,UPI
1716322448,95873651,9/6/2023 16:10,On Time,3162.99,Cash
4293959647,820740,10/3/2023 21:16,On Time,878.07,UPI
3331935300,29095552,6/15/2023 21:38,On Time,482.06,Wallet
1775389576,15830066,3/10/2024 6:34,On Time,941.19,Wallet
8194774262,46836361,10/6/2024 6:32,Slightly Delayed,2879.54,Cash
3615279775,61618079,11/1/2023 18:30,On Time,2596.72,Wallet
11467999,78267238,4/23/2023 18:37,Slightly Delayed,3051.19,UPI
3971267196,8536503,1/14/2024 2:35,On Time,946.86,Card
1584863963,61877649,7/21/2024 18:13,Significantly Delayed,1176.5,UPI
1557893814,75244116,4/2/2024 12:45,On Time,3950.09,Wallet
8172695964,45323391,7/7/2024 9:17,On Time,1506.27,Card
7462800868,93127511,10/19/2023 17:27,Significantly Delayed,382.29,Wallet
5438961669,37245065,9/10/2024 5:20,Significantly Delayed,354.91,UPI
4904849001,93563435,11/30/2023 5:46,On Time,5062.63,Wallet
4816980820,52613657,3/27/2023 20:30,Significantly Delayed,4876.13,Card
9004078716,55552600,8/21/2023 8:46,On Time,2140.11,Card
8350353728,25585013,1/25/2024 8:02,On Time,2516.08,Cash
1204084245,1342184,9/26/2023 1:28,Significantly Delayed,2833.97,Card
4142209897,44557943,9/7/2023 20:00,On Time,1361.67,Card
125551624,14693393,8/12/2024 21:32,On Time,4082.47,Card
9970545044,22931642,8/8/2023 22:18,On Time,5453.47,Cash
7976032064,72946405,5/3/2024 15:57,On Time,1575.92,Wallet
8691567542,41640262,6/27/2024 8:52,On Time,1173.69,Wallet
3592747590,12755730,4/24/2024 12:09,Significantly Delayed,4217.22,UPI
7495753437,4758426,6/2/2023 0:26,On Time,3776.78,Card
3965847120,80761521,5/5/2023 14:56,On Time,459.78,Wallet
9365984533,89704218,6/25/2024 19:46,On Time,2082.97,Card
2948242102,13189939,10/12/2023 14:54,On Time,2132.75,Wallet
6161193691,55693909,5/30/2023 13:36,On Time,1541.92,Cash
5964122835,14006996,3/29/2024 18:12,On Time,2305.04,UPI
8879377902,61320989,3/9/2024 6:13,On Time,3034.16,Card
8158068874,64403005,7/25/2024 20:24,Slightly Delayed,3112.28,Wallet
7039570964,68941950,4/13/2024 3:10,Slightly Delayed,3196.98,Cash
5482913265,88324928,8/8/2024 15:18,Slightly Delayed,2486.56,Wallet
1018255782,2219590,9/8/2024 6:11,Significantly Delayed,2456.07,Card
8441505853,48409448,11/10/2023 8:12,On Time,3876.18,UPI
3850018395,57674875,6/9/2023 20:31,Slightly Delayed,1228.6,Wallet
4884197611,28173165,4/19/2023 19:07,Significantly Delayed,2037.05,Wallet
5321849748,84468124,3/1/2024 0:19,On Time,1745.29,Cash
9808738347,7728406,3/28/2024 23:36,On Time,2800.78,Wallet
8727249149,35826539,6/27/2023 0:24,On Time,4510.56,UPI
2772154780,50899600,7/18/2024 14:39,On Time,370.81,Card
9128056381,98691989,6/10/2024 7:16,On Time,475.78,Wallet
4461463308,81352781,6/16/2023 8:01,On Time,2638.38,Card
5636483988,34095555,1/29/2024 17:42,On Time,4151.57,UPI
1532065529,75464725,12/7/2023 6:28,On Time,2175.43,UPI
9933994647,83304571,2/27/2024 6:30,On Time,852.02,Cash
4823026749,34835738,8/8/2024 15:42,On Time,3211.3,Card
7453442245,77869660,9/8/2024 6:29,On Time,4894.89,UPI
6519941559,29902416,5/10/2024 19:43,On Time,545.49,Cash
3798769654,75913572,9/28/2024 12:27,On Time,371.29,Cash
5034289521,21201299,5/15/2024 13:00,On Time,1415.21,UPI
6971088688,11389698,7/18/2023 10:53,Slightly Delayed,2593.22,Card
5650184107,19771128,6/21/2023 8:14,On Time,3041.96,UPI
5770410311,20956158,12/31/2023 10:23,On Time,4814.59,Cash
274530126,35278126,4/8/2023 21:52,Significantly Delayed,1841.66,Cash
4819831152,66886852,9/22/2024 19:35,On Time,1757.75,Cash
6977688323,56780331,6/7/2023 22:05,On Time,3343.61,Card
2035952734,63360864,4/17/2023 19:19,On Time,1906.85,UPI
3665334102,51476157,11/4/2024 1:16,Slightly Delayed,5578.4,Wallet
1862413314,48150243,5/31/2024 16:08,On Time,1446.53,Card
4466643926,82989313,4/8/2024 20:33,On Time,781.08,Cash
4470717835,76008165,7/8/2023 0:21,On Time,1474.48,Wallet
3018086191,76359458,2/7/2024 15:51,On Time,1775.03,Card
2447983559,99772709,10/3/2024 20:46,Significantly Delayed,1031.06,Cash
5116322704,63360864,6/20/2024 4:21,On Time,2386.24,UPI
8941550852,54145987,4/20/2024 22:07,On Time,198.15,Card
8026773850,94730288,10/23/2023 19:16,On Time,1378.46,Wallet
2102402075,30317733,7/14/2024 5:30,On Time,1037.5,UPI
989844439,30468930,7/23/2023 11:54,On Time,3217.54,Cash
8426805628,11636968,4/17/2023 22:41,On Time,1620.7,Card
7662188403,35554129,5/9/2023 7:35,Slightly Delayed,2497.79,Wallet
9141654140,77811864,7/14/2023 13:55,On Time,2805.01,Wallet
5696947751,90745023,11/6/2023 3:35,On Time,1431.23,UPI
8953871540,1601161,11/14/2023 16:17,On Time,683.46,UPI
1767778760,67729191,4/14/2023 3:24,On Time,2977.3,Cash
5516201271,73661993,7/10/2024 14:21,On Time,1210.9,Cash
9358248664,75213636,12/19/2023 23:59,On Time,637.6,Cash
1530424665,45700739,4/21/2023 23:29,On Time,3107.41,Cash
7816293360,87669943,7/27/2023 17:54,On Time,4856.23,UPI
1602396548,11063505,9/9/2024 23:44,On Time,2790.67,Card
7938126128,26199489,6/16/2023 8:24,On Time,877.89,Card
271744331,47274329,8/21/2023 4:01,On Time,97.04,UPI
387311360,70221073,8/7/2023 2:54,On Time,1358.19,Wallet
1286123100,45659330,12/30/2023 23:53,On Time,1243.74,UPI
4832392771,10038382,11/2/2023 14:44,On Time,2524.06,Card
4800106448,49970560,12/10/2023 5:17,On Time,3048.99,Card
5500008514,31371112,5/3/2024 18:08,On Time,3605.53,Cash
7879575037,7228206,1/7/2024 12:19,On Time,3446.01,Cash
50845914,54893418,4/9/2023 4:18,On Time,3226.44,Card
9766990467,48358028,6/30/2023 8:18,Slightly Delayed,186.08,Card
4215602937,66499992,10/4/2023 5:29,On Time,1607.2,Wallet
238484255,73869823,4/11/2024 4:03,On Time,4305.06,Cash
3293988248,89986926,9/29/2024 7:44,Significantly Delayed,1519.45,Wallet
5296157775,99231937,7/27/2024 10:24,On Time,1565.22,Wallet
1143489067,21432404,9/14/2023 17:01,On Time,424.61,UPI
8524452029,40986000,11/7/2023 1:00,Slightly Delayed,4191.3,Cash
4256779885,88745052,6/1/2023 17:29,On Time,1740.54,Cash
7744686996,72946405,9/27/2023 21:39,Significantly Delayed,1798.56,Cash
5427462399,41647393,6/21/2024 13:57,On Time,2098.17,Wallet
8596751747,66359719,3/9/2024 6:33,On Time,2462.18,Card
4746468643,15144290,8/17/2023 19:31,On Time,3206.64,UPI
3010047327,5716817,12/15/2023 20:11,On Time,799.46,Wallet
1236959246,94033330,10/6/2024 20:17,On Time,1310.39,Cash
6600422315,79726146,9/19/2023 0:26,On Time,3415.39,UPI
3227252410,83023956,2/16/2024 7:53,On Time,4307.46,Cash
6972292408,19682060,11/16/2023 5:37,Significantly Delayed,658.16,Cash
7562754470,10700664,2/15/2024 23:27,On Time,317.82,Wallet
7361971676,27504517,8/23/2023 0:44,On Time,532.57,Card
8875605037,93867669,9/27/2023 10:02,On Time,3235.64,Card
8508253527,31233120,9/5/2024 20:54,Slightly Delayed,452.6,UPI
6798775600,24845814,10/9/2023 22:39,Slightly Delayed,3645.18,Cash
3624810422,42366724,8/10/2024 1:08,On Time,864.3,Cash
4740213452,84066402,2/22/2024 12:29,Slightly Delayed,3295.97,Cash
3825468344,81337068,4/9/2023 8:04,On Time,1220.63,UPI
902245665,44828791,8/8/2024 8:14,On Time,2047.24,Cash
6874299189,24633671,8/14/2023 11:33,On Time,4027.29,Card
1127125313,91312072,12/15/2023 19:19,Slightly Delayed,823.75,Card
3606548818,85354059,5/12/2023 4:48,On Time,740.18,Wallet
5750044154,11636968,9/16/2024 22:40,Slightly Delayed,2855.42,UPI
3872847781,27727819,9/16/2023 20:38,On Time,576.22,Wallet
5939554684,3875480,6/11/2023 16:33,On Time,3071.72,Wallet
676412814,57291761,7/26/2024 3:29,On Time,2147.32,UPI
4248390724,6390687,8/22/2023 20:17,Slightly Delayed,877.98,Cash
8938687150,97664747,4/25/2023 6:25,On Time,1313.92,Cash
7898867047,899941,5/3/2023 15:13,Slightly Delayed,5189.5,Wallet
2142065357,469006,1/27/2024 7:45,On Time,2586.92,Cash
9024719693,21597477,6/6/2024 19:22,On Time,140.44,Card
8976616698,90346920,8/23/2023 3:20,On Time,3364.63,UPI
8792586840,91566278,6/14/2023 15:09,On Time,1843.14,UPI
5375387413,66768157,4/4/2023 23:31,On Time,1934.8,Wallet
4252164097,72366758,9/28/2023 6:58,Slightly Delayed,163.55,Card
8423273411,5418547,5/23/2023 23:13,On Time,719.38,UPI
2551179741,18791381,4/10/2024 2:09,Slightly Delayed,2975.13,UPI
227511348,11775073,8/1/2024 15:43,On Time,2388.23,Card
4434464045,7591711,9/22/2023 0:04,On Time,2148.83,Card
7041011843,35705377,2/6/2024 0:46,On Time,1303.83,Card
6510283268,67383024,6/12/2024 1:40,On Time,1452.76,Wallet
6853654698,85198177,8/6/2023 11:20,On Time,2101.23,Card
9338996795,2219590,1/9/2024 18:21,On Time,951.43,Card
7346145952,96629258,3/12/2024 19:24,On Time,264.89,Cash
6497069610,52672659,4/10/2024 17:18,On Time,1416.18,Card
1741402363,87200291,6/12/2024 11:13,On Time,1729.82,UPI
4825878367,46717997,10/7/2024 14:04,On Time,4152.86,Card
7019011442,41640262,6/30/2023 19:38,On Time,3612.65,Cash
1674463798,52085702,9/21/2024 13:31,Slightly Delayed,3497.86,UPI
305684588,46876240,8/25/2024 19:41,Significantly Delayed,4199.86,UPI
5967495442,77086074,7/18/2024 15:25,Slightly Delayed,707.67,Card
2571047526,90665975,6/19/2023 0:18,On Time,651.93,UPI
7784811086,53332493,9/7/2024 6:11,Significantly Delayed,2387.27,UPI
7942005230,78614729,3/25/2023 8:20,Slightly Delayed,281.73,Wallet
6653543195,95334407,9/15/2023 14:53,Slightly Delayed,1617.62,Wallet
397928918,71902700,9/14/2024 3:54,Slightly Delayed,797.99,Card
776120140,25128143,11/12/2023 3:51,Significantly Delayed,430.41,Card
8293188779,28991365,10/16/2024 9:48,On Time,4286.09,UPI
178737268,2164524,6/18/2023 19:52,On Time,726.41,UPI
5246598523,90665975,11/22/2023 16:46,Significantly Delayed,3057.36,Cash
1172544737,30188374,11/24/2023 7:36,Slightly Delayed,1080.33,Cash
6419533291,92404798,7/28/2023 5:02,On Time,2555.75,Wallet
882083749,51833636,6/18/2023 12:52,On Time,1142.73,Cash
3185510401,43990799,10/14/2024 0:24,On Time,749.5,UPI
7760767006,93018527,8/19/2023 12:04,On Time,1014.49,UPI
3833878150,644189,6/23/2024 18:54,Significantly Delayed,3376,Cash
369899578,44198187,8/19/2023 14:17,On Time,2313.22,Cash
1944466212,70798876,9/9/2024 14:02,On Time,2523.57,UPI
4064447117,6061349,2/25/2024 22:19,Significantly Delayed,2534.24,Cash
1553685597,22822088,10/28/2024 0:27,Significantly Delayed,2962.71,Card
3682284811,96009692,7/18/2024 20:57,On Time,4471.32,UPI
291439357,62679120,4/11/2023 2:13,On Time,2008.62,UPI
8285784194,17390673,9/30/2024 15:47,On Time,1107.52,UPI
5058742647,29562254,9/17/2024 23:35,On Time,1943.59,UPI
6917020296,34655710,7/10/2024 21:48,On Time,705.42,Card
6671181961,50968312,10/13/2023 5:37,On Time,2732,Wallet
5123439997,89886179,2/15/2024 18:57,On Time,1789.27,Cash
8510183245,3897936,10/1/2024 20:56,On Time,2914.71,Wallet
6081384585,94529626,3/4/2024 4:03,On Time,4519.77,Cash
4423613746,98088303,8/27/2023 18:01,Slightly Delayed,4916.33,UPI
1530472691,82169898,8/9/2024 14:17,Slightly Delayed,3469.84,UPI
7009303199,85519349,2/25/2024 10:37,Slightly Delayed,3223.07,UPI
5386652055,71252391,4/16/2024 15:24,Slightly Delayed,2799.46,Card
4413239746,22915611,4/10/2023 7:24,Slightly Delayed,811.95,UPI
4988875078,65514005,7/23/2023 15:48,Slightly Delayed,3485.65,UPI
1617565217,43518622,6/1/2024 12:51,On Time,2865.04,UPI
392038758,24144240,7/23/2024 18:36,Slightly Delayed,3639.23,Card
1828727552,12455156,3/26/2024 14:32,On Time,2106.13,Cash
7119397338,25850478,10/28/2024 22:53,On Time,874.78,Cash
2611271708,11446157,4/26/2024 5:34,On Time,1171.77,Card
7162509481,1174162,10/17/2024 0:59,On Time,1157.52,Wallet
131913576,48228547,10/17/2023 3:00,On Time,2136.82,Wallet
6627201490,28991365,12/10/2023 14:55,Slightly Delayed,1393.12,Cash
4644950813,81655250,8/21/2023 9:02,On Time,2392.8,Card
9434934993,92027021,8/9/2024 7:08,Slightly Delayed,698.38,Cash
2556317798,29562072,9/14/2023 3:54,On Time,1675.35,Cash
2826150539,24456825,11/5/2023 10:24,On Time,2121.58,Card
4283803308,4543215,12/8/2023 4:15,On Time,2653.37,UPI
6873424093,35705377,2/10/2024 23:18,On Time,2891.16,UPI
4741294126,66354642,9/5/2024 8:27,On Time,2218.23,Cash
4967241271,45708879,5/3/2023 22:35,On Time,641.98,Wallet
9554079946,69516494,12/23/2023 9:57,On Time,3528.74,Wallet
4601205399,97111069,7/14/2023 20:15,On Time,3250.65,Wallet
5633967304,72605638,1/30/2024 19:14,Slightly Delayed,2009.59,Cash
4168163237,47503133,7/6/2023 0:28,Slightly Delayed,1178.88,Wallet
5924297360,59197894,9/9/2024 21:59,Slightly Delayed,723.44,Wallet
2120299901,28499191,6/12/2024 9:32,On Time,1204.42,Card
1070876534,59329145,2/21/2024 19:01,On Time,4573.95,Cash
7032280048,18567760,9/15/2023 22:21,On Time,1403.74,UPI
156346853,57331847,3/30/2023 9:00,Slightly Delayed,1506.38,Card
6873267326,45546750,2/10/2024 7:52,Slightly Delayed,2229.88,Cash
1370661468,64795608,9/27/2023 2:02,On Time,957.45,Wallet
3612128358,8513589,4/24/2024 23:13,On Time,1654.11,UPI
1736953222,86704661,2/18/2024 14:00,Slightly Delayed,3889.08,Wallet
9107923488,85354059,11/20/2023 4:53,On Time,2768.96,Wallet
4378877600,46989310,11/27/2023 11:09,Slightly Delayed,1365.37,Wallet
3232762361,22613559,7/24/2023 15:36,On Time,2843.52,Wallet
1831641377,76971644,3/19/2024 4:14,Slightly Delayed,3402.24,Cash
562428866,57833505,4/17/2023 19:29,Slightly Delayed,896.97,Card
4607715908,59095971,8/24/2024 22:51,Slightly Delayed,4650.66,UPI
4804575203,53974737,5/23/2023 21:43,Significantly Delayed,1762.54,Wallet
8287234948,47939657,10/7/2024 7:48,On Time,1856.75,UPI
6074452586,78806824,9/1/2023 8:30,On Time,81.35,Cash
6821790656,66710182,8/3/2024 13:10,On Time,2094.62,Wallet
7821942520,84468124,2/12/2024 23:57,On Time,2732.91,Wallet
3012496270,27604184,4/6/2023 3:45,On Time,2270.44,UPI
8980370750,76971644,9/15/2023 14:47,On Time,901.58,Card
6535672015,4758426,5/5/2023 8:41,On Time,2685.35,UPI
6999060704,15534747,4/28/2023 15:55,Slightly Delayed,672.73,Wallet
9403732731,73393269,5/26/2024 15:50,On Time,2995.55,Cash
5649255352,84119685,10/30/2024 23:39,On Time,3938.48,Cash
5034409841,46629917,8/15/2023 3:17,Significantly Delayed,2746.95,Wallet
9072111617,49985597,9/15/2024 22:20,On Time,2799.39,UPI
9556880451,48778633,10/8/2023 11:26,On Time,4818.86,Card
4602796463,22047134,9/12/2024 5:20,On Time,2500.69,UPI
6061353924,49241309,3/3/2024 22:15,On Time,1424.69,Wallet
4366519080,63339001,5/29/2023 17:54,On Time,2771.3,Cash
1324817141,71694275,8/17/2023 22:02,On Time,5053.37,Card
5419080144,55404382,11/1/2024 16:44,On Time,2197.72,Cash
8813470284,57537308,1/4/2024 5:16,On Time,1665.1,Card
3182992799,81906973,10/18/2023 13:55,Slightly Delayed,4329.87,Cash
7792996715,22081691,1/3/2024 15:04,On Time,949.2,Card
6962624734,88866835,4/27/2023 8:57,On Time,3579.41,Wallet
5948662456,35988028,6/29/2023 18:25,On Time,4187.66,Card
3395675979,88202341,6/10/2023 15:59,On Time,2930.34,Cash
7550368787,51592174,12/30/2023 17:50,Slightly Delayed,5268.01,Cash
8357671697,97388817,4/14/2024 0:42,On Time,39.65,Wallet
9600704922,90372221,11/13/2023 12:31,On Time,2378.52,Cash
9915229426,12832151,2/3/2024 2:47,On Time,37.8,Cash
9927474026,94137242,3/28/2023 4:07,Slightly Delayed,530.85,Cash
6310535397,21461764,5/26/2023 17:46,On Time,5015.88,Card
8045941430,67829645,5/24/2023 15:07,On Time,2667.64,Wallet
4390394582,49795571,11/2/2024 11:28,On Time,1170.39,Cash
5062545226,84275450,11/28/2023 4:16,On Time,2945.03,Wallet
2836701831,62323608,6/13/2024 14:15,On Time,354.52,Card
4115492281,32540616,1/7/2024 1:31,On Time,4248.74,Wallet
3554645781,26227445,4/25/2024 14:58,Slightly Delayed,2108.47,Card
3983605701,19067680,1/27/2024 12:28,Slightly Delayed,3627.25,Card
8581516385,8241122,12/14/2023 19:30,On Time,681.54,Card
8290229112,88923048,3/9/2024 5:06,On Time,517.77,Wallet
1195560119,83039559,4/3/2023 17:20,On Time,552.2,Cash
5077327994,243838,8/1/2023 20:07,On Time,2694.01,Card
2945185661,81102955,7/9/2023 12:02,On Time,374.68,Card
3951005873,52085702,10/3/2024 15:03,On Time,832.06,Wallet
3490816523,25128143,1/27/2024 20:17,Slightly Delayed,4284.99,Card
6739114301,51544662,3/26/2023 18:06,On Time,671.55,UPI
5728818155,31000129,11/3/2023 0:57,Slightly Delayed,2215.55,Cash
7713651693,8351747,8/7/2023 1:57,On Time,422.87,Wallet
5452048621,22483684,10/22/2024 15:15,Slightly Delayed,947.95,Wallet
2297027645,36578947,4/17/2024 20:56,On Time,2036.46,Card
2438302298,77862447,4/24/2023 0:00,Slightly Delayed,1175.49,Cash
578811216,75739462,6/18/2024 10:23,Significantly Delayed,1980.99,Wallet
8684710720,74172010,9/12/2023 2:25,On Time,1644.14,Cash
1249797614,54797119,6/27/2024 18:33,On Time,2735.5,Card
8013026217,52337289,3/21/2023 12:31,On Time,2368,Cash
5421697986,95971469,5/26/2023 2:27,On Time,3487.72,Wallet
8922741261,22133362,8/11/2024 0:35,On Time,2993.51,Cash
3441102335,12077371,11/4/2023 0:26,On Time,1197.76,Wallet
6065607924,91868185,5/8/2024 8:15,On Time,965.88,UPI
5153395650,94033330,3/23/2023 15:24,On Time,1099.91,Card
2215235447,88215615,9/16/2024 17:11,On Time,163.03,Card
5678676134,76917159,9/21/2024 15:30,On Time,1292.08,Card
5045588926,67092149,7/4/2023 16:03,On Time,2558.43,UPI
1677502866,24644542,1/18/2024 8:32,On Time,83.18,UPI
4777610024,81808190,5/25/2024 3:32,Slightly Delayed,1801.32,Cash
477350788,3638834,10/12/2023 5:02,On Time,941.19,UPI
4616699342,11446157,4/16/2023 7:19,On Time,277.2,Card
8849914077,32527479,1/30/2024 0:01,On Time,3890.81,Wallet
9183435457,25722990,10/21/2024 23:54,On Time,2131.39,Card
6922646336,92416428,6/23/2023 23:49,On Time,3777.74,Cash
3228806806,70543108,6/29/2023 8:21,Significantly Delayed,1475.75,Wallet
4893095476,21409946,10/4/2024 21:08,Slightly Delayed,2376.4,Card
7773468233,22210238,10/5/2023 8:15,On Time,2685.53,Wallet
5928657526,22076522,10/14/2023 12:34,On Time,2020.58,Card
4435936422,47206881,12/1/2023 19:44,On Time,1250.93,Wallet
6031122324,28603182,6/25/2024 15:25,On Time,3472.94,UPI
7286969496,75913572,6/21/2023 15:49,On Time,2193.54,Card
4665508413,77035814,11/2/2023 1:31,On Time,2902.2,Cash
9224598372,50015282,3/31/2024 13:19,On Time,3973.73,UPI
842020543,99231937,8/14/2024 11:06,On Time,1387.32,UPI
7237143327,96253172,6/9/2023 20:54,On Time,1430.36,UPI
5095141954,1469696,8/5/2023 8:19,On Time,3229.91,Card
6229535077,77869660,4/1/2024 5:57,On Time,2219.96,Cash
2984879441,16379942,4/22/2024 7:45,On Time,736.92,Cash
785895477,11389698,3/19/2023 18:55,Significantly Delayed,397.68,Wallet
6220343481,79895967,6/2/2023 23:01,On Time,3373.51,UPI
5897343054,52815265,3/21/2023 4:16,Significantly Delayed,171.2,Card
60465,15808945,10/23/2024 5:23,On Time,589.47,UPI
2245476104,8628482,6/1/2023 9:19,On Time,3898.9,Wallet
6347292505,83597876,6/24/2024 19:43,Slightly Delayed,951.43,Cash
8321900643,1655637,10/31/2023 21:33,On Time,3517.14,Card
9639033064,20314691,8/15/2024 21:12,On Time,3291.28,Card
2748368258,92404798,8/3/2023 23:54,On Time,870.29,Card
1444371693,9274874,5/6/2023 8:21,On Time,869.55,Card
7111342746,35459748,10/19/2024 15:38,On Time,2441.75,Card
9457576236,80800079,11/29/2023 18:09,Slightly Delayed,826.21,UPI
4167252733,70589930,11/27/2023 16:52,On Time,878.07,Cash
4304875010,89995124,1/27/2024 5:15,On Time,1994.43,UPI
4870910859,88532418,7/4/2023 4:47,On Time,1609.67,Card
3674118222,32868927,7/25/2024 7:34,Slightly Delayed,634.28,UPI
38408517,39674723,11/26/2023 8:38,Significantly Delayed,88.43,Cash
3081609596,7076456,4/9/2023 4:16,On Time,3555.24,Card
1390229631,67952740,8/7/2023 7:39,Slightly Delayed,959.01,UPI
7498092418,50968312,10/12/2023 11:56,Slightly Delayed,918.36,Cash
3334055527,79298972,4/18/2023 12:19,On Time,1874.14,Cash
8729426842,37904682,6/7/2023 3:07,On Time,2010.82,Wallet
1722808791,51014003,5/16/2023 12:18,On Time,4509.16,Cash
9775070757,55042740,3/15/2024 6:50,Slightly Delayed,1717.21,UPI
4737779056,43980719,8/8/2024 23:52,On Time,785.67,Wallet
2047483376,11493380,10/15/2023 15:42,On Time,4363.62,Card
4758632331,34853377,9/6/2023 3:07,Significantly Delayed,329.79,UPI
4741574337,40841791,2/9/2024 1:49,On Time,3284.15,Cash
5805120939,12277039,7/10/2024 12:50,Slightly Delayed,3209.77,Wallet
7550508,93127511,10/20/2023 10:54,On Time,1067.68,Card
1966056265,63802820,8/11/2024 4:52,On Time,3447.86,Card
6363072906,29095552,7/8/2024 15:33,On Time,1191.83,Card
7389054351,25585013,12/22/2023 6:50,On Time,3840.78,Cash
7146572423,80954112,6/1/2023 18:32,On Time,3748.84,UPI
4590810848,20298398,5/24/2023 12:11,On Time,2867.36,Cash
9226364404,29858395,11/22/2023 23:38,Significantly Delayed,2455.82,Wallet
6687792641,93924203,5/20/2024 6:53,On Time,1545.05,Wallet
5183577434,2134827,1/3/2024 19:52,On Time,805.28,Card
7440785414,72132838,11/1/2023 8:29,On Time,4073.91,UPI
7932057095,73363613,9/20/2023 3:04,On Time,1009.42,UPI
6126906924,33675108,12/1/2023 22:19,On Time,505.31,Card
8997788831,72495274,3/23/2023 23:23,On Time,2656.18,Card
3480516243,23567263,8/5/2024 23:53,On Time,2854.52,UPI
1234692850,76971644,3/19/2024 5:50,On Time,310.69,UPI
4954911880,82359623,4/9/2023 3:59,On Time,2079.76,Wallet
504060154,55060796,7/18/2023 20:40,Significantly Delayed,1828.77,Card
8723752267,13494314,7/9/2024 3:05,On Time,3290.63,Card
5724116944,93938425,6/20/2024 20:28,Slightly Delayed,3853.5,Cash
8161349145,19080489,3/12/2024 10:56,Slightly Delayed,3929.07,Cash
2985254380,73377004,11/4/2023 5:17,On Time,2389.3,Cash
9837170359,42723554,4/12/2023 8:37,On Time,1785.4,Card
3915323515,32987624,9/11/2024 0:36,On Time,3105.35,Card
8829163586,11387110,1/16/2024 6:39,On Time,2922.5,Card
961526405,63083547,10/10/2024 13:33,On Time,1022.7,Cash
5792721465,49617892,10/18/2024 4:31,On Time,4645.02,Card
8094117960,95018817,4/4/2023 10:06,Slightly Delayed,1473.88,Cash
9318325652,89986926,4/12/2024 11:16,On Time,1967.45,UPI
852676412,65570302,8/11/2024 14:07,Slightly Delayed,3996.42,Wallet
6487883093,37309023,10/19/2024 1:28,On Time,423.56,Card
5398965602,99412119,6/9/2024 5:12,Slightly Delayed,2721.96,Card
6149664144,52678787,10/21/2024 2:14,Significantly Delayed,3045.23,Card
6231586256,12755730,5/3/2023 23:11,On Time,1467.19,UPI
4598622116,85518832,3/19/2024 6:18,Significantly Delayed,2982.31,Cash
8971796779,21786873,7/3/2024 7:25,On Time,1673.85,Wallet
2148246883,93563435,9/21/2023 8:05,On Time,2742.01,Card
4357632507,6150721,9/13/2024 2:31,On Time,923.84,Cash
3323576462,20163931,12/10/2023 23:24,On Time,2160.52,UPI
4220834107,74682740,9/29/2023 21:58,On Time,422.14,UPI
4409513224,12814732,10/26/2024 17:06,Slightly Delayed,947.24,Card
5610159677,90184276,8/31/2023 12:25,On Time,1883.53,Wallet
6259219127,21577948,5/12/2023 21:31,On Time,2162.88,Card
5628497118,50229203,10/24/2024 8:05,Slightly Delayed,2543.92,Card
1508576390,81541985,7/27/2023 8:37,Significantly Delayed,1407.4,UPI
5922953060,96628029,9/13/2024 18:08,On Time,1867.74,Card
5130838561,10524732,7/26/2023 19:47,On Time,319.8,Wallet
3217749279,40643232,9/29/2023 4:16,On Time,995.64,Cash
9279422297,15043066,4/7/2023 10:39,On Time,2129.39,Card
222955546,51661209,9/27/2023 18:47,Significantly Delayed,123.3,Wallet
8290493339,69340015,1/29/2024 17:37,On Time,316.02,Card
6418952352,34381941,8/31/2023 15:44,On Time,2310.95,Card
8978231928,73799927,10/30/2024 16:12,Slightly Delayed,1938.5,Wallet
3746306403,47625855,7/3/2023 1:48,On Time,2987.17,Wallet
3157198428,61753272,10/30/2024 5:05,On Time,635.77,Cash
981939883,51119088,5/3/2023 16:43,Slightly Delayed,3449.49,Cash
6569836274,5228136,6/24/2024 17:12,Slightly Delayed,939.55,Cash
5695124358,90144978,5/16/2024 5:05,On Time,1927.44,Cash
773335066,26935187,7/24/2023 21:59,On Time,2980.84,Card
3618712852,27049432,10/14/2023 5:20,On Time,3254.15,Wallet
6009732867,6982488,8/2/2024 7:29,On Time,2793.26,Cash
7269785858,47939657,8/4/2024 3:58,On Time,2799.31,Cash
5798831066,42102289,4/16/2024 21:48,On Time,1395.01,UPI
5330654120,90299101,11/3/2024 3:47,On Time,2238.94,Wallet
462189338,34755436,9/4/2023 3:35,On Time,3958.23,Card
7536187765,19091057,4/15/2024 19:33,On Time,4205.85,Cash
9938820107,27304727,11/7/2023 10:46,On Time,3090.23,Cash
9410751894,44859592,7/25/2024 6:19,On Time,755.91,Cash
9172888683,71956734,6/18/2024 1:08,On Time,308.31,UPI
8018695018,68419593,5/4/2023 0:11,Slightly Delayed,651.93,UPI
7456610316,74231111,7/3/2024 5:52,On Time,4217.75,Wallet
5627902734,69415494,3/16/2023 19:11,On Time,3265.08,UPI
5189768940,50045027,10/5/2023 8:20,On Time,530.85,Cash
173709007,43034188,10/9/2023 3:17,Significantly Delayed,2685.03,UPI
1485229334,17132416,7/19/2023 5:19,On Time,2966.09,Card
9334479603,49147776,4/16/2023 20:15,On Time,2248.31,Card
8674211510,10562528,9/1/2023 10:58,On Time,1028.49,Wallet
390257855,5228136,4/22/2023 18:15,On Time,2763.17,UPI
6642374542,32019725,8/30/2024 20:29,On Time,4537.51,Cash
6585999443,93730857,6/10/2023 6:26,On Time,354.52,UPI
622705569,93723634,7/7/2024 9:20,On Time,990.34,Card
1635083835,79135318,9/27/2023 8:43,Slightly Delayed,2104.24,Card
7359512417,96511007,8/30/2024 6:37,Slightly Delayed,1010.15,Card
9237698013,79895967,8/15/2024 20:42,On Time,2101,UPI
3492935177,3660263,3/24/2024 0:55,On Time,899.58,Wallet
4324086468,68486301,2/25/2024 4:33,On Time,3675.75,Card
9171218505,89968482,5/31/2024 15:09,Significantly Delayed,4727.19,Cash
5068157547,46741896,10/10/2023 13:05,On Time,3073.17,UPI
8558710948,70459847,6/21/2024 18:44,On Time,3199.48,Wallet
3184669775,71643758,5/13/2024 2:47,Significantly Delayed,4406.88,Cash
7079324691,38902193,4/4/2023 9:05,On Time,1955.04,UPI
4210311922,56195475,5/17/2023 20:54,On Time,340.36,UPI
7660037070,82585664,2/16/2024 20:58,On Time,2558.05,Wallet
9410025634,59643062,1/28/2024 3:08,On Time,3566.13,Card
6798589010,18035010,9/27/2023 15:18,Slightly Delayed,935.2,UPI
5401466202,12305040,9/26/2024 19:49,Slightly Delayed,4220.5,Card
9102648124,81533356,1/6/2024 15:27,Slightly Delayed,2393.42,UPI
1969956670,32203588,10/24/2024 1:26,Slightly Delayed,730.66,Wallet
1194228460,61516967,3/11/2024 16:11,On Time,4057.11,Card
9628463148,12814732,8/25/2024 16:54,On Time,4238.73,UPI
7745364283,25585013,6/18/2023 18:50,On Time,722.02,Wallet
9892343037,55472026,7/31/2024 2:40,Significantly Delayed,879.67,Cash
1588828749,11540364,11/17/2023 13:40,On Time,3402.86,UPI
4037647778,63802820,3/17/2023 5:37,On Time,1697.37,Wallet
6664301655,57474553,7/31/2023 1:34,On Time,4469.96,Wallet
7096225581,6319646,6/27/2024 13:54,On Time,2458.6,Wallet
79029185,39645619,6/6/2024 13:46,Slightly Delayed,1039.32,Cash
7831967187,81528623,6/6/2023 0:47,On Time,923.84,Card
482214790,31156674,4/10/2023 5:37,On Time,631.7,Wallet
5931307224,2361575,11/27/2023 8:46,Significantly Delayed,4401.93,Cash
6410432854,28995786,11/23/2023 13:40,Slightly Delayed,831.1,Wallet
6124624375,26844216,9/12/2024 4:06,Slightly Delayed,2750.43,Wallet
8992870838,46504355,9/17/2023 6:19,On Time,2952.73,Cash
8377146126,33331259,2/27/2024 17:32,On Time,3171.87,Wallet
7852428533,9246851,6/5/2023 6:19,Slightly Delayed,895.48,Wallet
9258876870,26303194,3/14/2024 16:02,On Time,1155.09,Wallet
6810940082,84953008,11/2/2023 14:40,On Time,1995.03,Cash
3330538479,98246574,1/23/2024 16:21,On Time,2408.31,Card
7270469981,22210238,7/28/2023 3:37,On Time,4419.3,UPI
5636241570,94281220,6/21/2024 20:13,On Time,482.06,UPI
4467471002,74179536,11/27/2023 13:08,Significantly Delayed,1496.97,Wallet
6201821502,45166203,5/3/2024 13:04,Slightly Delayed,1548.37,UPI
6144140039,66233704,3/22/2024 18:58,On Time,223.27,Cash
3310749597,95372766,7/5/2023 4:10,Slightly Delayed,1718.88,Cash
5085488484,67215939,12/9/2023 11:46,On Time,3736.39,Cash
587498345,69863493,6/28/2024 3:45,Slightly Delayed,3056.03,Cash
5136205193,82804543,8/22/2023 7:04,On Time,1273.97,Card
9321319130,48943848,12/31/2023 11:47,On Time,1466.04,Card
9113393578,82359623,12/9/2023 0:01,On Time,1634.71,Cash
3860678807,65488134,4/19/2023 14:13,Slightly Delayed,1834.92,Card
3603683788,31026200,8/18/2023 9:47,On Time,3085.77,UPI
4472082279,41181125,10/15/2023 4:30,On Time,3887.92,UPI
4104732514,35156679,6/13/2024 19:44,On Time,1358.46,Cash
9050314096,75510747,5/26/2023 7:15,On Time,883.44,Wallet
9296105870,77614510,2/21/2024 17:03,On Time,697.26,Wallet
4678456188,21701991,12/12/2023 12:42,Significantly Delayed,3601.48,Card
812386333,72605638,9/18/2024 10:20,On Time,1207.74,UPI
8100314462,15345667,2/10/2024 14:36,Significantly Delayed,3322.54,Card
781509952,41878908,4/2/2023 18:57,On Time,3133.36,Card
1918416669,99695529,5/8/2023 22:55,On Time,4309.86,UPI
1152165724,90448312,1/4/2024 10:15,Significantly Delayed,1243.42,Wallet
9664390656,16420489,8/9/2023 9:21,On Time,3445.68,UPI
2686950796,22081691,5/15/2023 8:13,Significantly Delayed,3339.57,Cash
7332801173,89472859,6/12/2023 14:45,On Time,2144.77,Cash
3503438244,24745800,2/14/2024 1:04,On Time,3086.21,Wallet
4044591373,65782437,4/19/2024 14:16,On Time,1042.86,Cash
7817195618,40703374,5/16/2023 23:58,On Time,2901.47,Card
8974710941,96109948,9/3/2024 4:46,Slightly Delayed,1827.41,Card
2811268404,98691989,7/21/2023 16:42,Significantly Delayed,2599.65,UPI
7251548462,8955057,7/7/2024 17:24,On Time,1796.47,UPI
352037003,47955004,1/28/2024 3:46,On Time,2839.76,Card
8510312737,89361574,3/6/2024 14:58,On Time,2119.66,Wallet
3242700095,84468124,10/14/2024 1:14,On Time,1838.81,Cash
5833898647,18256339,10/9/2023 8:46,On Time,4095.44,Wallet
7212771842,80315623,4/29/2023 21:57,On Time,4306.01,Cash
7799757050,19556566,5/31/2024 20:17,On Time,3377.8,Cash
9593303695,22054087,7/5/2023 11:15,Slightly Delayed,1291.17,Cash
7709693536,59353207,9/5/2023 19:40,Slightly Delayed,1440.87,Card
5092922964,92123198,11/22/2023 14:16,On Time,2986.95,UPI
8318806722,67696145,7/25/2024 12:29,Significantly Delayed,4507.49,UPI
4352870279,60620291,7/23/2024 14:04,Significantly Delayed,2821.85,UPI
6722040962,83412446,11/14/2023 2:28,On Time,2739.45,Card
1690831615,20625627,5/25/2023 17:46,On Time,1465.71,Cash
6475689021,16341776,5/20/2023 20:52,On Time,1036.38,Cash
8361280131,28280172,9/21/2024 0:07,Slightly Delayed,2583.14,Wallet
2664549359,90586443,6/17/2024 9:06,Slightly Delayed,644.8,Wallet
9510912773,9274874,5/7/2023 10:04,On Time,310.69,UPI
3654462337,35826539,9/23/2023 3:12,Slightly Delayed,3741.32,Card
2308652017,54877984,8/8/2023 15:02,On Time,2378.27,Card
8300200841,58214883,3/15/2024 15:34,On Time,1243.72,Card
5027243163,85072416,3/19/2024 12:55,On Time,2522.68,Card
713290065,42227189,11/5/2023 11:13,On Time,3218.36,UPI
2006434350,20956158,6/24/2023 15:43,On Time,988.35,Wallet
6587221270,20496835,12/23/2023 0:58,On Time,1596.47,Wallet
969705468,25447967,1/6/2024 20:16,On Time,1772.45,UPI
4492000627,63262519,5/30/2023 10:49,On Time,962.81,UPI
977290328,14428954,12/14/2023 10:22,Significantly Delayed,4122.35,Cash
8735245723,33331259,7/4/2023 15:53,On Time,114.52,Wallet
6299539090,80796977,8/30/2024 0:55,On Time,3665.54,Cash
2177211652,15808945,6/29/2023 22:32,Significantly Delayed,160.07,UPI
8972569491,72366758,11/26/2023 12:35,Significantly Delayed,1678.35,Cash
7658414712,54216497,9/14/2023 17:57,On Time,2373.52,Wallet
2069355540,98540377,7/27/2024 16:24,On Time,1677.93,Cash
4084790776,75674671,9/9/2024 14:15,On Time,2732.87,UPI
8716008121,38613642,12/21/2023 13:58,On Time,4747.65,Card
9781965606,8164639,7/12/2023 16:39,On Time,1216.28,Cash
8380133046,40392019,2/5/2024 17:25,On Time,1587.58,UPI
691827543,6637282,4/15/2023 13:23,On Time,889.75,UPI
5750245858,41146001,4/7/2023 0:49,Slightly Delayed,1009.47,Cash
1578150657,32054313,10/16/2024 6:10,Significantly Delayed,2462.7,Wallet
9069556587,41811800,2/29/2024 11:58,Slightly Delayed,854.66,Card
8396347551,36737539,9/30/2023 19:12,On Time,3956.37,Cash
6083487488,11143197,3/11/2024 3:23,Slightly Delayed,2226.74,Cash
3191281184,67538982,7/1/2023 16:09,On Time,1663.96,Card
6397409024,12059049,1/3/2024 8:18,Slightly Delayed,3874.95,Cash
9021529086,12272282,3/16/2024 18:58,On Time,2280.99,Card
8214544415,56780331,12/28/2023 17:28,On Time,3542.65,Card
8569302709,7378768,10/7/2023 19:29,On Time,309.62,Card
2219192870,41155125,1/18/2024 1:38,Slightly Delayed,883.44,UPI
8537081061,57956497,8/16/2023 1:03,Slightly Delayed,2333.58,Wallet
9284683425,30755306,5/16/2024 6:40,On Time,2256.38,Card
9774193601,19523014,5/30/2023 10:59,Significantly Delayed,5245.35,Card
7496826261,21658322,11/17/2023 5:25,On Time,2371.62,Wallet
1058749075,51592174,8/26/2023 23:09,On Time,1837.92,Cash
7128038799,6724509,3/10/2024 18:26,On Time,2041.18,Card
3596318350,59398136,10/13/2024 9:36,On Time,2579.76,Cash
3187042843,8651281,1/1/2024 20:55,Slightly Delayed,1373.43,UPI
4673500573,59620534,10/15/2023 14:42,On Time,3831.31,Cash
881900445,34567918,8/6/2024 2:06,On Time,215.65,Card
9874112459,12799092,9/26/2024 23:24,On Time,80.25,Cash
4531430634,32585389,5/17/2023 6:11,On Time,4039.16,UPI
6715699166,76987910,8/1/2023 19:08,On Time,1919.23,Cash
4171748538,63083547,7/6/2023 22:46,On Time,601.9,UPI
4093115982,10508763,5/24/2023 17:04,On Time,2022.07,UPI
2515279840,21573815,12/24/2023 1:39,On Time,2843.77,Cash
4981424948,79628054,10/13/2024 22:25,On Time,738.74,UPI
1911064507,40055711,2/27/2024 17:56,On Time,4031.66,UPI
6438392384,29562072,9/14/2024 20:08,On Time,999.78,Card
5859840400,5754255,10/21/2023 23:48,On Time,647.86,UPI
7640576778,83236183,2/13/2024 17:38,Slightly Delayed,5011.05,Card
5453475937,1719710,9/18/2023 12:08,On Time,3217.91,Cash
653610300,78394303,4/24/2023 3:31,On Time,1829.29,Wallet
730299055,16400639,10/21/2024 18:07,On Time,2760.39,Wallet
8396250231,46088132,2/26/2024 3:07,Significantly Delayed,242.57,Wallet
8556969682,48228547,5/21/2023 5:59,On Time,2606.53,UPI
7159670875,37691544,6/22/2024 9:14,Significantly Delayed,1405.86,Card
4922278509,76533277,5/31/2023 7:00,On Time,2552.45,Wallet
8151274002,91550885,6/15/2024 15:52,On Time,2737.59,Cash
5373978100,82179338,1/16/2024 16:39,On Time,2675.69,Wallet
6210207010,1601161,6/27/2023 8:18,On Time,1553.52,UPI
1837403174,84993732,5/3/2023 21:32,On Time,849.48,Card
1148265823,21809858,10/29/2024 8:25,On Time,1198.97,UPI
8472487149,74761384,2/12/2024 5:29,Significantly Delayed,1484.96,Cash
9111535172,9274874,5/8/2024 17:42,On Time,354.52,Wallet
6558001978,88520326,2/19/2024 15:05,On Time,1177.64,Cash
2762095386,84066402,8/11/2024 16:29,On Time,786.85,UPI
2406325099,31718565,11/13/2023 22:39,Significantly Delayed,1623.98,Card
4274182127,22020776,9/26/2024 16:46,On Time,4992.15,Wallet
7271609994,11616535,4/25/2023 20:58,On Time,3007.32,UPI
9182539734,66359719,7/6/2023 15:35,On Time,1557.06,Cash
7891517071,78412820,1/31/2024 17:11,Significantly Delayed,2474.5,Cash
3666182849,63793401,11/3/2024 11:37,On Time,856.05,UPI
8724590445,10729474,6/2/2023 15:59,On Time,1934.86,UPI
7919863938,4378755,8/29/2024 23:35,On Time,1024.37,Card
3545539999,49449238,1/8/2024 15:59,Slightly Delayed,3469.35,Cash
7463392603,46684081,2/11/2024 9:20,Significantly Delayed,1131.6,UPI
7296733293,86715467,2/9/2024 3:46,Significantly Delayed,3845.82,Card
7118924734,66310963,10/10/2023 5:21,On Time,3580.46,Card
2529809156,71905368,5/21/2024 14:38,Significantly Delayed,2728.49,UPI
2216699744,5540556,6/14/2024 2:41,On Time,939.55,Wallet
8257221712,5277675,10/7/2023 4:05,Significantly Delayed,140.8,Cash
1357352531,9246851,6/7/2023 13:43,On Time,4202.96,Card
2108138590,67918495,11/8/2023 12:59,Significantly Delayed,1181.36,UPI
5648212121,37633848,12/28/2023 0:03,On Time,3820.42,Wallet
3951878528,28458746,12/23/2023 1:02,Significantly Delayed,372.99,Card
8310385249,97315135,7/29/2023 19:09,On Time,1439.56,Cash
7513562596,88130777,7/5/2024 9:03,On Time,909.62,Cash
6304586678,38496400,9/25/2023 15:08,On Time,1823.12,UPI
5222812863,65294340,4/11/2024 2:15,On Time,1608.38,UPI
5393039591,40419593,10/4/2024 7:41,On Time,225.21,UPI
6708586922,91072336,5/23/2024 16:52,Significantly Delayed,1435.7,UPI
3177552965,99231937,5/17/2024 13:22,On Time,3176.5,Wallet
607125614,55425478,5/6/2024 11:07,Slightly Delayed,3303.42,Cash
139417019,75566105,7/9/2023 20:06,On Time,561.59,UPI
1893231742,51661209,10/19/2024 4:23,On Time,4078,Cash
3580010065,95590889,5/9/2023 2:49,On Time,3658.91,UPI
962319394,44723662,8/22/2023 0:07,Slightly Delayed,1246.94,Cash
8321726382,82918668,4/15/2023 13:22,On Time,1787.9,UPI
1485682761,70363568,10/3/2023 19:11,On Time,217.5,Card
5008756947,73661993,8/26/2023 16:15,On Time,504.2,UPI
1334996274,11493380,7/10/2023 16:09,On Time,1261.7,Wallet
2914506024,31940833,2/27/2024 16:10,On Time,2230.61,UPI
8811831663,74682740,4/11/2023 1:17,On Time,1254.05,Wallet
875427533,10686446,3/27/2024 11:56,Slightly Delayed,2505.6,Card
5865390748,30042971,10/1/2024 3:21,On Time,3835.46,UPI
4054828941,99893898,12/15/2023 21:50,Significantly Delayed,2497.98,UPI
1257568604,9981089,9/28/2023 17:25,On Time,1937.41,Cash
2738862626,56572297,1/21/2024 4:31,Slightly Delayed,2563.4,Wallet
7352532839,9738801,2/28/2024 19:04,On Time,2184.8,Card
520221662,53025962,7/20/2023 19:20,On Time,3252.54,Wallet
7818925535,45477575,11/2/2023 9:59,On Time,2912.9,Wallet
3476023750,43990799,6/2/2023 20:43,On Time,3505.44,Wallet
8945838922,13415362,5/22/2023 9:43,On Time,1609.53,Cash
2233053313,15830066,10/14/2023 20:23,On Time,2419.41,Cash
1844073851,38808614,2/6/2024 8:44,On Time,3496.85,Card
8348125769,29584848,12/8/2023 18:15,Slightly Delayed,3498.69,UPI
8475818223,12832151,11/16/2023 4:11,Significantly Delayed,3876.19,Card
4270941188,47274329,1/13/2024 9:26,On Time,1781.72,Wallet
2611200126,91448742,5/12/2024 2:52,On Time,469.82,Wallet
8573833987,12988801,2/11/2024 13:33,On Time,4027.79,UPI
2979246068,61763552,2/23/2024 2:42,Significantly Delayed,2722.28,Wallet
6779895105,64535602,9/10/2024 12:43,On Time,3231.88,Cash
1731478314,67215939,7/30/2024 5:14,Slightly Delayed,4467.79,Card
3692405872,41878908,7/31/2023 12:17,On Time,941.19,Wallet
8853713324,58505903,8/7/2023 1:57,On Time,1163.18,Card
979766779,57081917,4/23/2024 22:02,On Time,2428.41,Card
5709672475,16543242,8/14/2023 2:30,On Time,895.76,UPI
3855709201,13651980,4/23/2024 22:23,Slightly Delayed,1013.9,UPI
6861065282,57523973,8/18/2023 18:41,Slightly Delayed,310.69,UPI
7919724613,81200164,3/21/2023 15:25,Slightly Delayed,2379.82,Cash
7882742057,32293017,7/26/2024 15:41,On Time,612.04,Card
1929002406,67538982,12/25/2023 21:38,On Time,2088.54,Cash
2458349464,99714944,4/6/2023 12:40,On Time,888.12,Wallet
6608328221,76020843,7/4/2023 15:36,On Time,2880.22,Cash
7736615348,84161531,12/6/2023 20:58,On Time,2063.11,Wallet
2591738507,14705462,10/31/2024 7:36,On Time,4675.99,Card
6751537971,98444183,7/19/2024 6:03,On Time,307.23,Card
9768154003,88045094,1/23/2024 3:50,Significantly Delayed,697.53,UPI
5887288860,40587811,3/1/2024 21:18,On Time,3395.38,Cash
3559865135,66310963,1/7/2024 15:10,Slightly Delayed,2680.81,Wallet
209044447,2058037,10/5/2024 0:02,On Time,1039.47,Cash
9643668734,34835738,5/18/2024 13:05,Significantly Delayed,2292.32,Wallet
6115465612,12338529,9/28/2023 12:41,On Time,3025.66,Wallet
8493723088,20238921,12/30/2023 6:17,On Time,2918.27,Cash
6392024503,75640174,9/5/2023 2:48,On Time,4108.93,Wallet
9863468109,73363613,1/28/2024 4:18,On Time,1394.71,UPI
5448628635,21658322,5/7/2023 13:19,On Time,545.35,Wallet
3329455953,31371112,3/1/2024 5:42,On Time,2339.17,Card
3584190892,60974181,10/17/2023 4:25,On Time,160.07,UPI
9097056321,16424635,4/8/2024 7:50,On Time,2739.54,Card
525741957,88866835,5/3/2023 6:11,On Time,3048.43,UPI
5387395051,37095171,9/18/2024 7:54,Slightly Delayed,1188.35,Cash
6799246060,6245778,11/6/2023 6:10,On Time,764.18,Wallet
8986314607,11047835,8/30/2024 6:54,On Time,3422.97,Cash
1085912198,93198324,3/21/2023 22:45,On Time,4058.84,Cash
3423328091,18935489,9/24/2023 21:34,On Time,1013.23,UPI
9848366909,34281470,11/6/2023 2:40,Slightly Delayed,3636.32,Card
936021770,79960955,2/2/2024 4:58,On Time,2272.86,UPI
8916215165,49806393,8/8/2023 2:28,On Time,3939.8,Wallet
389558867,8375298,9/12/2023 0:13,On Time,212.14,Cash
7616883530,16410155,9/5/2023 1:44,On Time,2182.8,Card
3851744248,61763552,4/30/2023 8:27,On Time,3985.16,Wallet
4953665655,14428954,1/16/2024 22:18,Significantly Delayed,1570.97,Cash
962864152,24357425,7/19/2024 6:35,On Time,1662.02,Card
923668833,47125914,5/12/2023 22:14,On Time,1599.98,Card
4022122330,33871107,12/4/2023 19:25,Slightly Delayed,4022.8,UPI
4564846800,79764458,8/10/2023 0:59,Slightly Delayed,2989.97,UPI
690652905,75289676,4/24/2024 17:11,On Time,3539.79,Cash
716741661,43052303,10/15/2024 6:25,On Time,3850.67,UPI
6575532281,44149982,3/25/2024 1:04,Significantly Delayed,1220.66,Wallet
7486807731,71189232,12/13/2023 13:24,Significantly Delayed,4142.77,UPI
9721870982,79919160,11/12/2023 10:08,On Time,1339.43,Cash
8105823343,16400639,10/15/2023 8:55,Significantly Delayed,3202.58,Card
7113554979,19180962,11/27/2023 4:04,On Time,127.16,Card
507373134,95269737,10/23/2024 14:51,Slightly Delayed,4731.51,UPI
4674132573,98444183,10/21/2024 20:15,Significantly Delayed,2350.69,UPI
487395969,93924203,12/13/2023 17:32,On Time,2619.2,Card
3962007460,93458307,7/31/2024 7:37,Significantly Delayed,1119.19,UPI
2272882287,25641500,7/12/2024 23:06,Slightly Delayed,3442.64,Card
4426246696,88923048,11/22/2023 22:35,On Time,1763.53,Wallet
1714709914,86067293,9/10/2024 12:34,On Time,3458.06,UPI
3159133564,81541985,8/5/2023 8:36,On Time,1824.8,Cash
4531739740,98088303,6/24/2024 4:12,On Time,1748.85,Card
3158981349,92038780,10/25/2023 8:51,On Time,524.67,UPI
1789010378,81533356,7/28/2023 5:08,On Time,2506.08,UPI
705203916,58929595,8/4/2024 20:52,Slightly Delayed,2686.57,Wallet
7255510932,62526813,8/6/2024 11:22,On Time,2241.22,UPI
1991167685,37309023,3/2/2024 13:26,On Time,123.74,Card
5103721089,5135207,8/21/2023 0:30,Slightly Delayed,4045.22,UPI
9674006557,60561655,5/2/2023 13:10,On Time,4406.9,Cash
1073466441,42465414,5/30/2023 9:11,Slightly Delayed,632.43,UPI
5407006470,95364457,5/24/2024 14:58,On Time,1748.85,Card
747347782,6398761,4/25/2023 6:38,On Time,3048.42,Card
8554063149,5039883,6/9/2024 4:26,Significantly Delayed,2713.89,Cash
4855215470,21573815,3/31/2024 7:48,On Time,3499.44,Wallet
5008998072,26245432,1/5/2024 9:11,On Time,4861.34,Wallet
9696466906,40434527,5/1/2024 21:28,On Time,2085.85,Wallet
7189534591,6291143,8/18/2023 15:16,On Time,3354.47,Cash
9965941354,82286725,11/13/2023 19:55,Significantly Delayed,625.45,Card
1275232752,83304571,8/24/2023 7:35,On Time,422.23,UPI
343479370,5043760,5/3/2024 12:35,On Time,1820.87,Cash
2485933387,21573815,7/10/2024 17:30,On Time,1489.6,UPI
6735843326,52085702,10/24/2024 5:41,Slightly Delayed,3348.38,UPI
6384313098,47295676,12/7/2023 2:25,Slightly Delayed,3180.96,Card
1022032613,59436131,12/10/2023 8:16,On Time,2830.88,Card
8026892264,93341057,9/24/2023 14:10,On Time,3867.59,Cash
7158825499,63571453,4/14/2024 21:33,On Time,1275.88,Wallet
5327013494,89418072,4/18/2024 8:19,Slightly Delayed,968.65,Wallet
1002526452,97475543,7/31/2023 23:19,On Time,5001.82,Cash
4650525854,71694275,1/17/2024 10:55,Significantly Delayed,209.59,Cash
6260291784,75038062,7/8/2024 19:24,On Time,359.98,Cash
1884314278,15534747,9/15/2023 23:42,On Time,847.01,Card
7074219396,36737539,5/4/2024 13:09,Slightly Delayed,1474.63,UPI
807183459,76212152,9/5/2023 11:59,Slightly Delayed,3111.71,Wallet
598539940,76970363,7/28/2023 17:31,On Time,2753.61,Wallet
427702490,71607166,1/20/2024 21:29,On Time,891.72,Wallet
955844536,4597433,3/29/2023 12:08,On Time,2719.11,UPI
5397640599,2684440,5/24/2024 20:01,On Time,720.95,Card
3451246886,36774480,5/22/2024 9:25,On Time,2937.69,UPI
8487733248,12500465,4/26/2023 12:34,Significantly Delayed,778.9,Wallet
2921621434,41194825,8/17/2023 21:00,On Time,1380.46,UPI
4757133884,34655710,8/3/2024 13:51,On Time,123.74,UPI
1793847102,93563435,9/9/2024 1:52,On Time,1760.2,Cash
6197760573,5763963,3/27/2023 7:49,On Time,1233.03,Card
6818660907,38420886,7/10/2024 8:05,On Time,1228.81,Card
7807587130,74174956,12/11/2023 13:20,On Time,2515.16,Card
4540563647,79257353,5/14/2023 22:05,On Time,582.87,Card
2480913332,95912198,10/16/2023 13:16,Significantly Delayed,3394.38,Cash
5735481292,85907588,6/17/2024 23:50,Significantly Delayed,2015.59,UPI
7112326373,46848302,5/13/2023 11:18,On Time,3624.08,Cash
614274161,10240052,9/27/2023 9:06,On Time,264.89,Cash
5512258335,1469696,3/23/2024 0:19,On Time,242.57,Cash
1214757247,46675763,9/6/2023 17:44,On Time,3474.87,Card
4211686231,66354642,6/9/2023 4:56,On Time,4088.63,Cash
5288088590,9314637,12/22/2023 7:57,On Time,2440.09,Wallet
1193525681,60399360,9/17/2024 0:09,On Time,1845.59,Wallet
5132095929,96373206,6/29/2024 21:04,Slightly Delayed,4864.21,Card
7703144556,31328762,12/21/2023 5:49,Significantly Delayed,5086.05,Cash
6786199145,21701991,9/4/2024 8:02,On Time,965.78,Cash
2463627380,24644542,8/3/2024 0:58,On Time,2378.62,UPI
6331115638,99729547,7/15/2023 22:06,On Time,4180.33,Cash
9212312136,6959437,12/6/2023 2:27,Slightly Delayed,517.03,UPI
6788500162,48033969,7/10/2024 1:32,Slightly Delayed,329.79,Wallet
2166421384,85218071,5/18/2024 15:43,Slightly Delayed,1861.47,Cash
2744509800,69276352,8/31/2023 10:07,On Time,98.32,Cash
8806260669,15631726,10/17/2023 13:03,Significantly Delayed,275.03,UPI
7773287963,93563435,3/22/2023 2:12,On Time,3262.86,Wallet
8153845667,30192942,8/9/2024 8:44,On Time,4095.5,Wallet
8345887091,54145987,10/13/2024 15:25,On Time,2193.68,Wallet
6638429050,75739462,9/18/2024 7:34,On Time,2413.79,Cash
4132900691,42262168,9/11/2024 0:54,Slightly Delayed,2615.9,Card
2119346062,18259715,7/3/2023 12:44,On Time,217.4,Cash
689310626,69416782,10/1/2024 13:06,Slightly Delayed,1868.3,Cash
9246993674,21701991,11/10/2023 3:43,Slightly Delayed,874.28,Card
2282234185,94706375,7/14/2024 5:45,On Time,2600.22,Wallet
9697170386,48776805,10/7/2024 10:23,On Time,2391.01,Wallet
6376147802,60495351,7/16/2024 21:24,Slightly Delayed,197.39,Cash
7415158732,30192942,1/5/2024 20:01,Significantly Delayed,3310.78,Card
343300311,37095171,8/4/2024 1:20,Slightly Delayed,2120.74,Wallet
3922539531,10048910,9/24/2024 15:36,On Time,1858.86,UPI
7634516705,2058037,10/15/2023 14:39,On Time,2803.07,UPI
8731122718,50572914,4/23/2023 5:36,Slightly Delayed,1980.68,Card
9471236505,5540556,10/5/2024 10:53,Significantly Delayed,2872.87,Cash
9497014025,79764458,11/3/2024 4:48,Slightly Delayed,1475.14,Wallet
592358946,54952806,8/22/2024 1:54,On Time,2564.32,Card
9680783354,20517871,4/9/2023 1:52,On Time,4361.99,Cash
6109792602,20148223,9/13/2023 1:59,On Time,2711.74,UPI
2734817654,6184558,4/12/2023 9:38,On Time,3676.83,Wallet
6380542008,76917159,6/8/2023 17:37,On Time,3087.38,UPI
4784760589,97111069,3/21/2024 3:58,On Time,1639.04,Wallet
1577703194,25641500,4/28/2024 2:35,On Time,1072.62,Card
6758737749,70363568,10/26/2023 1:52,On Time,2635.52,UPI
4081640450,97557157,3/16/2024 16:59,On Time,1137.59,UPI
9258266990,76512976,3/31/2024 7:48,On Time,503.05,Wallet
2109410707,19741509,8/7/2024 20:09,On Time,5477.53,Wallet
576022547,31681710,4/7/2024 5:57,On Time,4924.66,Card
2106943908,27604184,1/28/2024 16:53,On Time,1032.4,Cash
6541281594,51812283,11/18/2023 10:31,Slightly Delayed,486.28,Wallet
2664220988,92091019,5/5/2023 20:23,On Time,3117.45,Card
493514666,12141418,11/20/2023 23:03,Slightly Delayed,1421.52,Wallet
9658669384,29664214,9/6/2023 21:29,On Time,764.69,UPI
8765283513,21461764,2/23/2024 20:01,Significantly Delayed,1738.07,Cash
6421427812,21948041,10/5/2023 1:14,On Time,4518.73,UPI
4467093205,8025622,10/24/2023 12:37,On Time,1067.68,UPI
7560862152,34755436,4/15/2023 8:48,On Time,1409.57,UPI
8218080678,53538932,5/4/2024 18:57,Significantly Delayed,4113.75,Cash
8196173573,59110513,7/17/2024 18:24,Significantly Delayed,2030.37,Wallet
1174856327,10855630,6/16/2024 21:24,Slightly Delayed,2279.72,UPI
9754365788,17805991,12/2/2023 21:33,On Time,532.57,Cash
8398774908,90448312,2/26/2024 19:43,On Time,186.08,Wallet
626433439,41640262,2/17/2024 23:29,On Time,4972.56,UPI
3097299525,80862136,10/12/2023 15:30,On Time,530.85,Wallet
5367488413,18113428,12/12/2023 4:48,On Time,3863.99,UPI
3700795655,47515046,6/10/2023 18:37,On Time,704.1,Card
3161904185,82374625,1/13/2024 14:18,On Time,1241.11,Wallet
8149944548,16436359,7/24/2024 23:07,On Time,3094.56,Cash
4961830447,3408982,9/6/2024 1:36,On Time,2369.49,UPI
613578154,53974737,8/3/2024 4:51,Slightly Delayed,3210.52,Cash
2582466700,65368179,9/10/2024 16:13,Slightly Delayed,976.55,Wallet
3840910839,77869660,9/10/2023 19:54,Slightly Delayed,1732.44,Wallet
399559401,84456355,11/1/2023 19:21,Significantly Delayed,3474.58,UPI
4037817241,48716374,12/19/2023 13:40,Slightly Delayed,1385.27,Wallet
582598096,75213636,10/27/2023 23:11,On Time,1296.1,UPI
9218060399,80286283,10/25/2024 8:35,On Time,4320.63,Card
6650174202,14255231,7/10/2023 3:29,On Time,5263.87,UPI
2715902884,67711384,8/27/2024 3:36,On Time,4064.39,UPI
7957986242,69761993,12/10/2023 10:40,On Time,2007.76,Card
7148568995,30447453,4/6/2023 7:37,Significantly Delayed,1296.49,UPI
670358911,20834589,12/21/2023 10:05,On Time,4368.88,Card
6098277214,46876240,3/22/2023 13:39,On Time,3510.24,Wallet
4621664126,5386246,7/17/2024 12:11,Slightly Delayed,2834.89,Wallet
6336460663,95018817,8/28/2023 6:50,Slightly Delayed,2094.1,UPI
909027635,77214094,6/24/2023 20:36,Significantly Delayed,2667.33,Cash
2854202683,23081177,10/18/2023 18:01,Slightly Delayed,5105.99,Card
7936387697,36998375,3/29/2023 0:26,On Time,3584.24,Card
8337736091,66768157,4/4/2024 0:35,On Time,3301.22,Cash
4404350734,57892837,1/16/2024 16:51,Significantly Delayed,1946.25,Card
6565246127,12455156,5/18/2024 16:03,On Time,821.95,UPI
3494650073,49806393,3/3/2024 22:07,On Time,959.08,Card
1920923798,71189232,5/1/2024 7:47,On Time,887.48,UPI
5069524975,90246977,7/24/2024 1:20,On Time,517.77,Cash
3873368520,53392567,10/4/2023 8:14,On Time,3741.7,UPI
3111414152,56195475,8/1/2024 7:14,On Time,2560.91,Card
7104489974,47618810,6/28/2023 21:55,On Time,3690.39,Cash
3211566084,45383958,2/24/2024 14:06,On Time,1460.67,Card
2416717644,11493300,9/12/2023 18:28,Slightly Delayed,4066.1,Wallet
4535670244,22210238,5/17/2024 8:01,On Time,2266.44,Wallet
7309958460,3282647,1/20/2024 2:48,Slightly Delayed,418.48,Wallet
9996182478,39976965,4/18/2023 13:13,On Time,340.36,UPI
2231942521,15931134,12/24/2023 2:28,Significantly Delayed,2575.76,Wallet
554028972,3421258,9/26/2023 7:50,On Time,1183.85,Wallet
8756001290,85340038,5/6/2023 17:37,On Time,2600.2,UPI
8047899303,11254582,9/28/2023 1:45,On Time,1028.26,UPI
9720683332,87641623,6/23/2024 20:18,On Time,1692.04,Card
218670241,70220141,6/7/2023 3:22,Significantly Delayed,497.09,UPI
1382880255,94078407,8/11/2024 13:26,On Time,2410.88,Card
332975964,99824171,9/21/2023 1:37,Significantly Delayed,2545.55,Cash
2638683222,2457734,10/30/2024 5:28,On Time,887.48,Card
9150146711,54923640,4/29/2024 18:20,On Time,2357.91,Wallet
1553626879,6579892,10/26/2024 14:35,On Time,4260.55,UPI
9271384187,67749649,11/28/2023 3:30,On Time,3778.41,Card
1409544327,86444757,7/13/2024 16:18,On Time,1892.02,Wallet
637100019,62868582,10/23/2023 18:20,On Time,2537.11,Wallet
186083059,67829645,7/1/2024 20:22,On Time,1855.64,Wallet
1804073530,10048910,6/19/2024 17:25,On Time,2824.36,UPI
5291430311,75081265,10/19/2023 19:02,Significantly Delayed,1993.93,Cash
6947225582,89051578,4/3/2024 8:47,On Time,475.04,Cash
5710643134,38420886,4/16/2023 16:59,Significantly Delayed,634.18,Card
8329733630,46717997,3/4/2024 3:52,Slightly Delayed,1816.98,Cash
6772651293,27049432,12/15/2023 18:31,On Time,1303.9,UPI
581212790,21461764,6/29/2024 8:47,Slightly Delayed,3835.87,Wallet
4766571706,71176678,5/5/2023 17:44,Slightly Delayed,397.68,Card
9961298199,37926207,11/27/2023 6:20,On Time,2762.95,Wallet
8102675591,51119088,2/3/2024 22:50,Slightly Delayed,609.82,UPI
604050223,29689766,4/18/2024 8:03,On Time,918.58,Card
782327552,45586151,7/7/2023 19:53,On Time,2751.67,Cash
6156638188,70589930,3/17/2023 4:57,Slightly Delayed,2569.47,Card
6475299855,5238055,10/13/2023 22:08,On Time,3096.82,Cash
689110145,84161531,5/3/2023 6:46,Significantly Delayed,1235.24,UPI
2785467351,59009727,5/12/2024 13:19,Slightly Delayed,2848.42,Wallet
7188270379,86487478,4/15/2024 6:19,Slightly Delayed,5245.33,UPI
9209192342,42227189,3/5/2024 6:50,Slightly Delayed,679.28,UPI
3193016310,58115779,12/2/2023 5:09,Significantly Delayed,803.12,Cash
9743228131,34839913,7/9/2024 8:44,On Time,4156.96,UPI
4417542973,84937877,8/23/2024 11:53,On Time,2434.22,Card
3065857200,82359623,6/26/2024 2:36,On Time,4340.64,Cash
6994732191,35278126,7/24/2023 11:19,Slightly Delayed,4027.04,Card
7663189769,85006599,8/1/2023 12:35,Significantly Delayed,368.54,Card
5012619147,66130660,5/3/2023 10:08,Significantly Delayed,1861.22,Card
7456088789,36737539,4/9/2023 0:01,On Time,3073.92,Wallet
3270559373,13604883,3/19/2023 13:25,Slightly Delayed,2266.96,Cash
4703798183,21597477,12/23/2023 6:48,Slightly Delayed,3135.96,Cash
3968840556,93723634,9/9/2024 22:11,On Time,3002.12,UPI
2331647373,84848018,8/11/2023 6:31,On Time,1263.26,Cash
6683347454,34697768,5/25/2023 15:18,Slightly Delayed,3293.03,Wallet
5710259220,17287733,4/15/2023 15:28,On Time,3128.46,Wallet
9871546057,39418109,5/12/2024 3:34,On Time,976.19,UPI
5459704311,47295676,12/1/2023 10:39,On Time,1092.66,UPI
3426702134,50229203,8/23/2024 9:02,Slightly Delayed,217.4,Card
7671357353,16420489,2/18/2024 16:36,On Time,1968.97,Wallet
9656230693,40305293,4/16/2023 8:23,Slightly Delayed,936.98,Cash
3315369956,9105829,4/21/2023 7:44,Slightly Delayed,3947.39,Card
1762287720,94404245,8/30/2024 7:15,On Time,1498.34,Card
4816206081,36142455,5/12/2023 14:07,On Time,1239.96,Card
2808133351,11071601,12/3/2023 11:14,On Time,2922.68,Cash
3444569396,57967753,9/25/2024 19:12,On Time,2526.45,UPI
9704671447,25977417,12/5/2023 22:44,On Time,3530.03,Cash
6454001692,2136830,9/9/2023 17:10,Slightly Delayed,4369.13,UPI
2624508626,63262519,2/28/2024 0:12,On Time,326.56,Wallet
932273820,17287733,5/6/2024 2:04,On Time,1912.65,Cash
7908614088,12622901,5/14/2023 15:42,Slightly Delayed,6721.46,Card
9730765358,82708090,8/20/2023 21:45,On Time,1354.27,UPI
4748284156,38969732,9/18/2023 20:15,On Time,3484.22,Card
1829286278,45052594,9/27/2023 17:13,On Time,2529.56,Card
3180415318,22076522,7/7/2024 5:06,Significantly Delayed,1790.18,Card
1008158736,62971413,6/10/2024 15:00,Slightly Delayed,814.33,Card
5092816701,89531595,6/3/2024 19:10,Significantly Delayed,2717.67,Cash
4339850858,16230299,10/25/2023 22:24,Significantly Delayed,626.19,UPI
1564040362,93924203,8/1/2023 11:56,On Time,4091.56,UPI
4856827800,43784632,8/20/2024 3:23,On Time,1785.77,Card
2465711187,48511124,3/30/2023 10:56,On Time,2295.91,Wallet
7741314063,32054313,9/13/2024 19:17,On Time,2559.45,UPI
6973696848,21779155,4/23/2023 15:48,Slightly Delayed,2455.38,UPI
443178123,56248757,8/29/2024 0:57,Slightly Delayed,464.47,UPI
2155491764,77869660,8/29/2024 1:12,On Time,1496.14,Card
282887897,97492493,9/19/2023 23:21,On Time,3330.24,Wallet
1014190951,70798876,4/25/2023 16:00,On Time,1856.87,Cash
4632027192,64162093,7/9/2024 2:43,On Time,2036.3,Cash
9196809062,58979427,5/19/2024 2:58,Slightly Delayed,3159.25,Cash
3802671506,55028958,7/30/2023 7:51,On Time,4557.7,Wallet
931138604,38133873,8/24/2023 16:18,On Time,1521.46,UPI
6507222211,46623192,1/15/2024 6:54,Slightly Delayed,3387.81,Wallet
9091185978,4606533,7/22/2023 8:48,On Time,938.72,Wallet
6314310505,42272393,2/16/2024 4:34,On Time,785.67,Wallet
2711467206,21658322,4/7/2023 0:50,On Time,2764.55,Cash
1359318731,72675976,8/27/2024 22:36,On Time,831.43,Wallet
4521042050,99734256,4/25/2024 8:00,On Time,2669.97,Wallet
1317016672,87256913,9/20/2024 23:46,On Time,3869.92,Wallet
7624598493,69516494,4/18/2024 6:44,Slightly Delayed,2629.91,Wallet
1753431230,9048817,3/24/2024 13:44,On Time,3944.12,Wallet
8650539199,41640262,12/4/2023 5:05,Slightly Delayed,1272.55,Card
3276478503,10048910,4/3/2024 14:28,On Time,2477.66,Cash
5080943123,2164524,9/21/2023 13:42,Significantly Delayed,1496.54,Wallet
6158083683,78158536,3/8/2024 17:19,On Time,3096.42,Cash
9228072842,93370787,7/25/2023 6:05,On Time,959.14,UPI
4028432722,77397957,5/21/2024 17:41,On Time,1937.88,Card
3679730192,83404008,7/5/2023 14:27,On Time,2775.88,Cash
71793937,13189939,4/20/2024 23:44,On Time,2269.58,Cash
47467466,55693909,9/5/2023 16:53,On Time,102.44,Wallet
4538136436,18170800,5/23/2023 3:28,On Time,2282.55,Card
8750169461,96989204,9/7/2024 6:42,On Time,4677.25,UPI
9371021811,76850859,10/24/2024 11:37,On Time,1217.12,Card
679274212,91243571,10/19/2024 19:09,On Time,1922.55,Card
6601671674,49136375,7/9/2023 6:22,Slightly Delayed,2353.53,Cash
2708441500,23286884,1/12/2024 21:05,On Time,2396.22,Card
9548480220,82594354,9/8/2023 12:13,On Time,3568.09,Wallet
5440864021,44409533,9/15/2023 7:33,On Time,1988.09,Card
5705224767,3897936,6/2/2023 17:35,On Time,2322.96,Card
9945458771,8733344,8/27/2024 15:06,Slightly Delayed,910.44,Cash
336832815,10769994,12/9/2023 4:14,Slightly Delayed,935.81,UPI
9543126726,24308515,5/1/2024 12:03,Slightly Delayed,2520.83,Cash
5134666123,38613642,5/2/2024 13:28,On Time,887.15,UPI
5663657880,69632084,5/6/2024 11:20,Significantly Delayed,2630.49,UPI
5352647396,49756591,10/11/2023 20:42,On Time,1833.25,Cash
7995172779,40703374,6/15/2023 13:44,Slightly Delayed,438.47,Cash
605779703,8881320,3/7/2024 23:02,On Time,1354.81,UPI
685688121,60371334,10/27/2023 1:01,Significantly Delayed,2302.74,Wallet
5966726971,57833505,9/6/2023 18:01,On Time,2597.42,Wallet
6763510083,4055790,6/7/2023 10:27,On Time,3215.35,Cash
6735813139,90448312,4/4/2023 1:07,On Time,951.27,Cash
8361205778,47274329,6/20/2023 8:36,On Time,2288.64,Wallet
3640952655,50105174,6/1/2023 16:31,Slightly Delayed,1325.12,Cash
6395279829,34588087,10/26/2023 4:59,On Time,3312.98,Cash
339410846,61618079,5/6/2023 15:36,On Time,967.74,Card
8924056486,74172010,4/8/2024 0:45,Significantly Delayed,2577.32,UPI
6616322616,61763552,12/3/2023 10:48,On Time,1998.9,Wallet
4178578583,69340015,9/29/2024 5:23,On Time,858.84,UPI
7558107764,50968312,3/13/2024 22:01,On Time,3414.46,Cash
7894708851,78678612,4/12/2024 1:37,On Time,481.63,Wallet
1916638346,20163931,6/28/2023 17:22,Slightly Delayed,223.49,Cash
4973943462,68341636,10/29/2024 18:19,Significantly Delayed,1903.83,Card
6567129123,66135710,9/9/2023 12:41,On Time,3012.34,Cash
8702642032,23676689,8/22/2023 20:13,On Time,1137.72,Card
7857954356,76864442,1/20/2024 18:49,On Time,2866.57,Wallet
5376218500,24644542,11/16/2023 15:45,Slightly Delayed,888.16,Card
3452449295,71252391,10/9/2023 6:35,On Time,1395.83,UPI
1694826296,12277039,5/9/2023 19:36,On Time,2463.99,Card
9449954611,97111119,8/12/2023 7:24,Slightly Delayed,50.12,Cash
7722059222,63630649,11/16/2023 23:07,Slightly Delayed,4544.95,Cash
2871448124,81091233,5/28/2024 5:42,On Time,1538.55,Cash
4158839033,38969732,9/22/2024 12:13,On Time,1618.32,Cash
9936118648,54885705,3/4/2024 18:42,Slightly Delayed,71.84,Wallet
6804747901,89619421,1/31/2024 2:45,On Time,2389.91,Wallet
7579444448,53354003,6/6/2024 16:01,On Time,491.39,Wallet
4379043082,88167544,5/12/2023 4:35,On Time,831.1,Cash
4212894712,20310720,6/9/2024 14:49,On Time,1512.77,Cash
7962511808,60371334,2/11/2024 10:18,On Time,2861.63,UPI
6478815087,22293666,7/18/2024 8:01,On Time,2516.92,Cash
6239166986,6724509,5/23/2024 6:21,Slightly Delayed,578.85,Cash
9894863460,35826539,3/25/2023 8:37,On Time,3219.23,Wallet
2982638677,48554440,1/13/2024 17:26,On Time,3688.89,Wallet
3284797515,13164195,9/10/2024 3:50,Slightly Delayed,3000.61,UPI
8895501673,15066187,7/11/2023 17:07,On Time,3624.66,Wallet
914992221,90882023,7/27/2023 4:17,On Time,517.77,Cash
2067729457,79916464,9/23/2023 1:34,On Time,1286.82,Cash
5389250154,94179692,9/15/2024 2:36,On Time,2638.02,UPI
4352973016,35912599,10/7/2024 8:49,Significantly Delayed,822.63,Cash
7667555396,13796199,2/3/2024 11:37,Slightly Delayed,5488.33,Wallet
168804744,25128143,10/28/2023 7:21,On Time,3450.59,Card
854218304,84377964,11/4/2023 6:29,On Time,1897.86,Cash
2616618240,12402437,3/14/2024 0:46,On Time,3909.27,Wallet
8891144024,47590944,4/6/2023 20:40,On Time,1286.76,Cash
4606856320,57102800,8/3/2024 7:23,On Time,726.41,Wallet
1876194333,51945420,3/27/2024 8:38,On Time,1630.26,Cash
1471186096,51503088,11/21/2023 2:10,Slightly Delayed,2890.99,UPI
4763556417,91602727,4/1/2023 0:44,On Time,968.94,UPI
5961097387,75474920,8/27/2023 4:34,On Time,2425.77,Wallet
1509646137,31456752,4/12/2024 17:05,Slightly Delayed,4104.67,Card
7533431274,23984022,8/11/2023 15:37,On Time,1728.15,UPI
3598818329,22293666,7/29/2023 3:19,On Time,2790.82,UPI
2561337790,30823988,10/9/2024 7:00,On Time,1213.78,Cash
2359692348,5418547,8/31/2024 0:34,On Time,1914.18,Card
3146098826,12799092,6/20/2024 23:11,On Time,3453.75,UPI
8638050442,52770036,11/16/2023 23:29,On Time,130.18,Card
1833854180,60062501,3/23/2023 7:12,Significantly Delayed,4585.63,Cash
5687148136,32527479,6/24/2023 0:46,On Time,1438.64,Cash
7133253616,14940427,8/14/2024 8:08,Slightly Delayed,4564.38,Wallet
7899569162,90745023,8/15/2023 8:52,Slightly Delayed,1702.84,UPI
6119637917,77961205,6/28/2024 20:45,On Time,1146.21,UPI
4924477011,7333934,1/13/2024 19:20,On Time,3957.29,Cash
577458306,94165062,10/3/2023 7:10,On Time,2931.44,Wallet
1605287230,7076456,8/8/2023 6:37,On Time,3945.48,UPI
5743074720,44828791,2/8/2024 3:10,On Time,40.7,UPI
1645477578,47625855,7/20/2023 7:52,On Time,1617.86,Cash
6231311270,91144803,12/7/2023 18:40,Slightly Delayed,2173.29,UPI
4629648516,93507573,8/21/2023 22:22,On Time,39.65,Wallet
2706229594,81337068,10/4/2024 7:45,On Time,3260.52,Cash
6814009039,10605484,11/3/2023 13:06,On Time,1344.57,Card
5604135912,11478478,8/19/2024 16:21,On Time,4032.27,Cash
766789724,60446619,8/20/2024 23:33,On Time,2837.18,Cash
2727595593,80875034,11/17/2023 1:01,On Time,3069.89,UPI
9887978407,43256928,7/16/2023 13:01,On Time,5037.57,Wallet
6825742544,29689766,2/4/2024 18:41,On Time,901.77,Wallet
7081192087,15529446,7/29/2023 9:53,Slightly Delayed,261.03,Card
3185620074,57526322,8/14/2023 15:30,Slightly Delayed,816.38,Wallet
7162086351,74231111,11/15/2023 1:00,On Time,270.71,Cash
5504768409,84850688,8/7/2023 22:37,Slightly Delayed,2102.5,Card
6721093047,22054087,3/10/2024 14:22,On Time,2875.06,Wallet
1134990529,63971358,7/24/2024 19:01,On Time,2294.08,Cash
4632975114,92409489,5/15/2023 17:15,On Time,508,Card
1471897083,78439088,12/6/2023 21:55,On Time,1831.85,Wallet
6081974624,79764458,3/19/2024 20:30,On Time,1275.19,Card
806680874,14632090,11/15/2023 16:59,On Time,5405.1,Card
8213018419,16640907,4/10/2023 20:32,Significantly Delayed,1078.17,Wallet
4610876894,59485034,8/14/2023 21:47,On Time,4185.1,Wallet
9116180240,17696094,5/23/2023 18:17,On Time,994.56,Card
8916648395,8138417,7/15/2023 16:37,On Time,2209.24,UPI
3626990751,81940369,5/10/2023 19:15,Slightly Delayed,3325.83,Card
2544173358,43295656,11/3/2024 16:41,On Time,3448.92,UPI
3654075570,81906973,6/25/2023 0:32,On Time,2328.2,Card
9846277624,78732957,9/17/2024 13:06,On Time,3983.77,Card
8600159148,64748953,8/15/2023 5:35,Slightly Delayed,3157.47,Wallet
9184012674,54139038,7/20/2024 23:21,On Time,2492.95,Wallet
5842678913,6756256,6/2/2024 11:01,On Time,3908.76,Wallet
6284066457,68341636,3/19/2023 4:24,On Time,3535.59,Card
957188879,88067569,1/12/2024 21:44,On Time,5268.85,UPI
2027766693,91024604,7/17/2023 21:27,On Time,212.61,Card
5201172375,18199057,1/7/2024 13:28,Significantly Delayed,1394.24,Wallet
5211206337,84824280,3/4/2024 19:18,On Time,900.93,Wallet
519985157,35455991,6/7/2023 3:23,On Time,2029.48,Card
2599819074,66310963,5/8/2023 5:51,On Time,2668.26,Card
6564176767,28221067,4/11/2024 11:04,Significantly Delayed,338.14,Cash
5969684091,13604883,12/2/2023 15:45,On Time,2571.47,Cash
8152246475,46989310,4/7/2023 22:30,On Time,1388.41,UPI
1954493018,41612464,8/25/2024 16:15,On Time,1380.66,Wallet
3695589383,91868185,1/13/2024 1:15,On Time,1372.1,UPI
6340807810,57537308,7/12/2024 0:41,On Time,2726.23,Cash
8029845822,90621147,7/5/2023 23:53,On Time,650.2,Card
8208755570,46564935,12/12/2023 21:18,On Time,3751.55,Wallet
9622488249,96629258,6/26/2024 9:26,On Time,1198.32,Card
5410788959,40055711,6/12/2024 10:25,On Time,4301.42,Wallet
7087374685,48268435,9/21/2024 17:43,On Time,799.92,Cash
1469556300,65514005,9/26/2023 23:36,On Time,1070.56,Card
864290652,57392064,10/30/2023 2:05,On Time,1797.36,Wallet
3052167498,92636025,7/24/2023 17:07,On Time,671.55,UPI
8370088792,9107360,5/16/2023 19:30,On Time,1475.02,Wallet
8955500595,58415368,5/7/2023 18:03,Slightly Delayed,2564.44,Cash
6946637946,70372270,2/18/2024 3:58,Slightly Delayed,1456.54,Cash
5461546808,21948041,12/21/2023 13:44,Significantly Delayed,3877.99,Card
9921425481,29653387,5/17/2023 5:10,Significantly Delayed,5288.24,Card
3583323379,10418604,4/3/2024 7:28,On Time,2297.51,Cash
3427534518,73807097,10/12/2024 13:22,Significantly Delayed,724.84,Wallet
9997994965,13796199,12/27/2023 14:02,On Time,2780.28,Card
5015358514,4057678,8/12/2024 20:45,On Time,727.95,Wallet
5769065545,1108176,1/28/2024 20:41,On Time,2822.13,Card
4062815570,98152679,2/24/2024 4:51,On Time,790.64,Wallet
39405769,24621386,4/7/2023 12:46,Slightly Delayed,941.25,Card
9553518696,83304462,7/11/2023 11:05,On Time,1586.15,UPI
8023712979,83701325,5/12/2023 17:29,On Time,547.92,Wallet
1111747100,83236183,7/19/2023 6:27,On Time,2496.85,UPI
3598180305,75836905,8/31/2023 8:47,On Time,1266.29,Wallet
8171660349,79628054,5/9/2024 18:36,On Time,776.24,Wallet
3644704128,39717448,6/1/2024 9:53,On Time,2294.34,Wallet
1254907139,94854830,7/13/2023 4:51,On Time,5351.42,Card
9810593187,46313756,5/19/2023 0:01,Slightly Delayed,215.65,Cash
3205629870,95001589,5/27/2024 18:40,On Time,1943.47,UPI
8608459871,14472401,9/21/2023 17:40,On Time,1327.4,Card
2730458449,13383642,2/10/2024 6:37,Slightly Delayed,633.25,Cash
2807397566,28663279,5/19/2024 10:01,On Time,1361.06,Cash
7217535512,81541985,11/11/2023 22:24,On Time,3067.96,Cash
3321951407,40305293,9/13/2023 12:12,On Time,2431.72,Cash
7189146676,10789681,5/20/2024 18:34,On Time,825.46,UPI
5601251774,96629258,10/10/2024 8:16,Significantly Delayed,5452.58,Card
8884350133,55425478,9/22/2024 20:04,On Time,2062.98,Card
8168306307,98152679,12/17/2023 21:03,On Time,2114.74,Cash
7689275881,54580166,2/3/2024 5:39,On Time,3865.87,Card
6593510732,87266831,9/10/2023 13:51,Slightly Delayed,483.24,Wallet
3066405445,53354003,6/14/2023 8:49,On Time,1378.13,Wallet
5319633841,95364457,5/5/2024 14:34,On Time,325.08,Cash
1113665104,83034412,6/11/2024 22:58,On Time,48.55,Card
8436983782,98896871,10/22/2024 1:59,On Time,1182.33,Cash
1958942711,30643619,5/12/2024 8:53,On Time,2110.06,Cash
6485627928,59769142,9/13/2024 5:34,On Time,2340.3,Wallet
8147959428,31000129,7/23/2024 13:43,On Time,2209.3,Wallet
3697060283,57642258,8/25/2024 1:09,On Time,786.85,UPI
2039437258,20298398,12/12/2023 5:58,On Time,958.05,Card
7655293952,23348269,2/16/2024 7:50,On Time,1666.47,UPI
39791095,625395,4/6/2024 10:58,On Time,480.85,Card
8071046067,33651554,9/28/2024 16:37,On Time,3899.51,Card
2656326203,92356639,11/16/2023 18:30,On Time,4655.33,Wallet
2366866840,99772709,4/22/2023 3:14,On Time,3037.23,Wallet
8227348656,25977417,12/1/2023 17:46,On Time,3738.11,UPI
3917024194,53640286,9/30/2024 20:51,On Time,123.74,Card
3101265,89617089,5/23/2024 3:21,On Time,3567.73,UPI
9907835880,67340606,10/15/2024 15:50,On Time,3163.07,Card
3396210655,52075070,10/24/2023 2:12,On Time,3220.8,UPI
3000018472,24104630,8/18/2024 5:31,On Time,995.98,Card
7166339556,6319646,6/22/2024 7:50,On Time,1441.75,Cash
2194351161,22800586,5/9/2023 11:41,On Time,1104.78,Cash
3224986973,66761643,2/16/2024 7:42,On Time,3040.52,Wallet
6882280967,14472401,9/15/2023 15:55,On Time,532.57,Card
8556188247,46623192,10/5/2023 18:10,On Time,618.09,Card
5236345617,61851054,9/28/2023 1:47,On Time,1760.51,Cash
5153146875,31156674,6/6/2023 8:29,Slightly Delayed,2435.01,Wallet
2011151353,67908555,5/15/2024 3:44,On Time,2920.78,UPI
9880145668,39317905,2/28/2024 16:49,Slightly Delayed,183.76,UPI
2724264210,98687927,10/24/2024 16:22,Slightly Delayed,1784.61,Wallet
871734663,93321933,6/3/2024 1:50,Slightly Delayed,4708.18,Wallet
3883638432,6245778,7/26/2023 3:44,Significantly Delayed,1183.46,UPI
1282422181,188838,2/19/2024 14:40,Slightly Delayed,1116.88,UPI
4500802008,41164215,6/17/2024 5:46,On Time,3437.39,Cash
8209715885,17597449,5/25/2023 15:23,On Time,3093.76,Card
9391482926,56352626,9/12/2023 3:03,Slightly Delayed,1367.96,Cash
7217765772,5238055,7/5/2024 14:03,On Time,1673.94,Wallet
7848556658,97191387,4/27/2024 11:27,On Time,4917.07,UPI
9000851345,81822494,3/10/2024 16:58,On Time,1403.83,Cash
3019634875,58170168,10/29/2024 19:38,On Time,2475.72,UPI
7013612817,22036818,9/9/2023 8:10,Significantly Delayed,3498.93,Cash
59461109,67708491,5/6/2023 13:44,On Time,2017.98,UPI
740245864,45659330,5/18/2023 10:58,On Time,3424.25,Card
8432648823,69364309,5/19/2023 7:31,On Time,3956.33,Card
5863164527,38671747,11/13/2023 17:50,Slightly Delayed,2786.32,Wallet
8615999186,96001315,9/8/2024 20:23,On Time,2559.47,Cash
1743268828,53332493,5/2/2024 18:06,On Time,332.84,Wallet
5475369740,49433260,5/12/2024 5:49,On Time,838.01,Wallet
6520584496,67215939,10/24/2023 5:26,Significantly Delayed,5289.56,Card
3854394048,89531595,10/15/2023 20:31,On Time,2081.91,Wallet
4105779656,58644651,4/2/2024 17:11,On Time,1232.77,Card
5960266785,97419742,11/21/2023 5:59,On Time,3443.16,Wallet
7380998329,96989204,7/29/2023 21:02,On Time,2068.22,Wallet
460625201,26716400,5/17/2024 2:28,On Time,3070.55,UPI
5442705208,38420886,8/27/2024 3:15,On Time,1639.8,Cash
643302284,24153726,5/30/2024 22:57,Slightly Delayed,2883.95,UPI
6141016209,20469626,4/13/2024 18:07,On Time,2161.37,Cash
4058658914,96001315,2/9/2024 9:28,On Time,2294.77,Cash
4731454539,62419778,1/5/2024 6:57,On Time,1777.65,Card
148408710,60565603,1/1/2024 1:57,On Time,423.56,Wallet
3263142674,12455156,1/30/2024 8:20,On Time,229.38,Card
9591201821,38478423,11/12/2023 20:19,Slightly Delayed,1072.81,Card
2227944524,93938425,6/7/2023 8:48,On Time,1805.43,Card
2307375554,95768401,1/31/2024 15:32,Slightly Delayed,1267.61,UPI
8521887524,5961261,4/13/2024 14:08,Slightly Delayed,2256.06,Wallet
3298709387,22321208,7/1/2023 6:00,On Time,3170.94,Card
8608686211,29689766,7/27/2023 5:09,Slightly Delayed,1083.76,Cash
5125482761,89531595,5/28/2023 7:20,Slightly Delayed,2442.59,UPI
7388146343,78806824,9/24/2023 11:44,Slightly Delayed,2748.69,Wallet
7064723322,19259955,10/15/2023 11:44,Significantly Delayed,2618.64,Cash
1766291529,74682740,7/12/2024 18:52,Slightly Delayed,4787.26,UPI
8183491568,85074810,9/15/2023 13:51,Slightly Delayed,280.35,UPI
6419111681,19216141,1/24/2024 10:55,On Time,965.3,Wallet
9193945481,28277304,8/22/2024 19:41,Slightly Delayed,1350.28,Card
3937750618,46504355,8/26/2023 10:11,On Time,2894.09,Cash
2056682923,18940384,5/27/2024 19:41,Slightly Delayed,2549.18,Cash
7229998672,41194825,9/10/2023 20:59,Slightly Delayed,2884.57,Card
7028582657,36578947,11/1/2024 13:48,Slightly Delayed,820.99,Wallet
1732091066,93018527,5/12/2024 10:04,On Time,217.5,Wallet
9389363975,35302195,1/8/2024 5:39,Significantly Delayed,1719.21,Card
9477050930,1449273,9/1/2023 0:03,On Time,1904.93,Card
6808771388,88739922,4/29/2024 17:49,On Time,2555.89,Wallet
7616458551,86294036,5/5/2023 9:21,Slightly Delayed,1534.27,Card
2784959025,59207798,4/7/2023 2:30,On Time,4477.39,Card
2716611235,85626346,2/19/2024 6:09,On Time,2442.24,UPI
3797871396,5712468,12/19/2023 2:07,On Time,2792.89,UPI
5895445193,39093069,9/18/2023 20:11,Slightly Delayed,1401.58,Wallet
5281640953,65396354,5/19/2024 19:05,On Time,166.42,Wallet
9006387145,61226563,7/16/2023 9:59,Slightly Delayed,4408.49,UPI
2015702046,46828932,5/17/2023 6:52,Slightly Delayed,1517,UPI
9260334793,15487049,7/10/2024 6:45,On Time,2371.67,Wallet
5912752928,29562254,12/20/2023 18:21,On Time,2865.64,Wallet
7691723645,93675757,8/4/2024 13:29,On Time,2681.87,Cash
9166904790,57674875,1/19/2024 19:01,On Time,2523.87,Wallet
1668797251,27698051,5/18/2023 0:30,On Time,1926.44,Card
3350348511,2442235,10/5/2023 5:12,On Time,816.38,Cash
2475154947,13760839,1/14/2024 11:00,Slightly Delayed,2982.06,Cash
1348544692,72489544,4/15/2024 17:01,Slightly Delayed,2488.09,Cash
6770208707,8241122,5/1/2024 22:08,On Time,3610.34,Cash
9500356395,99729547,10/29/2024 1:18,On Time,729.04,Wallet
6280233997,1507408,8/23/2023 20:29,On Time,898.19,Card
935645101,63368244,9/27/2023 2:26,Significantly Delayed,2584.5,UPI
3492077995,97466783,6/23/2023 23:55,On Time,2128.53,Wallet
6971044672,68985290,3/21/2024 16:06,Slightly Delayed,2352.04,Cash
9417710958,75892474,9/20/2023 15:55,On Time,1297.95,Wallet
114851727,46875863,10/4/2024 3:16,On Time,1944.29,Wallet
7521503340,65660660,5/30/2024 6:58,On Time,1596.34,Wallet
7709878408,90745023,8/9/2023 17:53,On Time,1449.45,Cash
7941755463,19705695,9/30/2024 9:35,On Time,556.76,Wallet
4540271027,23126356,5/14/2024 3:55,On Time,2499.3,Cash
8022168472,70230254,2/20/2024 22:33,Slightly Delayed,2966.15,Cash
3808358945,78014505,8/26/2023 3:06,Slightly Delayed,2926.42,Wallet
5112444865,45868300,6/6/2024 21:04,On Time,4296.62,Card
9965551056,33658749,6/24/2023 1:59,Slightly Delayed,947.95,UPI
7695708103,51119088,5/16/2024 15:41,On Time,1864.07,Cash
7022728237,21677923,6/3/2023 4:14,On Time,2066.42,Card
2062715135,13197985,8/20/2024 15:38,On Time,1107.38,Card
3287815959,73061709,8/9/2024 19:43,Significantly Delayed,2999.16,UPI
9015471552,23081177,4/13/2024 19:32,On Time,1434.89,UPI
1595123446,30188374,2/27/2024 0:40,On Time,864.3,Cash
4888577440,35237846,5/19/2024 0:42,On Time,2010.17,Card
9039053330,82425179,8/16/2023 10:15,On Time,2077.55,UPI
3091360904,59252433,6/16/2024 4:26,On Time,1758.62,UPI
6821938492,90346920,9/6/2023 16:46,On Time,2645.3,UPI
4553785640,94486311,8/13/2024 16:37,On Time,2646.91,UPI
4005611015,5763963,3/29/2024 23:52,Slightly Delayed,1543.49,UPI
8480910658,73799927,8/28/2023 20:19,On Time,728.73,Card
1922667245,66252737,9/24/2023 16:33,On Time,2382.03,UPI
379758677,54139038,12/26/2023 22:43,Slightly Delayed,1514.31,Card
4903380842,71229024,6/3/2024 5:27,Slightly Delayed,2029.84,Card
9244122658,1588560,3/12/2024 16:42,Significantly Delayed,4095.18,UPI
5054410467,49147776,7/1/2023 12:16,On Time,1031.51,UPI
9877212995,30065862,5/4/2024 1:18,On Time,1394.21,Card
8375236356,22974816,9/22/2023 18:45,On Time,3194.98,Card
2652063230,24144240,11/22/2023 2:11,On Time,154.78,Card
7258243894,72797175,7/14/2024 23:08,On Time,1073.16,Card
5980648426,23982977,12/15/2023 3:26,Significantly Delayed,995.87,UPI
365104159,19581959,11/27/2023 4:56,Significantly Delayed,1770.48,Card
7038005775,49617531,7/2/2023 2:09,On Time,4684.11,Cash
1456792223,80875034,8/13/2024 21:18,On Time,154.53,UPI
6673964264,34526442,10/18/2024 5:43,On Time,4073.52,Wallet
5780280518,74230420,8/23/2024 22:34,On Time,4501.34,Card
6220137166,16485871,12/9/2023 22:09,Slightly Delayed,1135.56,Cash
2615887425,18465047,10/28/2023 19:55,Slightly Delayed,1311.74,Cash
5610987488,85626346,8/14/2023 12:07,On Time,1825.29,Card
6038240765,48002829,5/27/2023 0:19,On Time,1312.62,Cash
5004974422,83660688,7/3/2023 18:13,On Time,1589.73,Card
2349863203,20310720,12/20/2023 21:03,On Time,2752.02,Cash
9487956261,62600289,7/25/2023 7:28,Slightly Delayed,2858.7,Cash
7169945062,32830199,6/14/2023 2:25,On Time,3552.63,UPI
5393866026,13164195,4/10/2023 0:45,On Time,1608.96,Cash
7266772806,79942821,9/6/2024 23:10,On Time,1746.31,Card
2411227007,46875863,6/9/2024 14:40,On Time,1406.39,Wallet
960728650,34526570,4/16/2023 7:58,Slightly Delayed,426.72,UPI
2326500581,24308515,7/21/2024 5:29,On Time,699.45,UPI
9489310879,42989999,10/15/2024 5:22,On Time,1479.13,UPI
2341242955,8228843,1/12/2024 18:22,Significantly Delayed,3830.72,UPI
1023485121,63310076,2/11/2024 17:16,On Time,2017.92,Cash
9742218709,83412446,9/25/2024 13:18,On Time,2931.03,Cash
9039933820,69219122,12/9/2023 15:07,On Time,2739.91,Card
1391881327,50557979,7/1/2024 21:17,On Time,1331.1,UPI
3360648053,2584499,5/15/2023 8:19,On Time,1278.25,Wallet
9758418980,69219122,7/5/2023 11:42,On Time,2212.5,Card
9859459525,67952740,7/13/2023 2:25,On Time,1720.18,Card
6924226309,62526567,9/27/2024 3:45,Slightly Delayed,163.03,Cash
7672052920,20238921,12/7/2023 0:58,On Time,651.93,Wallet
4597359399,57967753,9/20/2024 3:03,On Time,4536.47,UPI
665402174,51557673,4/16/2024 2:03,On Time,4360.12,Cash
3986082657,49152878,2/17/2024 12:37,On Time,2960.99,Wallet
4275746826,44410149,3/5/2024 10:45,On Time,1872.54,UPI
525864604,33651554,3/24/2024 21:04,On Time,5498.39,Cash
4473658819,376144,12/5/2023 0:25,On Time,941.19,Cash
8824559505,88553721,8/14/2024 13:46,On Time,2459.51,UPI
1824646473,51670882,4/2/2023 6:47,On Time,3568.61,Cash
776389097,10797688,2/10/2024 7:33,Slightly Delayed,2232.88,Cash
4908634706,88223261,10/15/2023 22:19,On Time,3086.11,Wallet
3516204561,64562786,9/9/2023 5:31,On Time,3338.89,Card
9510792757,625395,11/4/2023 5:02,On Time,1067.61,Cash
3504903228,31776996,6/30/2023 0:16,Slightly Delayed,3239.13,Card
3438202422,43860025,10/8/2023 15:49,Significantly Delayed,2921.39,UPI
3007616042,77869660,7/14/2024 7:20,Significantly Delayed,3455.69,UPI
4656199468,13581527,10/29/2023 19:29,Significantly Delayed,3086,UPI
6994560237,96109948,7/3/2024 11:16,On Time,2730.52,UPI
8442552565,12851610,11/5/2023 16:16,Significantly Delayed,1850.58,UPI
414299117,41008070,7/28/2023 6:31,On Time,2257.55,Cash
8146956033,44888581,8/10/2024 0:55,On Time,1465.27,Card
7919748594,75213636,9/20/2024 0:30,On Time,1908.42,Wallet
7834171020,52915166,1/4/2024 12:16,On Time,309.62,Card
3735968672,211163,12/22/2023 22:27,On Time,3555.45,UPI
3864051985,31776996,4/6/2024 2:54,Significantly Delayed,4519.31,Cash
8299074079,59930550,6/8/2024 10:14,On Time,645.44,Cash
891333736,96853930,9/24/2023 20:13,Significantly Delayed,2152.26,Wallet
2874220576,99734256,10/4/2023 7:00,On Time,4341.21,Wallet
6375536946,94430842,1/10/2024 12:35,On Time,2163.71,UPI
1966054573,31389750,5/9/2023 11:57,Significantly Delayed,5121.92,UPI
1565942558,40858753,8/4/2024 14:20,On Time,2536.81,UPI
4624281313,11493380,10/22/2024 11:12,On Time,3736.79,Card
6884010758,22210238,4/27/2024 22:17,On Time,4982.72,Wallet
4351744653,9423628,4/3/2023 14:10,Significantly Delayed,3342.15,UPI
8698000932,43519553,5/28/2024 20:20,Significantly Delayed,1441,Card
3844380421,6344345,10/19/2023 12:46,On Time,1515.54,Wallet
7105842598,99707100,8/24/2023 14:49,On Time,5027.5,UPI
8993722297,69088723,7/4/2023 15:54,On Time,1914.81,Cash
2929439019,63858550,10/28/2023 17:21,On Time,377.8,Wallet
1661854320,79169760,9/28/2024 9:51,On Time,2680.38,UPI
3082165628,49617892,5/2/2023 21:32,On Time,3474.38,UPI
1745045814,88532418,11/30/2023 8:45,On Time,3143.65,Card
813387880,92455970,7/8/2023 11:31,On Time,3950.66,Wallet
8189879400,66427343,11/16/2023 4:22,On Time,2078.87,Cash
8465045467,13604883,5/1/2024 5:32,On Time,1239.22,Wallet
9232350528,4055790,10/3/2023 8:17,On Time,894.54,Cash
1728666371,23126356,5/12/2024 12:29,Significantly Delayed,3258.36,Cash
6131815766,65514005,3/17/2023 23:50,On Time,2043.07,Wallet
6438773635,67302239,7/19/2024 3:53,On Time,4912.61,UPI
6912676966,29324437,6/10/2023 13:50,On Time,961.64,Wallet
2840314717,26432512,6/27/2023 23:33,On Time,1825.16,Wallet
9508359721,3002538,8/24/2024 15:46,Slightly Delayed,746.29,UPI
2244679313,4458329,8/5/2024 6:57,On Time,127.16,Card
9407544177,66310963,11/3/2024 7:53,On Time,979.99,Card
2528398796,87889031,4/6/2023 23:42,Slightly Delayed,2625.78,Wallet
9464988762,13567338,10/2/2023 17:16,On Time,916.92,UPI
6373867899,66655397,11/8/2023 8:41,On Time,1064.83,Card
4028185110,4789829,4/25/2023 15:18,Slightly Delayed,3405.22,Cash
9717018638,73679086,7/13/2024 2:36,Slightly Delayed,197.39,Card
4898477588,66766629,2/15/2024 20:07,On Time,3778.85,UPI
4723165081,29562254,2/2/2024 8:53,On Time,1182.98,UPI
2845954128,31324823,7/4/2024 16:45,On Time,1467.79,Cash
23158044,31681710,5/19/2023 19:28,On Time,2726.7,UPI
1486548042,13465850,10/12/2023 11:17,Slightly Delayed,3856.34,Card
708351411,69762479,10/16/2023 5:31,Slightly Delayed,3373,Cash
5512110908,40192266,11/22/2023 2:06,Significantly Delayed,2082.1,Cash
2295441899,58644651,2/18/2024 7:50,Slightly Delayed,2679.68,Cash
4867173151,35885052,10/24/2023 22:00,On Time,494.17,Card
4635037652,69925688,1/23/2024 20:40,On Time,493.19,Wallet
2209259378,86995126,12/23/2023 12:41,On Time,2342.26,Card
4079286483,22227829,5/19/2023 13:09,On Time,435.28,Card
9506078962,27336589,7/5/2024 22:01,Slightly Delayed,1267.45,Card
6894691072,83577942,3/22/2024 11:55,On Time,2650.68,Cash
4481256065,66499992,4/4/2024 13:57,Significantly Delayed,1395.84,Card
5050919809,46885873,5/13/2024 7:04,On Time,4439.75,Card
1328085383,67538982,5/11/2023 11:37,On Time,1091.9,Wallet
5382246981,87266309,8/30/2023 21:51,On Time,4419.12,Card
5647827263,96171594,5/7/2024 7:55,On Time,1513.03,Card
9244268951,64316806,10/30/2023 9:28,On Time,568.94,UPI
6217777735,12059049,7/22/2024 11:23,On Time,1730.26,Card
3682639473,99301505,11/21/2023 23:48,On Time,2777.46,Wallet
3859331666,23676689,7/2/2023 7:37,On Time,1299.18,Wallet
7971689217,64932019,10/18/2023 13:04,Slightly Delayed,4281.75,Wallet
6822492679,98540377,7/28/2023 6:09,Slightly Delayed,2513.48,Cash
7211194993,16561710,9/4/2023 3:48,On Time,827.77,Cash
461485679,4594944,8/8/2023 0:06,On Time,4205.78,Wallet
3209732414,87335844,4/18/2024 10:50,On Time,1028.26,Card
6537694730,75490147,8/15/2024 0:38,On Time,162.67,UPI
7653097776,63184222,7/16/2023 6:38,On Time,2232.82,Cash
4928556641,97475543,9/19/2023 14:53,Slightly Delayed,2275.2,Card
5905518100,86995126,9/25/2023 6:34,On Time,581.92,Wallet
8337948336,25706121,7/4/2023 5:26,On Time,4230.25,Cash
8814435884,69908484,8/11/2024 13:59,On Time,3209.28,Card
6645415772,64906311,7/2/2024 6:51,On Time,2890.11,UPI
5274039950,87059497,12/14/2023 20:20,On Time,827.44,Card
7404052550,45166203,9/13/2023 7:03,On Time,2358.73,UPI
8179058864,76970363,5/18/2023 17:45,On Time,530.59,UPI
5195997912,29562072,7/20/2024 15:16,On Time,3184.63,Wallet
3320194259,68219091,12/7/2023 18:55,On Time,2141.25,UPI
8185684967,46686696,5/5/2023 22:30,On Time,3101.41,Card
2324568019,59677346,7/6/2023 5:05,Slightly Delayed,1885.21,UPI
3522645150,22483684,5/16/2023 7:33,On Time,1588.47,UPI
4510488834,90586443,9/8/2024 20:39,On Time,2554.48,Card
9433427403,46848302,5/17/2023 20:56,Slightly Delayed,236.95,Wallet
8065436106,5763963,1/22/2024 1:40,On Time,592.46,Card
846586265,10418604,7/2/2023 16:41,Slightly Delayed,2302.23,Cash
4337013612,30823988,5/15/2023 12:29,On Time,422.5,Card
8916023990,3588443,5/18/2024 4:28,Slightly Delayed,134.69,UPI
6018805430,35358395,9/4/2023 7:24,On Time,4118.37,Card
2676353168,25595836,9/10/2024 11:19,On Time,3310.03,Cash
1069724600,10945990,7/26/2023 11:43,Slightly Delayed,3298.22,Cash
5503476312,36774480,6/16/2024 15:46,On Time,242.57,Wallet
4439677910,91791128,2/26/2024 9:32,On Time,1646.89,Wallet
8045361592,16543242,10/11/2024 11:49,On Time,2264.11,Wallet
1873731593,20209237,11/24/2023 7:41,On Time,630.84,Wallet
1126011099,53557741,2/21/2024 21:53,On Time,3092.96,Card
4100626744,15484407,10/21/2024 1:03,On Time,13.25,UPI
8616880376,16256136,3/18/2024 4:01,Significantly Delayed,102.44,Wallet
1427911940,20634789,2/24/2024 7:00,On Time,689.16,UPI
4416398885,10945990,10/22/2024 6:38,On Time,404.44,Card
2584579895,94713625,1/12/2024 20:46,On Time,4261.37,Card
7770651576,87266309,9/4/2023 0:18,Significantly Delayed,3258.88,UPI
3705985582,34897081,8/19/2023 23:20,On Time,1623.7,Wallet
5160295213,22133362,1/25/2024 20:44,On Time,3428.33,Cash
4374285559,53399500,9/2/2024 2:58,Slightly Delayed,1063.23,UPI
9096638812,70243933,12/5/2023 1:56,On Time,3559.69,UPI
2888179397,51341672,8/26/2023 18:51,Slightly Delayed,3461.96,UPI
3387165389,376144,7/14/2024 9:14,On Time,3280.88,Card
1925647539,13424885,8/14/2023 15:30,On Time,2294.95,UPI
6160848562,59769142,9/10/2023 19:43,On Time,1022.08,Card
2343495895,2584499,8/4/2024 14:24,On Time,1706.95,UPI
8812220964,66742602,8/29/2023 16:20,On Time,2111.11,Wallet
8640364495,51670882,5/13/2023 22:51,Slightly Delayed,1012.07,Card
4610687284,27698051,9/26/2023 10:32,On Time,1094.43,Cash
189431942,58115779,1/23/2024 12:27,On Time,163.03,UPI
1746826454,36462363,1/5/2024 1:38,On Time,261.03,Card
948345459,66629497,3/23/2024 4:13,Slightly Delayed,1015.2,UPI
9959881029,35782051,9/30/2024 3:23,Slightly Delayed,3893.9,UPI
621213006,43377076,7/22/2024 4:28,On Time,1244.79,UPI
1772464528,66655397,9/7/2023 21:03,On Time,1709.44,Cash
7732863862,89476734,8/2/2023 3:54,On Time,3828.04,Cash
3064828239,6186471,2/18/2024 7:37,On Time,4356.46,UPI
6363526452,53292177,10/10/2023 23:01,On Time,3611.55,Wallet
6988011282,74212242,10/30/2024 17:00,On Time,2171.93,Wallet
8523250818,77673290,2/11/2024 18:54,On Time,2236.59,UPI
5595210484,93507573,5/17/2023 1:03,Slightly Delayed,639.5,Card
1461081366,13604883,8/15/2024 23:06,Slightly Delayed,3593.55,Cash
4922364507,79628054,7/6/2024 8:46,On Time,2661.33,Cash
6597871211,59815512,5/3/2024 0:28,On Time,2777.48,UPI
2719816862,85074810,9/20/2024 20:49,Slightly Delayed,332.84,Wallet
9830788650,87160527,7/7/2023 7:55,On Time,2924.55,UPI
140980199,27504517,3/5/2024 14:09,Slightly Delayed,769.7,UPI
7595842583,90150193,2/24/2024 7:57,On Time,3399.47,Cash
2390228992,46699982,7/31/2023 16:49,On Time,2179.55,Card
8178738469,95873651,6/12/2023 5:47,Slightly Delayed,4117.53,Card
9964671001,79591237,3/14/2024 17:53,On Time,3829.3,Card
1258689954,89886179,3/31/2024 2:27,On Time,2868.78,Card
4647158015,13461704,11/18/2023 13:28,Slightly Delayed,2279.47,UPI
2382974038,83610315,5/16/2024 16:47,On Time,2282.13,UPI
3663827875,28499191,11/2/2023 20:27,Significantly Delayed,209.59,UPI
6501113916,22210238,1/7/2024 16:47,On Time,4185.2,UPI
3300719369,32830199,5/25/2024 3:37,On Time,105.29,Wallet
3239722852,26935187,7/2/2023 9:26,On Time,4981.57,UPI
6694899030,36142455,9/21/2024 16:34,Slightly Delayed,2823.27,Card
992895707,18259715,5/14/2023 22:40,Slightly Delayed,592.58,Cash
8432150432,9650263,5/11/2024 16:21,On Time,755.01,Wallet
6220520171,42366724,12/1/2023 0:07,On Time,1721.87,UPI
735608722,3292927,6/8/2024 9:29,Slightly Delayed,1276.51,Card
7303161073,98444183,3/15/2024 0:03,On Time,4591.66,Cash
9783380107,70976153,6/9/2024 8:07,On Time,2408.28,Card
3835886077,8384106,11/19/2023 17:33,On Time,796.88,Card
8140652447,11705793,4/15/2024 11:28,On Time,2649.69,Card
6412390967,66023110,2/3/2024 20:15,On Time,3014.75,Card
6688575911,48943848,12/26/2023 18:44,On Time,5088.41,Wallet
3890111511,68965787,9/9/2024 23:37,Significantly Delayed,3935.46,UPI
5145256852,57770044,9/10/2024 19:14,Significantly Delayed,1501.57,Cash
7375057413,12799092,5/17/2023 22:25,Slightly Delayed,1114.88,Card
3047491006,61182897,9/21/2024 21:50,On Time,3752.62,Cash
7715738110,81605722,5/10/2023 22:12,On Time,514.14,Card
6191554160,77869660,7/20/2023 23:13,On Time,580.42,Cash
896919031,42366724,10/8/2024 3:01,On Time,1440.73,Wallet
1535818185,99772709,5/3/2024 16:30,On Time,1140.16,Card
4428830794,701493,6/18/2024 23:21,On Time,2948.82,UPI
3610035622,20956158,4/4/2024 3:34,On Time,622.81,Card
8674445072,50080663,8/4/2024 5:22,On Time,2038.01,UPI
9623704312,38613295,2/24/2024 22:05,On Time,580.18,Card
7786002894,30373140,12/21/2023 12:56,Slightly Delayed,899.56,Cash
3264409553,70976153,3/30/2023 18:35,Significantly Delayed,840.34,Wallet
7736534043,22915611,5/28/2023 8:20,On Time,1003.46,Card
5936596117,67729191,10/25/2024 12:09,On Time,3014.85,Card
1980087245,38875754,6/16/2023 19:27,On Time,2606.6,Card
8861557989,52913011,8/25/2024 6:07,On Time,4574.66,Cash
6702391437,13130974,1/21/2024 17:57,Significantly Delayed,4179.5,Card
6385452188,38875754,6/4/2024 21:25,On Time,2664.35,UPI
8813216380,85177880,10/9/2024 11:57,Slightly Delayed,3340.2,Cash
5563712992,4597433,1/11/2024 16:23,On Time,3233.68,UPI
966468552,70459847,6/24/2023 1:44,On Time,2561.55,Card
4368529506,76327561,6/30/2024 1:22,Slightly Delayed,1081.17,UPI
3777009463,25829710,9/1/2024 8:11,On Time,264.89,Wallet
3560912801,20163931,9/8/2024 23:49,On Time,1052.23,Wallet
1741224538,90621147,3/29/2023 0:24,On Time,134.69,Cash
4579251445,1507408,8/28/2023 15:35,On Time,1057.68,Card
3438127101,59141605,11/27/2023 16:40,On Time,296.94,Cash
9741958794,13164195,8/20/2024 7:33,Slightly Delayed,6173.45,Card
882082341,75828735,10/10/2024 12:35,Slightly Delayed,5094.56,Wallet
3629321763,79369660,8/6/2024 18:45,On Time,2988.51,Cash
888938572,12695670,4/2/2023 20:33,On Time,597.91,Cash
5263181887,90150193,9/28/2024 22:00,On Time,1239.9,Card
7071557807,19375332,4/29/2024 11:05,Slightly Delayed,3848.05,Cash
6888804296,2442235,10/24/2024 22:24,On Time,2930.92,Cash
814182718,65134271,11/17/2023 22:17,On Time,2233.84,Card
3513524740,1301661,7/3/2024 12:00,Significantly Delayed,1395.67,Card
1234169434,22112867,10/17/2023 20:52,On Time,3644.99,Card
2577990012,71902700,9/22/2023 3:03,On Time,2577.46,Card
8446065263,79773912,11/15/2023 1:53,Slightly Delayed,2838.28,Card
4220970302,90621147,11/1/2024 9:44,On Time,2598.47,UPI
5712516128,11503405,7/14/2023 21:20,On Time,2661.8,Card
807167715,26521850,8/28/2024 21:17,On Time,951.27,Card
213972345,71252391,6/14/2024 23:11,On Time,3895.71,Card
1013762407,51174875,10/19/2024 6:57,Significantly Delayed,2519.44,UPI
5234194751,14207332,2/19/2024 4:44,On Time,3494.6,Card
1389077693,37947202,6/27/2023 17:53,Slightly Delayed,716.35,UPI
1895143216,43295656,3/25/2023 20:13,On Time,2921.03,Card
3667250123,7728406,3/4/2024 6:15,Significantly Delayed,715.72,Cash
6430529802,6459100,7/23/2023 14:58,On Time,2974.48,Wallet
4856277700,67729191,8/17/2023 22:46,Significantly Delayed,1070.91,UPI
1492403962,11389698,7/9/2023 1:43,On Time,5366.78,Wallet
4348167632,93675757,11/29/2023 5:51,On Time,2152.66,UPI
3682471195,90856813,12/6/2023 4:17,Slightly Delayed,2138.69,UPI
6888837939,67708491,3/27/2024 14:51,On Time,1159.32,Wallet
2278004109,99301505,9/1/2024 3:50,Slightly Delayed,2292.05,Card
7471013149,46185579,10/13/2024 12:41,Slightly Delayed,1656.84,UPI
755745232,3844290,10/2/2024 1:53,Slightly Delayed,1086.05,Cash
2963187161,91448742,6/18/2024 12:05,Slightly Delayed,169.88,Card
3980591844,96903782,6/20/2023 3:28,On Time,2917.28,Wallet
9960808976,78748184,4/8/2024 3:34,On Time,4324.68,Card
8740552000,34095555,5/16/2023 11:42,Slightly Delayed,391.21,Wallet
9230099449,60319216,5/8/2023 3:58,On Time,3331.12,Card
4277432248,91408854,5/10/2023 21:31,On Time,3536.17,Wallet
3624765984,36400756,12/11/2023 8:21,On Time,4517.75,Card
8533110341,10524732,6/14/2023 8:57,Slightly Delayed,1621.58,UPI
5036664068,2667357,11/6/2023 7:46,On Time,1666.89,UPI
9989636336,191616,5/24/2024 7:26,Slightly Delayed,2425.95,Cash
2843642858,46208150,3/14/2024 6:53,On Time,831.1,Cash
7510849424,82585664,3/8/2024 4:12,On Time,1640.42,Wallet
8744806310,8395343,7/3/2023 23:48,On Time,3826.97,Card
7605774154,6150721,2/2/2024 23:43,On Time,1536.89,Cash
6904233594,65514005,8/9/2024 21:50,On Time,2570.78,UPI
6371336060,8241122,7/21/2024 20:11,On Time,631.7,Wallet
8137624530,22210238,10/24/2023 23:59,Slightly Delayed,3147.61,UPI
9131474241,98246574,10/18/2024 17:00,On Time,340.66,Card
7413772322,98709982,6/12/2023 15:41,On Time,2586.5,Card
9400852015,44149982,7/1/2024 6:50,Slightly Delayed,2754.81,Card
4867437863,13164195,1/25/2024 3:01,Slightly Delayed,3132.92,Wallet
4219458877,87222820,12/27/2023 2:46,Significantly Delayed,951.43,Card
35135941,28205701,7/29/2024 18:08,On Time,1216.16,UPI
4754258275,10019218,9/16/2023 13:44,On Time,2315.11,Card
9195687538,74548003,1/6/2024 11:46,Significantly Delayed,212.14,Wallet
344554037,78847070,11/10/2023 8:19,Significantly Delayed,3774.14,Card
7503255456,82948843,8/3/2023 21:15,Significantly Delayed,5414.01,Card
5903638531,78209683,5/2/2023 16:44,On Time,3051.04,Card
1670694517,92356639,8/9/2024 17:39,On Time,3118.23,Cash
2369121788,60062501,5/28/2024 21:18,On Time,2951.41,UPI
6012082951,88866835,5/17/2023 6:08,On Time,3669.77,Card
3675914158,89361574,3/8/2024 6:12,Slightly Delayed,2124.26,Card
1396605672,20956158,1/7/2024 1:58,On Time,1723.88,Card
4260996213,77035814,4/12/2023 12:45,Significantly Delayed,1730.33,Wallet
4749534376,53100521,5/19/2024 0:36,On Time,1648.07,Card
6095091385,34839913,7/11/2024 7:02,Slightly Delayed,2486.58,Cash
1131338162,21201299,2/3/2024 11:57,On Time,2695.16,Cash
6100236720,83660688,8/24/2023 13:01,On Time,4190.59,Cash
3363683548,43367112,2/9/2024 10:16,On Time,2065.75,Card
8721540965,38902882,7/5/2024 13:01,On Time,5604.64,UPI
1712456261,90448312,10/15/2023 10:37,On Time,418.48,Cash
760930025,49756591,6/19/2023 18:28,On Time,873.51,Card
5652465358,57523973,6/17/2024 18:13,Significantly Delayed,2293.55,Card
3580915899,87954926,10/23/2023 18:14,On Time,2660.98,UPI
1174382816,773410,8/14/2024 20:51,On Time,1838.15,Card
3200474667,15631726,9/17/2024 19:02,On Time,2976.81,Wallet
7474651061,63238941,6/9/2023 22:33,On Time,3731.78,Cash
1892282465,80517784,8/23/2023 1:50,On Time,2849.48,Wallet
3859828998,701493,4/14/2023 3:46,On Time,2721.16,Wallet
2554590672,19482392,12/3/2023 12:50,On Time,3840.61,Wallet
9667675052,40871915,9/29/2023 13:18,On Time,2282.92,UPI
8382437838,46185579,5/30/2024 16:04,On Time,1907.89,Wallet
6247090607,90038364,10/7/2023 15:37,On Time,1801.01,Wallet
5004073261,27304827,6/16/2024 17:23,Slightly Delayed,1228.31,Cash
6595898122,67896836,7/13/2024 20:46,On Time,1080.49,UPI
9844371682,31527100,6/10/2023 20:30,On Time,1742,Wallet
7198169379,26844216,7/13/2023 21:02,Slightly Delayed,865.68,Card
2815855636,38808614,7/28/2023 10:14,On Time,3710.55,Card
6033660622,65618148,4/12/2023 15:11,Slightly Delayed,1321.76,Wallet
7944056454,10729474,5/22/2023 23:35,On Time,3162.64,Wallet
4354264440,25722990,12/13/2023 11:06,Slightly Delayed,1607.15,Cash
5623096090,68703613,8/25/2023 12:42,On Time,1565.76,Wallet
701856661,11143197,6/10/2024 1:20,On Time,3622.14,Card
1911276445,73799927,10/20/2024 14:44,Slightly Delayed,1896.67,Wallet
9323909987,47990044,5/9/2024 3:55,On Time,77.11,UPI
1988898073,78157360,2/21/2024 11:34,Slightly Delayed,1541.22,UPI
6457671753,51048402,1/7/2024 23:32,On Time,2200.47,Wallet
3556497272,9347990,10/18/2024 10:21,On Time,96.09,UPI
2182762247,54347213,9/6/2023 20:37,On Time,1308.92,Cash
6026842782,75928073,8/27/2024 19:51,On Time,2610,Wallet
1227108607,69242672,9/18/2024 12:33,On Time,3901.39,Card
9362226645,28428852,5/12/2024 5:01,Slightly Delayed,3503.23,Wallet
6313785973,28603182,3/21/2023 3:09,Slightly Delayed,2326.58,UPI
1297253359,77811864,4/24/2024 9:19,Slightly Delayed,1250.24,Cash
6138091203,41261495,9/9/2023 5:55,On Time,1284.92,Card
4770739350,61753272,7/12/2024 19:43,Significantly Delayed,3259.93,Card
6253838449,19393135,6/11/2024 0:39,On Time,938.37,Card
1015708455,24153726,9/4/2023 17:57,Slightly Delayed,3175.14,Wallet
2201201842,6398761,10/2/2023 13:13,On Time,1547.91,Card
200000051,8632679,10/4/2023 20:08,On Time,1442.99,UPI
409570377,12574626,3/27/2024 14:39,Slightly Delayed,1524.99,Card
5944464513,34095555,3/25/2023 16:40,On Time,1371.17,Wallet
7064377287,26716400,9/2/2024 7:38,On Time,328.51,Wallet
7763036477,26285589,8/14/2024 20:19,On Time,4277.29,Cash
7494002152,91382237,5/1/2024 6:30,On Time,2287.2,Card
692127479,67538982,7/9/2024 23:14,On Time,3284.88,Wallet
7544245121,87160527,9/26/2024 17:57,Slightly Delayed,4067.24,UPI
4429641190,11562458,6/18/2023 5:43,On Time,3518.61,Cash
8093366865,29451600,10/16/2024 11:46,Significantly Delayed,1770.01,Cash
6269075067,81382213,11/15/2023 23:57,On Time,3745.59,Wallet
4056304110,211163,11/25/2023 12:03,Significantly Delayed,3567.36,UPI
4447978623,31076002,8/21/2024 6:54,On Time,2037.9,Cash
5875285677,62510499,5/20/2023 10:43,On Time,3993.93,Wallet
4177774653,23844919,5/20/2024 10:41,On Time,294.79,Wallet
502632296,9450435,5/15/2024 19:31,On Time,4257.49,Card
5037688536,49756591,2/24/2024 5:35,Significantly Delayed,903.52,Card
6844277478,47577193,8/28/2024 16:56,Slightly Delayed,2190.84,Card
3368317718,70867736,5/31/2024 23:59,On Time,914.88,UPI
913881994,13251137,8/4/2024 21:23,On Time,317.82,Cash
6445700839,4988545,3/6/2024 15:35,On Time,1574.46,UPI
101613683,43377076,6/29/2023 20:45,On Time,1314.09,Card
7094586913,82900175,10/1/2023 20:55,On Time,1045.98,UPI
2478557609,58170168,6/15/2024 14:43,Slightly Delayed,1632.79,Wallet
9516720368,97466783,4/4/2024 20:08,On Time,3117.54,Card
3808010352,23126356,2/17/2024 2:25,On Time,2359.74,Wallet
7921886899,11143197,7/1/2023 2:42,On Time,1342.87,Cash
6818712547,66655397,12/27/2023 6:03,On Time,2620.04,Cash
4538204462,35812567,2/26/2024 18:16,On Time,3043.32,Card
2008331630,36833857,7/13/2023 0:34,On Time,1630.96,Wallet
3901338038,63238941,8/23/2024 3:48,On Time,657.8,Cash
1483786406,63451391,3/25/2023 7:26,Significantly Delayed,3934.29,Card
5022936426,73377004,9/18/2023 3:33,On Time,2217.52,Wallet
5470875365,55042740,3/31/2024 8:06,On Time,4003.77,UPI
7144611408,33280073,8/18/2023 8:26,On Time,989.77,Cash
9411421675,61226563,1/24/2024 10:26,On Time,4144.86,Cash
7315949343,14458150,9/17/2023 22:30,On Time,2639.3,Wallet
9430475133,24621386,3/25/2023 1:53,On Time,4145.1,Cash
3062145702,24821281,6/21/2024 14:57,On Time,3288.07,Card
6500458984,35912599,11/8/2023 7:10,Slightly Delayed,440.17,Card
7429306851,62541176,4/22/2024 3:51,On Time,1343.84,Wallet
2687236003,83588803,1/10/2024 21:00,On Time,3207.16,Wallet
1885906938,13455530,10/9/2023 4:19,Slightly Delayed,4489.81,Cash
9949334146,73363613,8/5/2024 2:30,Significantly Delayed,217.5,Wallet
2555454584,19182548,8/12/2023 17:17,Significantly Delayed,1626.42,Cash
2503209946,26844216,4/28/2024 11:08,On Time,1069.03,Cash
2329563439,78157360,11/2/2023 23:45,Significantly Delayed,1139.89,UPI
1041536174,93018527,6/15/2023 8:48,Slightly Delayed,2780.93,Card
6631188689,8361353,3/28/2024 12:16,On Time,3536.2,Cash
9300178512,26936578,7/25/2023 12:36,On Time,1204.48,Cash
1086881691,77035814,4/10/2024 17:22,On Time,1914.71,Cash
8008880980,57505804,4/18/2024 15:35,On Time,1909.21,Card
2417680703,30823988,2/11/2024 0:31,Slightly Delayed,2694.25,Card
1117730990,96640716,8/23/2024 19:54,On Time,998.06,Cash
1678557345,49136375,5/12/2024 17:05,On Time,1308.24,Wallet
4505129824,17341194,11/14/2023 13:03,On Time,2663.24,Cash
8737295686,69749541,12/11/2023 9:08,On Time,930.92,Wallet
7997347191,31813,7/11/2024 3:32,Slightly Delayed,4498.83,Wallet
1930645698,35554129,8/7/2024 13:10,On Time,3514.7,Card
5393373590,5712468,9/27/2024 17:09,Slightly Delayed,487.51,Card
5851854765,82032191,11/24/2023 14:55,Slightly Delayed,1865.04,Wallet
3765179520,43784632,6/23/2024 4:54,Significantly Delayed,3700.97,Wallet
683969424,98225598,8/10/2023 6:18,Slightly Delayed,2629.12,Cash
8459624382,64489709,8/22/2023 18:10,Slightly Delayed,786.02,Wallet
7110044004,62807542,4/24/2023 13:55,Slightly Delayed,941.87,UPI
4302375314,96253172,3/3/2024 8:30,On Time,3332.44,Card
1245307588,13760839,4/24/2023 15:47,Slightly Delayed,1800.39,Cash
3876260101,70420271,9/11/2023 12:39,On Time,22.14,Wallet
3162263618,23676689,5/27/2023 12:38,On Time,2824.3,Card
655792395,11254582,4/19/2024 23:04,Slightly Delayed,1028.96,Wallet
7624743284,40392019,8/15/2023 5:18,Slightly Delayed,3542.84,UPI
4783962671,57765367,10/9/2023 17:47,Slightly Delayed,2056.76,Card
7166787473,97928541,8/24/2024 6:10,Significantly Delayed,2983.11,Card
9395228070,40275138,9/12/2024 19:58,On Time,1849.78,Cash
902157975,80371626,4/12/2023 1:03,On Time,946.86,Cash
6947741744,49617531,7/10/2023 8:05,On Time,936.96,UPI
4788498083,16420489,9/17/2023 2:54,Significantly Delayed,2208.78,Wallet
8070127087,27709218,8/22/2024 6:10,On Time,2506.63,Card
5191429552,14944819,12/23/2023 17:06,Slightly Delayed,2418.97,UPI
5220651138,91768226,3/13/2024 2:23,On Time,2783.14,Cash
2758734705,54797119,8/2/2023 23:12,On Time,1460.54,UPI
2907887532,85838438,11/19/2023 12:58,On Time,3870.66,UPI
7388846009,59094034,2/22/2024 9:01,On Time,616.45,UPI
2606843929,29415527,6/14/2024 14:07,On Time,2095.62,Cash
5637567433,91562028,9/2/2024 1:14,On Time,2428.45,Wallet
8838095431,41194825,5/6/2023 10:54,On Time,2640.35,UPI
1564649286,77869660,12/6/2023 3:51,On Time,827.44,Card
4098166849,33741801,10/12/2023 0:21,Significantly Delayed,4892.12,Wallet
8091143423,25128143,11/23/2023 22:56,On Time,3293.8,Card
3024045336,54877984,4/15/2024 1:47,On Time,2790.23,Cash
6152984028,60732869,8/29/2023 0:50,Slightly Delayed,2124.37,Card
3450790653,87266831,8/27/2023 18:14,On Time,1861.71,Card
8028917900,57340963,7/18/2023 0:50,On Time,2365.92,Card
7781884407,90666073,8/11/2024 15:59,On Time,773.17,Wallet
3483689828,7687234,7/28/2023 6:45,On Time,4559.56,UPI
8341286014,31076002,8/29/2024 15:39,On Time,2399.69,Card
7936106887,95309983,5/7/2024 14:59,On Time,577.13,UPI
2247354978,6668498,9/26/2024 10:17,On Time,1322.72,Cash
5347701114,22036818,10/16/2023 18:07,On Time,374.68,Card
7846068436,93507573,11/29/2023 12:57,On Time,3379.35,Card
9893439302,67277562,9/5/2023 20:15,On Time,3745.35,Wallet
4160816433,2219590,12/9/2023 12:20,Slightly Delayed,3238.22,UPI
6000890622,62828341,9/14/2024 16:12,On Time,1826.22,UPI
7317676958,92356639,7/2/2023 3:58,Slightly Delayed,2967.08,Card
8620144614,20122449,7/10/2024 22:57,Significantly Delayed,1435.13,Wallet
3940758882,40085705,1/24/2024 4:33,On Time,186.08,Card
5216555041,30188374,3/3/2024 23:15,On Time,3340.8,Wallet
5144793312,59518795,8/1/2024 0:28,On Time,724.84,UPI
7241413847,10048910,4/15/2023 10:19,On Time,2620.23,Wallet
3567610983,1816969,8/19/2023 4:01,Significantly Delayed,3657.49,Cash
16878685,37556526,4/9/2024 2:29,On Time,4267.94,Cash
951657166,63624332,4/21/2024 7:50,On Time,3588.19,UPI
4189022307,21597477,5/5/2024 23:06,On Time,2928.14,Card
7378521428,10857389,4/24/2024 20:57,On Time,1225.86,UPI
6266311709,67708491,6/25/2024 1:44,On Time,1654.8,Cash
7985347262,22483684,7/31/2024 8:42,On Time,1777.54,Wallet
992764262,69240186,11/14/2023 3:16,On Time,971.71,Cash
3080291353,93937586,8/16/2024 19:05,On Time,2790.84,Wallet
5532188237,211163,6/9/2024 10:45,On Time,4861.55,UPI
6814658453,55278329,9/28/2023 11:21,On Time,552.2,Card
4861499558,2684440,3/20/2024 16:37,On Time,1381.1,Wallet
2521042570,28394354,5/17/2024 10:43,On Time,3010.69,Cash
5217781278,85658166,6/27/2023 2:48,Slightly Delayed,3074.48,UPI
8006034379,43784632,5/3/2024 6:21,On Time,3400.58,Card
7380913411,49869358,6/7/2024 17:13,Slightly Delayed,367.08,UPI
7706841114,68016312,2/27/2024 2:58,On Time,1317.62,Card
1561779937,76359458,3/27/2024 22:00,On Time,1882.99,Cash
7196559586,85658166,8/19/2024 11:25,On Time,1685.6,Cash
2359961993,28995786,6/18/2024 9:33,On Time,1895.12,Cash
243819964,98225598,12/3/2023 9:22,On Time,1812.09,Wallet
4806735178,8651281,6/12/2024 17:02,On Time,1275.37,Card
9198762300,46185579,12/2/2023 9:04,On Time,1570.51,Wallet
1105231941,29600229,1/20/2024 1:05,On Time,3493.45,UPI
5533955218,38969732,6/20/2024 4:24,On Time,5096.95,Card
5130246751,87641623,5/8/2023 6:03,On Time,1592.03,Card
4528445001,20163931,4/19/2024 12:35,Slightly Delayed,1640.29,Wallet
9503959018,31084686,9/18/2024 10:42,On Time,3593.97,Cash
4107052604,34668988,11/21/2023 10:42,On Time,2777.59,UPI
5578822558,8817168,8/6/2023 17:49,Slightly Delayed,196.64,UPI
5506634472,6579892,9/22/2024 18:05,Significantly Delayed,4019.21,Wallet
4112426763,97825663,9/24/2024 20:50,On Time,2042.79,Card
7157334145,90021871,10/9/2023 8:57,On Time,239.54,Wallet
8423458672,60698094,3/19/2023 23:47,On Time,1745.1,Card
3011683470,65121696,3/20/2023 7:30,On Time,4549.72,Cash
1884947290,75244116,9/9/2023 1:31,On Time,831.43,Wallet
558163882,39317905,7/11/2024 11:44,Slightly Delayed,3633.09,Wallet
824869105,66943324,8/27/2024 16:34,On Time,2516.52,UPI
4193492511,10683250,10/2/2023 15:15,On Time,316.02,Wallet
120996684,92455970,10/2/2023 11:21,Slightly Delayed,3139.62,Card
2531932780,91500615,7/16/2023 12:03,On Time,3340.23,Wallet
8095547865,27620326,3/19/2023 12:51,On Time,3355.93,Wallet
6894204435,10700664,6/17/2023 18:35,On Time,697.38,Cash
9514917126,43599910,7/29/2024 7:47,Slightly Delayed,1620.95,UPI
9329665908,57102800,7/15/2023 8:14,On Time,2049.58,Card
1435406360,1174162,12/11/2023 7:44,On Time,2259.17,Wallet
3460843508,32797235,10/21/2023 0:52,On Time,3465.32,UPI
4762084133,72564495,9/29/2024 23:21,On Time,1969.21,Card
3884862300,51544662,2/21/2024 9:01,Slightly Delayed,951.43,Card
1990946411,82286725,5/16/2024 22:59,On Time,2524.56,Cash
5054937065,9274874,8/24/2024 16:53,Slightly Delayed,965.37,UPI
9431652023,59890331,9/6/2024 22:22,On Time,5320.2,Cash
2268736598,19259955,7/7/2023 8:07,On Time,2006.71,Cash
2793638565,26844216,2/11/2024 8:28,On Time,2375.75,UPI
4168839407,12088552,4/6/2023 0:04,On Time,822.68,Cash
7406514357,20298398,2/7/2024 14:09,On Time,3698.78,Card
6087916798,89968482,11/17/2023 16:39,Slightly Delayed,1692.4,UPI
4319962076,36146306,1/11/2024 5:52,Significantly Delayed,1612.18,Cash
3904134741,58631874,5/2/2024 10:05,On Time,782.49,UPI
3770123374,29415527,11/19/2023 21:52,On Time,1939.04,Cash
4494390731,34768050,4/28/2023 12:21,Slightly Delayed,1921.19,Wallet
6109777696,89699655,10/17/2024 19:48,Slightly Delayed,3725.57,Card
1401372388,71411879,4/17/2023 9:37,On Time,426.72,Wallet
4283973398,18791381,9/14/2023 17:37,On Time,2869.43,Card
3261847147,67383024,9/16/2023 3:33,Slightly Delayed,3932.73,Cash
3153811191,87335844,3/8/2024 6:04,On Time,755.66,Wallet
2639216409,37702698,3/10/2024 11:45,On Time,880.72,Card
5948575331,92038780,5/9/2024 22:57,On Time,2112.59,Card
7792925364,59830126,10/23/2024 2:49,On Time,2656.43,Card
7286478750,91196901,10/13/2023 3:58,Slightly Delayed,3482.66,Card
9776505630,15661674,4/19/2023 3:40,On Time,4167.91,Card
4527342708,81183415,10/3/2023 13:34,On Time,1558.74,Wallet
1124359689,97825663,9/13/2024 5:09,Slightly Delayed,3608.92,Card
3717458742,18113428,8/27/2023 23:43,Slightly Delayed,509.11,Cash
283675535,20238921,3/24/2023 17:02,On Time,1413.39,Wallet
6039353394,86479284,8/8/2023 15:10,On Time,313.77,Cash
6735917931,47206881,9/27/2023 12:09,On Time,2951.24,Wallet
5155256671,19523856,8/14/2024 0:52,On Time,2961.15,UPI
3984108726,31576845,2/27/2024 18:03,On Time,2458.19,Wallet
2491374111,2361575,8/10/2024 4:50,On Time,1196.3,Wallet
2043371805,45066676,10/2/2024 6:57,Slightly Delayed,2756.32,Card
9657782153,87251489,2/29/2024 14:46,On Time,995.98,Card
9237289778,70168151,5/29/2024 14:49,On Time,4471.64,Card
8917116859,91562028,7/5/2024 23:35,On Time,1307.18,Card
720578658,37551429,6/2/2024 8:56,On Time,963.23,UPI
9122210530,15066187,1/18/2024 4:23,Significantly Delayed,3972.81,UPI
3540524256,28205701,10/22/2023 9:11,On Time,1218.01,UPI
1909520255,71276926,5/23/2023 10:49,Significantly Delayed,2163.69,Card
8022279737,83058329,9/8/2024 14:02,On Time,275.03,Wallet
7381549355,75082508,9/28/2023 13:11,On Time,3144.56,UPI
3998829973,44149982,10/10/2023 1:09,Significantly Delayed,2828.4,Card
2895464675,94281220,4/20/2023 10:15,Slightly Delayed,935.64,Cash
3971098657,90919603,5/26/2024 2:44,On Time,3993.42,Card
5278249111,78267238,3/1/2024 21:32,Significantly Delayed,1485.67,Wallet
9810576443,42723554,11/1/2023 13:04,On Time,556.35,UPI
4128844410,76438648,7/20/2023 17:19,On Time,2556.83,Wallet
6103869123,16376189,6/6/2023 14:27,On Time,1609.25,UPI
6595041423,57291761,7/23/2024 10:50,On Time,2079.8,Card
3991011923,19182548,2/7/2024 9:02,On Time,1616.34,Wallet
5275440923,67046342,3/21/2023 4:50,Slightly Delayed,932.79,Wallet
6468633344,29324437,2/23/2024 6:29,On Time,5515.23,Wallet
9992859795,4356173,11/12/2023 20:07,Slightly Delayed,820.83,Wallet
7518488485,54222320,4/26/2023 10:29,On Time,1783.54,Wallet
9746950023,31776996,11/2/2023 6:27,On Time,1562.94,Card
2721433550,58873572,6/7/2023 14:10,On Time,1076.03,UPI
6131680348,83701325,7/19/2024 21:57,On Time,2083.65,Card
2281544500,40692378,6/9/2023 10:08,On Time,2330.28,UPI
4283802879,61020,5/10/2023 15:23,On Time,2769.12,Wallet
8621732366,25722990,9/5/2023 18:28,On Time,4527.28,UPI
3797679856,11562458,12/10/2023 5:08,On Time,4441,Cash
8532100929,31831843,11/6/2023 15:18,On Time,816.38,Card
2973976544,96795047,9/19/2024 17:19,On Time,1825.81,Wallet
814260962,14974554,9/14/2023 16:10,On Time,869.22,Cash
9411848231,59545278,5/15/2024 21:34,Slightly Delayed,2562.81,UPI
6637284724,36517334,9/8/2023 10:27,On Time,422.23,UPI
6497594124,39150258,10/24/2024 17:36,On Time,1858.93,Wallet
7213146086,4862761,3/23/2023 20:08,On Time,1072.95,UPI
5110274761,24821281,5/23/2024 3:01,On Time,3728.79,Wallet
1112110363,98625898,1/20/2024 22:23,Slightly Delayed,775.91,UPI
1209202931,29451600,6/27/2023 0:09,On Time,2722.78,Card
6384745391,37095171,8/17/2024 15:55,Slightly Delayed,1511.16,Cash
3367452972,61020,8/31/2024 14:07,Significantly Delayed,2515.48,Cash
2317597587,68661619,6/17/2024 0:30,On Time,4784.85,Card
2254884198,54893418,7/1/2023 2:00,On Time,1433.62,UPI
679196318,18642306,8/19/2024 22:43,On Time,4412.07,Wallet
2185319815,19180962,3/2/2024 20:40,On Time,3963.77,Card
5965281449,17597449,6/26/2023 17:36,On Time,3412.11,Cash
8616726869,37691544,1/10/2024 22:10,Significantly Delayed,2369.51,Wallet
4786027510,5001749,9/30/2024 12:17,On Time,418.48,UPI
4910445344,44030130,5/18/2024 8:58,On Time,914.88,Wallet
7629577899,23348269,12/14/2023 15:42,Slightly Delayed,2550.73,UPI
4769055037,66742602,8/10/2023 21:16,Slightly Delayed,3732.8,Cash
8476029654,77085443,11/17/2023 8:58,On Time,1585.8,Cash
7809866112,3999964,7/11/2024 9:22,Slightly Delayed,3373.17,Cash
5453896364,59840071,6/24/2023 0:27,On Time,908.37,UPI
9080432189,50080663,8/27/2024 19:41,On Time,3264.51,Card
3079758919,16410155,8/22/2024 15:55,On Time,1024.08,UPI
4076039325,27604184,8/12/2024 19:26,Slightly Delayed,3972.8,Wallet
9239241275,57291761,2/7/2024 3:19,On Time,169.88,Cash
4864829217,26521850,9/19/2023 5:05,On Time,144.19,UPI
5108704843,10951674,4/4/2024 14:47,On Time,1179.1,Wallet
8049805410,23098216,9/27/2024 18:32,Significantly Delayed,3823.81,Cash
4711642504,76850859,8/15/2024 13:26,On Time,2497.92,Card
8952094523,85626346,11/14/2023 18:13,Slightly Delayed,4876.44,UPI
4285784267,82169898,4/15/2024 18:41,On Time,2812.89,UPI
7494670835,38728779,1/18/2024 0:22,On Time,3677.66,Cash
7667090453,66135710,6/23/2023 23:30,On Time,852.81,Card
2193572534,19682060,3/26/2023 7:54,Significantly Delayed,2801.84,UPI
5357089776,44223796,9/30/2024 23:40,On Time,3880.92,UPI
1191016829,51661209,6/27/2023 20:22,Slightly Delayed,2000.2,Wallet
549484032,79206969,4/13/2023 8:20,On Time,3436.16,Card
8164076900,91408854,6/18/2023 0:05,Slightly Delayed,4033.94,Wallet
7136165651,59485034,9/30/2024 12:50,On Time,5318.71,Cash
5368349643,46504355,5/22/2023 9:04,Significantly Delayed,3673.15,Card
6965901435,33741801,10/16/2024 15:42,On Time,2324.43,UPI
6687307827,88532418,4/19/2023 14:10,On Time,2084.52,Wallet
475294138,31084686,12/29/2023 17:32,On Time,2500.69,Card
9047534059,41647393,12/8/2023 14:01,On Time,1074,UPI
2807487047,90448312,11/3/2024 13:30,On Time,3868.21,Wallet
5840148195,66269844,1/22/2024 10:00,On Time,1688.23,Wallet
3758135932,77007315,8/25/2023 0:58,On Time,1629.06,Card
1978476136,97315135,6/22/2024 20:14,On Time,2183.52,Wallet
423648434,82989313,10/30/2024 15:25,On Time,3926.19,Wallet
7201868330,89669139,2/20/2024 20:54,On Time,1845.31,Card
9710106935,14458150,4/17/2023 15:37,Slightly Delayed,4495.54,UPI
4432235479,9278983,9/27/2024 17:01,On Time,1175.35,Card
6951956244,60656482,10/30/2023 1:07,On Time,354.91,Wallet
378485826,75739462,3/27/2024 11:55,On Time,616.45,UPI
8982211913,23984022,9/19/2024 18:02,On Time,2492.17,Cash
6487868576,49136375,10/25/2023 3:04,Slightly Delayed,209.59,Card
2973502797,74694186,6/2/2024 3:23,On Time,5868.92,UPI
4105022903,21282544,8/20/2023 19:07,On Time,1134,Card
3668828731,72889295,8/10/2024 3:53,On Time,2975.38,Card
8644734267,23348269,10/12/2023 7:15,On Time,3446.55,Card
3757871565,9401406,8/10/2023 7:18,On Time,2012.76,UPI
5770510806,47955004,1/23/2024 8:46,Slightly Delayed,127.16,Cash
4514836077,60834500,6/10/2023 10:09,Slightly Delayed,401.43,Wallet
5927852227,37556526,4/12/2024 6:07,On Time,1975.03,Cash
350719542,18642306,10/6/2024 6:59,On Time,1969.47,Wallet
868288823,65772743,3/6/2024 19:01,Slightly Delayed,3268.84,Wallet
7199670826,22694456,1/17/2024 10:30,Significantly Delayed,958.97,Card
3091948113,77306672,2/13/2024 9:49,Slightly Delayed,443.69,Cash
5793742966,83412446,1/4/2024 18:10,On Time,140.8,Cash
7347109009,75632045,9/24/2023 19:23,Slightly Delayed,3507.67,Cash
7078912146,36142455,9/18/2023 11:38,On Time,3073.16,UPI
2480856222,30373140,11/8/2023 16:28,On Time,3309.6,Wallet
281421547,88520326,5/20/2023 20:11,On Time,4398.86,Cash
5226963306,96628029,6/23/2024 6:42,On Time,397.68,Card
7316642056,92404798,2/10/2024 0:13,Slightly Delayed,3157.75,UPI
8997415290,85490177,8/14/2024 17:03,Significantly Delayed,1549.44,Cash
6737025662,44928499,3/28/2023 6:46,On Time,1924.08,UPI
8395290763,88312515,5/31/2024 19:02,Significantly Delayed,4696.69,UPI
7261119579,65903057,7/6/2024 6:23,On Time,448.16,UPI
9938037878,9796585,10/29/2024 11:29,Slightly Delayed,905.35,UPI
7154987905,63802820,10/6/2024 2:34,Significantly Delayed,1627.23,Cash
3605534244,57526322,1/17/2024 12:15,On Time,3762.7,Cash
5626601040,19091057,2/26/2024 23:31,Slightly Delayed,931.61,Wallet
2577064886,63948546,6/7/2024 4:38,On Time,1713.44,Card
2561362173,33481252,5/30/2023 7:42,On Time,2542.56,Cash
2793120553,6622751,6/24/2023 10:51,On Time,3090.15,Cash
4476563699,59222551,9/11/2023 2:29,Significantly Delayed,3655.01,UPI
1580021952,30317733,10/24/2024 14:22,On Time,3705.07,Cash
7263454149,13760839,10/14/2023 1:37,On Time,576.22,Card
4371924002,75944533,10/21/2024 13:20,Slightly Delayed,316.02,Card
2955277471,79960955,12/6/2023 13:01,Significantly Delayed,2514.46,UPI
9445490338,6812439,5/23/2023 22:54,Slightly Delayed,804.7,Cash
2668915104,19180962,12/1/2023 20:34,On Time,5494.22,Card
1045621584,85340038,12/19/2023 0:47,Significantly Delayed,4374.94,UPI
4550545705,17805991,6/21/2024 4:44,On Time,5039.37,Card
3373390154,68703613,7/24/2024 9:07,On Time,576.22,Cash
5142985961,2457734,2/7/2024 2:49,On Time,2044.41,UPI
649220272,67696145,9/23/2023 15:12,On Time,795.26,Card
5023958886,12832151,9/24/2024 5:38,Slightly Delayed,4198,Card
9993542681,42589311,5/23/2023 4:12,Slightly Delayed,3564.26,UPI
4380367305,8955057,4/8/2024 13:39,On Time,1313.89,Wallet
3626113485,97286925,3/26/2024 1:40,On Time,4059.84,Cash
4399099668,44050697,6/18/2023 17:12,Slightly Delayed,2045.24,Wallet
3760880745,8791577,10/13/2024 21:57,Slightly Delayed,1342.49,UPI
1803155516,98088303,6/21/2023 1:36,On Time,1874.24,Cash
4413782983,47515046,6/1/2023 18:19,On Time,814.87,Cash
6766424456,21866852,4/10/2024 5:53,On Time,904.88,Cash
8701531535,52613657,9/2/2024 23:59,Slightly Delayed,852.02,Card
3961971562,89811984,4/19/2024 19:39,On Time,263.7,UPI
1337510774,80800079,7/19/2024 12:41,On Time,1563.84,Card
8859147707,78394303,3/29/2024 21:44,Slightly Delayed,1820.22,Cash
5850669672,24137201,6/10/2023 8:45,On Time,3441.13,UPI
1183906926,60385293,12/29/2023 20:23,Slightly Delayed,882.31,UPI
6277509652,71956734,10/31/2024 8:24,Significantly Delayed,4850.27,Wallet
72748189,82286725,6/18/2023 6:33,Significantly Delayed,3654.1,Wallet
3164922639,74230420,5/5/2024 23:00,On Time,1727.29,UPI
1768504415,20209237,9/15/2023 19:49,On Time,1516.6,Wallet
8173155169,56441247,1/6/2024 14:50,Slightly Delayed,1245.24,Card
6164820061,91789216,5/26/2023 23:03,On Time,1332.79,Cash
768283559,24621386,2/9/2024 1:45,On Time,1780.68,Wallet
5091744424,53624677,11/15/2023 21:54,Significantly Delayed,13.25,Cash
932482893,81088747,7/24/2024 22:54,On Time,342.66,Card
4588148640,24137201,3/19/2023 19:07,On Time,2884.36,Card
8120457107,97664747,1/27/2024 18:46,On Time,3823.51,Card
6107471725,81940369,8/26/2023 7:39,On Time,3945.66,Wallet
7001417958,22358567,3/28/2024 3:48,On Time,817.16,Wallet
7983443604,39717448,1/18/2024 15:17,On Time,1707.78,Wallet
3057907418,81757554,4/4/2024 22:41,On Time,2382.53,Wallet
3312147996,67711384,6/6/2024 6:38,Slightly Delayed,5328,Wallet
6822269883,69276352,1/15/2024 7:25,On Time,999.44,Cash
5004539711,73933840,7/27/2023 23:59,Slightly Delayed,3936.23,UPI
2426015858,22081691,6/3/2024 0:23,Slightly Delayed,3841.06,Wallet
4415332793,7333934,4/24/2024 23:57,On Time,96.09,Cash
1256813796,12832151,5/9/2024 1:43,On Time,4157.79,Cash
633633688,71694275,9/4/2023 11:22,Slightly Delayed,5102.81,Cash
8311814996,50953418,9/9/2023 13:11,Slightly Delayed,3146.13,Cash
1441735184,41181125,10/31/2024 15:03,On Time,2119.23,Card
1525742840,39042103,6/24/2024 12:13,On Time,1791.07,Wallet
1947080315,54837637,10/9/2023 16:21,Slightly Delayed,385.71,Wallet
5682081545,57340963,7/11/2024 16:06,On Time,1276.66,Cash
8100817128,41494517,4/1/2023 22:04,Slightly Delayed,369.98,Wallet
6051792089,68906393,7/23/2024 21:53,On Time,2200.67,Cash
1158173915,27746432,8/13/2023 1:31,Significantly Delayed,3642.25,Card
266072469,49529811,8/2/2023 11:10,Slightly Delayed,877.17,Wallet
2529883737,94529626,8/10/2023 20:40,On Time,4623.58,UPI
9090089969,10951674,8/2/2023 21:09,Slightly Delayed,931.23,UPI
7102272749,10508763,4/9/2024 16:23,On Time,374.68,Cash
4948925080,21201299,4/27/2023 12:38,On Time,3344.82,Cash
9463013186,11928321,6/29/2023 17:28,On Time,1175.72,Card
5581013292,97557157,9/17/2024 19:03,Slightly Delayed,2823.96,UPI
7009619835,11063505,10/28/2024 6:21,On Time,1428.03,Cash
9177283950,33472376,8/24/2023 23:58,Slightly Delayed,4070.17,Wallet
9359187866,60732869,12/18/2023 9:30,Slightly Delayed,3474.61,Card
1524480475,14161586,6/23/2024 21:01,Significantly Delayed,3993.19,Cash
3829990099,60379302,2/5/2024 18:30,On Time,2064.98,Cash
1058609445,51341672,7/9/2024 18:57,On Time,2839.16,Cash
1022764286,62243869,4/21/2024 14:28,On Time,878.8,Wallet
1913299658,84377964,12/25/2023 12:59,On Time,1562.68,UPI
5305443623,80476444,1/13/2024 12:06,On Time,2634.39,UPI
4074369199,18259715,6/19/2024 3:22,On Time,296.94,Cash
9966404015,85072416,8/10/2023 11:52,On Time,2615.98,Wallet
3192917514,16617201,5/10/2024 9:01,On Time,53.49,Wallet
1256718210,6812439,5/24/2023 22:31,Slightly Delayed,781.08,UPI
6067839426,30317733,8/24/2023 8:03,On Time,1268.67,Cash
2254923956,80696046,8/19/2024 18:55,Significantly Delayed,2936.78,Card
7367673526,97144544,5/1/2024 9:07,On Time,2679.81,Cash
9467422683,10562528,9/20/2023 23:55,On Time,530.85,UPI
819853692,32656885,7/4/2024 17:23,On Time,1540.06,Wallet
3070834475,80269328,10/3/2024 14:22,On Time,1382.07,Wallet
3620552357,82918668,6/19/2024 2:55,On Time,1889.35,Wallet
5938542755,3408982,7/31/2023 17:01,On Time,2934.58,Cash
9315535975,70220141,11/16/2023 10:16,Significantly Delayed,1759.05,UPI
3547873471,11478478,10/8/2024 4:17,On Time,4304.12,Cash
6546999829,27381533,10/6/2023 18:00,On Time,4712.89,Cash
9039495201,25770577,3/27/2024 19:56,On Time,1258.39,UPI
99708985,91130614,11/19/2023 4:29,Slightly Delayed,2255,Card
6312811061,51661209,8/31/2024 13:45,Slightly Delayed,1004.9,UPI
3915885220,54580166,6/21/2024 10:35,On Time,1377.68,UPI
6654736751,45804389,4/25/2023 0:03,On Time,3452.86,Card
841915361,93318833,10/31/2024 19:04,On Time,3398.76,UPI
2543233800,46686696,9/23/2023 17:11,Slightly Delayed,1776.61,Wallet
5271947935,1601161,8/26/2024 23:07,On Time,1112.24,Wallet
6339554317,17132416,6/14/2023 0:50,On Time,3883.05,UPI
1840475676,27971619,5/27/2024 3:37,On Time,3010.74,UPI
6812031667,66023110,12/12/2023 14:29,On Time,4136.46,Cash
3031698482,75213636,10/11/2024 7:21,On Time,931.61,Wallet
7902025520,78725001,1/2/2024 21:20,Slightly Delayed,670.62,Wallet
1969446314,29584848,9/5/2023 19:47,On Time,1940.6,UPI
9949497098,8881320,10/28/2024 22:19,Slightly Delayed,1651.55,Card
4572338018,59141605,5/4/2023 10:43,Slightly Delayed,329.79,Cash
2964153358,78725001,6/12/2023 0:26,On Time,878.8,Card
7642038633,27709218,3/10/2024 11:32,Significantly Delayed,511.79,Wallet
8208980848,17341194,2/21/2024 23:40,On Time,2894.06,UPI
3343789681,20689141,5/27/2023 21:46,Significantly Delayed,831.1,Wallet
9478305481,92409489,2/2/2024 3:53,Slightly Delayed,1087.04,Wallet
3475260976,57291761,3/26/2023 18:49,Slightly Delayed,3819.84,Cash
3665443705,14330483,8/9/2024 13:18,Slightly Delayed,1238.18,UPI
673592541,75213636,4/5/2024 0:24,On Time,1684.03,UPI
8074949320,14472401,8/17/2023 13:22,On Time,1919.79,Card
8056021378,95558510,11/4/2023 22:21,Slightly Delayed,778.27,Wallet
2331582000,6637282,3/16/2024 9:19,On Time,212.14,UPI
5844776722,10038382,1/10/2024 12:05,On Time,3806.98,UPI
8426465860,88045094,2/29/2024 23:20,On Time,5206.71,Card
9057555029,60446619,2/2/2024 19:12,Slightly Delayed,1623.58,UPI
2210486526,65406127,12/13/2023 17:24,On Time,141.28,Card
6421432903,66766629,1/30/2024 17:31,On Time,1251.88,UPI
3562901354,5039883,5/6/2024 20:47,On Time,1897.97,Cash
8194268842,17929886,8/15/2024 7:53,On Time,1094.79,Card
7524467684,22321208,4/25/2023 0:40,On Time,2855.29,Cash
1254195766,60399360,12/21/2023 4:53,On Time,1601.53,Cash
6476646153,60967677,10/6/2024 2:25,Slightly Delayed,2672.31,UPI
8278568103,28876580,8/6/2024 1:00,On Time,2465.17,Wallet
8589621333,38420886,10/1/2023 13:43,On Time,3157.69,Cash
8531683720,85747175,10/25/2024 6:24,On Time,1705.25,UPI
327291657,67729191,7/15/2024 4:35,On Time,1560.19,UPI
6159164139,35690581,4/6/2024 6:07,On Time,3195.45,Card
8029863164,50652909,10/22/2023 16:03,On Time,2232.88,Cash
9387824629,96989204,12/30/2023 18:16,Significantly Delayed,237.62,UPI
3289836195,18082040,5/29/2024 2:36,Significantly Delayed,704.19,Wallet
5001931575,23380116,10/28/2024 20:02,Significantly Delayed,2224.46,Cash
7258292820,20689141,8/13/2023 22:07,Significantly Delayed,3920.14,Card
4924862857,65294340,8/8/2023 17:00,Slightly Delayed,4418.8,Card
8666314034,21697638,4/21/2023 18:59,On Time,951.9,Wallet
6775326324,16379942,6/17/2023 1:53,Slightly Delayed,1830.15,Wallet
6092636899,53025962,10/26/2024 2:02,On Time,237.62,Wallet
4115558056,98088303,4/17/2024 2:38,On Time,1720.72,Card
2352136184,75289676,11/21/2023 22:00,Significantly Delayed,3271.34,Wallet
1706445141,93370787,3/11/2024 19:01,Slightly Delayed,1856.94,UPI
9000165912,65895091,8/20/2023 8:14,Significantly Delayed,2821.61,Cash
7457305850,76857266,12/8/2023 11:59,On Time,3303.03,UPI
9685973820,34281470,4/20/2024 3:25,Slightly Delayed,536.77,Cash
168067196,11071601,7/16/2024 13:16,On Time,1398,Cash
6105240201,53299455,5/22/2024 23:20,Slightly Delayed,2915.01,Cash
1888247163,79630614,2/9/2024 11:35,On Time,48.55,UPI
7145162326,35459748,6/23/2023 22:29,Slightly Delayed,1507.31,Card
7611231659,78841932,9/22/2023 12:05,Significantly Delayed,1641.37,Card
4508784747,3483295,3/11/2024 1:43,Slightly Delayed,1596.72,Wallet
2567590825,13604883,10/10/2023 20:05,On Time,48.55,UPI
9255982861,83867512,10/17/2024 5:02,On Time,2748.87,Wallet
4102063254,86067293,1/13/2024 12:26,Significantly Delayed,482.06,UPI
7373931740,49117070,8/27/2024 0:02,On Time,2925.56,Card
5682816404,10830043,7/10/2023 14:59,On Time,2244.39,UPI
544018743,67310893,3/31/2024 14:16,Slightly Delayed,2878.88,Cash
3292929952,29272253,9/10/2024 6:42,Slightly Delayed,340.66,UPI
9144790321,15808945,4/17/2023 16:21,Slightly Delayed,2605.29,Cash
9075991438,3999964,6/21/2023 23:10,On Time,2562.56,Cash
3634813810,32527479,8/12/2024 5:08,Significantly Delayed,2780.54,Wallet
8250406975,9573071,12/7/2023 11:12,On Time,1148.92,Wallet
5877618756,80571942,7/7/2023 11:11,On Time,3870.08,Cash
2419292139,79916464,5/31/2024 22:38,Slightly Delayed,672.73,UPI
9547123332,66485571,6/7/2023 13:48,On Time,3485.53,UPI
6968636396,38902193,4/2/2024 19:35,On Time,500.05,Card
5247557644,44410149,5/20/2023 8:14,On Time,1631.31,Cash
7731193394,88553721,10/15/2024 13:06,Significantly Delayed,729,Cash
6048321120,24357425,7/25/2024 10:46,Slightly Delayed,3163.12,Card
8494582006,60967677,5/4/2023 15:51,On Time,4761.85,UPI
5600781757,67386193,6/18/2023 10:14,On Time,786.85,Card
495091707,56457995,9/16/2024 1:11,Slightly Delayed,2502.47,Wallet
3239613823,966247,4/18/2024 16:18,On Time,3110.34,Cash
3643352219,97928781,9/15/2023 9:42,On Time,3041.05,UPI
2051599638,44409533,4/22/2023 10:44,Significantly Delayed,3392.34,Cash
3514859549,16561710,12/21/2023 14:25,On Time,4073.75,UPI
3907599008,31328762,12/12/2023 0:56,On Time,3803.76,Cash
1534993603,97507853,1/7/2024 0:13,On Time,2593.89,Card
8980701254,1601161,5/12/2024 14:59,Slightly Delayed,3330.05,Card
6695408903,38613642,5/24/2023 13:41,Slightly Delayed,2136.83,Cash
3268455899,4439806,9/16/2023 17:06,On Time,5441.63,Wallet
7809161755,12778027,4/10/2023 16:15,On Time,1355.75,Cash
8873697539,91384030,2/14/2024 5:21,On Time,2292.56,Cash
8603941640,82948843,1/6/2024 7:56,On Time,3404.01,Card
8308184279,57658033,6/19/2023 8:05,On Time,2603.11,Wallet
7572826287,71252391,4/23/2023 11:47,On Time,1305.17,UPI
7478396641,77007315,12/5/2023 14:00,Slightly Delayed,1568,Card
3569283921,53636086,10/27/2023 7:19,On Time,2602.63,UPI
9947619677,6398761,8/20/2024 20:34,On Time,2743.63,Cash
5396237918,8228843,1/31/2024 19:59,On Time,1004.55,Cash
455878765,55733729,7/6/2024 4:10,On Time,959.01,Cash
2079195080,85518832,3/30/2024 2:33,On Time,957.68,Wallet
6104211214,62816600,7/21/2024 2:26,On Time,3536.35,UPI
9442939134,92245432,8/24/2024 11:40,On Time,956.67,UPI
3317293496,76917159,2/13/2024 8:53,On Time,1740.09,Card
8243326501,31681710,1/21/2024 11:22,On Time,317.05,Cash
4109483569,92416428,3/10/2024 18:42,Slightly Delayed,3758.7,Card
5390352336,13462905,7/15/2024 4:36,On Time,176.34,Wallet
2581584982,25770577,10/20/2023 2:08,On Time,2315.9,UPI
1668737869,69908484,3/23/2023 23:45,On Time,2907.39,Wallet
5046906329,65543312,8/7/2023 7:47,On Time,1438.16,UPI
2536833157,19067680,5/8/2023 4:44,On Time,999.83,Card
9176170352,98444183,11/3/2023 8:53,On Time,2360.84,UPI
833930925,9278983,1/10/2024 16:24,On Time,3217.03,Card
8515226099,15661901,8/21/2023 17:08,On Time,2541.31,UPI
2023020278,44477365,6/14/2023 10:11,Slightly Delayed,2301.59,Card
2840526544,63360864,3/28/2023 7:24,On Time,3795.46,Cash
7267422945,49260858,5/3/2023 12:11,On Time,6161.48,Wallet
9400777426,86487478,11/17/2023 0:17,Slightly Delayed,1237,UPI
3298603544,74515162,6/15/2023 23:44,Significantly Delayed,1394.47,Card
4479973293,68965787,9/11/2024 19:01,On Time,753.28,Cash
356236208,62068277,8/8/2023 13:12,On Time,1408.83,Cash
6699845542,22851478,12/6/2023 14:43,On Time,22.04,UPI
3106057977,30455484,6/7/2024 18:38,On Time,3120.62,Cash
1905367587,93321933,11/5/2023 8:39,On Time,3512.23,UPI
169590729,10019218,5/23/2024 5:12,On Time,2086.36,Cash
9820743709,81822494,12/3/2023 10:14,On Time,4843.24,UPI
6605882211,33544355,12/3/2023 10:33,Significantly Delayed,4248.77,UPI
9517765444,12832151,9/28/2023 4:45,On Time,764.33,Card
7766311749,74313592,11/28/2023 15:06,On Time,3345.5,Wallet
742238239,10605484,12/21/2023 21:27,On Time,2252.95,Cash
3146141485,47625855,12/27/2023 8:28,On Time,2812.23,Cash
6633702824,20148223,6/19/2024 8:54,On Time,781.08,Cash
5033749011,41164215,10/22/2023 13:42,On Time,3295.74,Wallet
4009496217,62416456,7/22/2023 3:10,On Time,2844.19,Wallet
4284473821,87251489,3/25/2024 8:13,On Time,2082.28,Cash
8860588793,50781611,8/3/2023 15:12,On Time,2052.47,Wallet
5305428485,9796585,5/7/2023 2:52,On Time,415.75,Cash
676278878,99784559,4/8/2023 8:15,On Time,2527.14,Cash
9459854097,40703374,10/28/2023 22:30,On Time,1682.46,Card
3895596621,91243571,10/29/2023 4:22,On Time,5579.47,Wallet
7750915110,49050014,9/18/2023 19:19,Slightly Delayed,2767.47,Card
5173951989,43990799,11/11/2023 17:17,On Time,4237.7,Card
6388954643,80286283,2/23/2024 6:51,On Time,193.46,Card
5819387689,49152878,9/8/2023 18:10,On Time,2115.04,Wallet
4184037584,68419593,10/15/2023 9:18,On Time,4028.13,Card
9525140554,91500615,10/15/2024 9:11,On Time,2589.99,Card
1617927874,84993732,9/14/2024 15:59,On Time,1025.18,UPI
1543944105,82804543,10/21/2024 17:50,Significantly Delayed,3442.86,Wallet
341580530,45804389,7/10/2024 7:11,Significantly Delayed,986.46,Cash
5133661902,79695653,11/13/2023 22:43,Slightly Delayed,870.29,Card
4557328309,82854537,6/13/2024 1:26,On Time,1159.93,Cash
4479421205,3893903,7/2/2024 12:16,Slightly Delayed,923.84,Cash
5740294639,67908555,7/31/2023 13:04,Slightly Delayed,2270.85,Wallet
8114060961,28394354,10/12/2023 17:37,Significantly Delayed,975.06,Wallet
5744553133,60495351,4/19/2024 3:10,Slightly Delayed,3112.01,Card
5029893308,73799927,1/26/2024 14:45,On Time,5337.58,UPI
9663384689,89523804,3/24/2023 16:57,Slightly Delayed,1731.34,Cash
7919240958,91614690,5/18/2023 23:59,On Time,3551.54,Cash
5211751826,77768189,8/31/2023 1:45,Slightly Delayed,6458.9,Card
8713129069,13189939,10/16/2024 8:29,On Time,3830.61,UPI
1407304162,76970363,3/31/2023 18:45,On Time,46.62,Wallet
3793875046,17675915,1/30/2024 8:17,On Time,913.2,Wallet
4903700958,66866026,5/30/2024 9:44,On Time,2189.02,Card
1989547877,60700850,12/14/2023 2:10,On Time,755.66,Card
9584857115,25829710,12/28/2023 23:03,On Time,2825.52,Card
7236760938,67918495,6/29/2024 11:59,On Time,1904.83,Card
4346903287,87463923,10/28/2024 23:39,On Time,752.3,Card
6353755071,41972994,2/12/2024 0:40,On Time,2335.6,UPI
89194627,37947202,3/6/2024 18:11,On Time,2925.55,UPI
544919267,54923640,9/25/2024 14:05,On Time,1388.18,Cash
6665075012,19067680,1/14/2024 3:01,On Time,2174.62,Cash
4461389660,27513158,7/30/2023 15:02,Significantly Delayed,3822.25,Wallet
8789328634,53332493,6/1/2024 1:20,Significantly Delayed,2138.87,Card
147066568,44149982,7/12/2024 7:44,On Time,1180.63,Cash
6712947216,1697604,4/11/2023 4:11,On Time,3566.54,Cash
4731158560,29361038,3/14/2024 18:21,On Time,3876.32,Card
6228958238,50650215,8/31/2023 4:13,Significantly Delayed,827.77,Wallet
8006440384,20625627,6/9/2023 5:17,On Time,2636.17,Card
7330672658,57474553,10/25/2024 4:02,On Time,770.59,Wallet
1766200974,60591625,10/13/2024 14:55,On Time,906.54,UPI
2878422829,84641682,7/16/2024 5:47,On Time,3560.1,Wallet
5862535621,76850859,1/3/2024 6:09,On Time,2401.81,Card
3781134163,61320989,2/3/2024 2:51,Slightly Delayed,3121.4,UPI
7835720444,45700473,1/10/2024 23:12,Significantly Delayed,2706.65,Cash
1952343673,68965787,2/24/2024 5:57,On Time,4745.09,Cash
9406096007,67092149,11/24/2023 9:00,Slightly Delayed,5878.14,Wallet
1136528533,20956158,8/22/2023 22:30,Slightly Delayed,545.49,Card
9137126466,75752515,8/5/2023 9:47,On Time,4786.91,Wallet
1495517558,96373206,8/17/2024 16:36,Significantly Delayed,2081.47,Card
1643011737,32585389,7/14/2024 8:23,On Time,2808.92,Cash
4067366774,19482392,2/23/2024 19:28,On Time,310.87,Cash
1683118802,92306841,12/17/2023 15:28,On Time,2544.79,Cash
5770514189,57340963,12/8/2023 16:21,Slightly Delayed,267.61,Cash
9612669334,49985597,6/24/2023 17:15,On Time,4789.72,UPI
3262295808,15487049,4/19/2024 20:12,On Time,2766.1,Cash
1593291198,93122847,9/30/2024 22:30,Slightly Delayed,2056.8,Cash
5327721432,13585482,9/28/2024 20:06,On Time,299.44,UPI
4879497185,51014003,10/17/2023 11:44,On Time,4723.23,Wallet
6883107728,97492493,2/11/2024 18:10,On Time,4247.33,Cash
1643246998,90649019,10/29/2023 16:54,Slightly Delayed,1700.52,UPI
913309291,89968482,6/16/2024 9:10,On Time,3661.13,UPI
8298829689,64535602,11/29/2023 12:16,On Time,242.57,Card
7155488252,12090436,9/28/2024 21:24,On Time,834.86,UPI
8316192789,25706121,7/7/2023 2:14,On Time,2422.14,Cash
3589756658,17749347,12/18/2023 9:06,On Time,3124.37,Wallet
8371900149,99893898,8/31/2024 13:11,On Time,1602.15,Card
6659686612,90919603,4/20/2024 3:06,On Time,4654.27,Card
2937676500,11202130,5/25/2024 18:53,Slightly Delayed,2018.48,Cash
9908301442,57967753,6/10/2023 8:02,On Time,976.13,Cash
3325049330,80761521,3/31/2023 19:04,On Time,2830.19,Cash
2330986566,29941225,3/26/2023 16:31,On Time,559.88,Cash
1495975802,17390673,1/27/2024 16:30,On Time,781.15,Card
4207249029,70529459,10/15/2023 17:44,On Time,1839.4,UPI
1150143976,1588560,8/12/2023 10:30,On Time,3115.75,Card
8443390148,21577948,6/12/2023 11:03,On Time,3484.02,UPI
8358703267,20496835,8/20/2023 10:52,On Time,2532.22,Wallet
1608084881,85907588,3/21/2024 23:37,On Time,307.23,UPI
2744486953,73891999,9/29/2024 20:05,Significantly Delayed,626.67,Cash
3036885153,4789829,2/29/2024 21:09,Slightly Delayed,3480.03,UPI
7335148205,85435560,6/30/2023 1:54,On Time,5814.13,Wallet
2356580295,4597433,8/21/2023 1:33,On Time,3687.29,Wallet
8999547266,21697638,12/9/2023 16:59,On Time,478.79,Wallet
3094439783,95873651,11/30/2023 3:55,On Time,114.52,Wallet
2753579193,2558646,3/29/2023 14:52,On Time,755.66,Card
7683077217,22047134,4/17/2024 18:12,On Time,870.29,UPI
2366099898,63339001,5/10/2023 20:45,On Time,987.51,UPI
1252810532,42102289,7/3/2024 21:22,Slightly Delayed,2064.17,Wallet
6493039553,90150193,8/6/2024 11:22,On Time,2955.87,Cash
9274842886,69761993,11/15/2023 18:46,On Time,3293.42,UPI
8255275254,46615831,12/3/2023 2:03,Slightly Delayed,3313.64,UPI
2136873695,2391900,7/9/2023 10:58,On Time,1381.22,Card
3253225736,61753272,7/19/2024 8:49,On Time,3607.82,Cash
7712604853,10608845,9/26/2023 23:28,On Time,2265.63,Wallet
5698803942,31813,10/10/2024 13:10,On Time,1227.21,UPI
4393804577,69242672,8/30/2023 13:42,On Time,2410.08,Card
9307961643,82322028,4/24/2024 17:30,On Time,2930.91,Cash
14103943,9105829,11/24/2023 8:47,Slightly Delayed,1538.3,Cash
4183595096,64141971,1/9/2024 6:21,On Time,1715.44,Card
9915365099,14367270,5/19/2023 11:35,On Time,2197,Wallet
7979108696,63368244,5/20/2024 22:10,Slightly Delayed,3369.12,Cash
8756485728,97466783,2/10/2024 21:20,On Time,2861.42,Cash
4859441294,3468355,5/30/2024 5:59,Slightly Delayed,367.08,UPI
8100291984,54885705,8/21/2023 19:19,Significantly Delayed,631.7,Cash
7825714018,56548063,8/27/2024 19:59,On Time,3841.27,UPI
1785144322,8025622,7/22/2024 16:54,Slightly Delayed,2161.8,Cash
242240959,64562786,1/26/2024 15:20,On Time,1406.3,Cash
3527621284,86636273,7/21/2024 4:23,On Time,4854.45,Cash
2254856113,29973346,4/16/2023 10:26,On Time,2481.23,Cash
4295420935,97185284,9/4/2024 11:38,On Time,1882.87,Wallet
8739415992,55042740,6/2/2023 23:08,On Time,1330.09,Wallet
2123879653,43599910,10/31/2024 8:33,Slightly Delayed,941.19,Cash
1054974834,12272282,5/14/2023 18:40,Slightly Delayed,1785.73,Cash
6660596550,48554440,6/21/2024 2:56,Significantly Delayed,1954.48,Wallet
1633238374,26303194,8/12/2023 10:41,On Time,539.92,UPI
8133246330,34526570,10/8/2023 13:18,On Time,758.8,Card
4696656818,28458746,4/11/2023 13:00,Slightly Delayed,2932.44,Card
7590214417,69240186,5/9/2024 22:20,Significantly Delayed,2315.55,Cash
1736212920,9401406,9/10/2024 15:13,On Time,3377.91,Wallet
4507702369,27955158,4/23/2023 23:54,On Time,3434.25,Card
6458765046,83348353,6/29/2023 17:39,On Time,1535.36,Cash
47953423,96806748,2/27/2024 0:13,On Time,2094.28,UPI
1263714922,77086539,10/6/2023 1:07,On Time,3523.86,Cash
2061768860,12469338,9/19/2023 16:43,Slightly Delayed,925.65,Card
4264335652,71321741,9/8/2023 6:23,On Time,977.67,UPI
3087181728,58513300,7/5/2023 6:10,On Time,171.2,UPI
599772156,35358395,3/24/2023 4:38,Slightly Delayed,1566.3,Wallet
6074313668,77614510,9/27/2024 10:46,On Time,277.76,Cash
5497551107,41647393,8/18/2024 15:51,On Time,562.89,Wallet
9102202025,98896871,4/10/2024 7:36,Significantly Delayed,1559.6,UPI
8794436743,40727086,7/17/2023 6:27,Slightly Delayed,4346.56,Card
3299603042,77614510,6/17/2024 4:02,On Time,3296.49,Wallet
243077069,46623192,4/25/2024 18:34,Slightly Delayed,1745.32,UPI
6749594412,16436359,11/30/2023 15:16,Slightly Delayed,3392.98,Cash
5378344982,33658749,2/17/2024 1:04,Significantly Delayed,109.03,Card
9103834515,61851054,1/3/2024 8:27,On Time,2255,Card
6237437720,15568831,8/26/2023 7:00,Slightly Delayed,598.83,Wallet
2719670578,95382317,9/4/2024 9:46,Significantly Delayed,2857.54,Wallet
2748681349,84862161,5/15/2024 5:36,On Time,1846.87,Card
9851618724,96149069,10/3/2023 18:03,Slightly Delayed,3628.23,Card
7013533376,81500385,12/8/2023 14:00,On Time,1242.23,UPI
9727047029,94730288,1/4/2024 1:55,On Time,786.85,Cash
1191540022,69863493,9/15/2024 0:08,Slightly Delayed,994.56,UPI
5733572517,5039883,8/5/2024 0:09,Slightly Delayed,1706.96,Cash
9647928644,99406165,5/19/2023 13:40,On Time,612.04,Wallet
9696598689,7288562,8/24/2023 18:13,Slightly Delayed,130.01,Card
1091207520,65559853,10/5/2024 19:02,On Time,4752.89,Card
7995971909,1342184,5/8/2023 18:11,Significantly Delayed,3065.9,Wallet
6077755741,40055711,7/20/2023 23:23,Slightly Delayed,321.28,Card
1240745644,22915611,5/20/2023 11:57,On Time,2401.54,Wallet
1397810713,9314637,12/9/2023 14:37,On Time,2534.35,Wallet
5149614189,90150193,7/24/2023 14:47,Slightly Delayed,923.84,Wallet
7453349798,65488134,8/10/2023 13:54,On Time,2182.13,UPI
7570986632,45166203,5/17/2023 11:01,On Time,3810.34,UPI
5292931220,38327793,11/25/2023 2:57,On Time,3112.63,Cash
2654499230,79478655,6/10/2023 17:45,On Time,3594,Cash
2327587597,24621386,6/29/2024 17:28,On Time,2167.31,Card
5852189277,29653387,10/13/2024 14:14,On Time,615.56,UPI
8943211530,14632090,9/23/2023 18:15,On Time,2867.18,Card
3305649506,90649019,11/15/2023 0:30,On Time,2556.55,Wallet
538997323,13492411,4/17/2023 3:28,On Time,456.58,Cash
2966187610,67310893,4/13/2023 1:04,Slightly Delayed,1334.05,Wallet
866693541,14472401,6/24/2024 19:15,On Time,1917.12,Cash
440721658,9450435,5/5/2023 10:12,On Time,1749.09,Cash
2084323012,11202130,6/3/2024 13:19,On Time,1390.65,Wallet
4876314410,37227953,11/1/2024 6:57,On Time,1735.7,Card
2401282648,21425168,8/10/2023 20:45,On Time,483.9,Card
2117291471,33481252,6/21/2023 15:31,On Time,1361.47,Cash
5455295163,46989310,8/25/2024 11:26,Significantly Delayed,2275.16,UPI
3219761206,44589829,7/14/2024 12:58,On Time,2975.65,Card
7423918026,84448310,4/27/2024 9:54,On Time,2329.61,UPI
1793817443,68661619,11/14/2023 23:44,Slightly Delayed,1474.45,Card
2644609220,97825663,5/22/2024 7:43,On Time,2805.47,UPI
1353492780,57765367,3/6/2024 16:25,On Time,1205.58,UPI
1230061693,11616535,6/15/2023 18:21,On Time,1633.54,Wallet
6299572675,81046421,8/17/2023 18:46,Slightly Delayed,1114.77,Wallet
5956863364,24821281,2/20/2024 23:36,Slightly Delayed,918.58,Wallet
6788884093,2566268,10/6/2024 20:03,On Time,2885.2,UPI
6120799223,84377964,1/14/2024 0:47,Slightly Delayed,1441.13,UPI
3892854030,74179536,2/8/2024 4:02,On Time,3818.13,Card
1883324334,76327561,7/27/2024 4:24,On Time,1762.3,UPI
4541530278,59517074,4/5/2024 2:15,Significantly Delayed,3075.26,Wallet
8807380767,37947202,4/22/2023 21:41,On Time,699.62,Cash
5865396281,84119685,2/6/2024 2:08,Significantly Delayed,994.56,UPI
340451825,87691707,9/25/2024 19:16,On Time,2930.46,Card
3327784606,61982521,1/11/2024 7:40,On Time,234.36,Cash
5990129875,87160527,7/13/2024 8:44,Slightly Delayed,2192.83,UPI
8808930721,59329145,10/21/2023 21:29,On Time,2623.19,UPI
8116880443,26752630,7/23/2023 1:47,On Time,3628.41,Card
9933926720,96640716,8/17/2023 5:10,On Time,1488.67,UPI
776562418,54923640,9/8/2024 21:57,On Time,1532.9,Card
6105793582,67538982,4/13/2023 1:28,Slightly Delayed,1897.12,Cash
9247779866,19523014,10/24/2024 2:47,Slightly Delayed,2452.82,Wallet
5456672526,52757321,9/23/2024 17:51,On Time,3534.84,Wallet
6676994910,50557979,11/28/2023 22:30,On Time,2181.99,Wallet
9353512235,97277696,11/29/2023 11:12,On Time,933.3,Cash
6539196955,58974323,5/27/2024 8:15,Significantly Delayed,1508.88,Wallet
7886908865,1529180,4/7/2023 2:53,On Time,4319.96,UPI
7548844176,12088552,5/12/2023 17:23,On Time,1227.14,Card
3375735380,93735495,6/15/2024 4:48,On Time,3373.41,Wallet
32604190,51503088,12/8/2023 9:08,On Time,1169.84,Wallet
5731985133,80696046,6/21/2024 9:35,Slightly Delayed,715.72,UPI
7586577278,63360864,11/24/2023 7:41,On Time,3704.57,UPI
7765930124,82179338,10/14/2024 7:40,On Time,1921.46,Wallet
299059193,26805477,5/4/2024 9:02,On Time,1520.7,UPI
135053432,10796846,4/24/2023 13:30,On Time,3330.44,Wallet
9618593702,29451600,3/31/2024 9:26,Slightly Delayed,3886.48,Card
2802699236,83262890,5/8/2024 21:07,Significantly Delayed,576.22,Wallet
2044567188,4988545,5/19/2023 10:27,On Time,3889.03,Card
913489768,57833505,6/27/2023 0:50,On Time,3824.6,Cash
6856986497,3421258,2/19/2024 15:44,On Time,223.27,Cash
7292898570,26285589,9/5/2024 22:34,Significantly Delayed,2532.09,Wallet
6223087303,65570302,8/5/2024 15:22,On Time,447.28,Card
403352765,4057678,9/30/2024 8:32,Slightly Delayed,1568.48,Wallet
7004560997,81994445,9/20/2024 2:11,Slightly Delayed,1459.57,Cash
8159868515,2558646,4/12/2024 11:43,On Time,2797.64,UPI
8854320668,67918495,11/17/2023 8:24,On Time,417.39,UPI
2285302205,13251137,8/25/2024 9:54,On Time,4438.92,Wallet
5160584867,34897081,6/2/2024 18:31,On Time,3140.25,Cash
4314105605,34787383,7/12/2024 18:30,On Time,317.8,Wallet
9895756835,10694081,10/9/2024 15:05,Significantly Delayed,3821.8,Card
1975300826,35885052,9/25/2024 18:01,On Time,1685.6,Wallet
2214666083,66427343,8/13/2024 17:16,On Time,923.09,Cash
4735339432,29653387,3/4/2024 3:07,On Time,2630.14,Cash
9863540120,33675108,7/14/2023 0:40,Slightly Delayed,769.21,Cash
8789376461,28394354,9/17/2023 1:06,Significantly Delayed,1626.99,Wallet
4784591220,88923048,10/29/2024 3:28,On Time,3656.06,Wallet
6759658833,84377964,9/29/2023 7:08,On Time,3420.13,UPI
1241631129,3897936,4/26/2024 21:15,On Time,1322.18,UPI
8803314647,93938425,8/17/2024 4:42,On Time,1789.57,UPI
1016410657,32830199,11/1/2023 23:05,On Time,3656.07,Card
8284240513,949062,4/5/2023 11:28,On Time,3558.14,Card
343239069,41439103,2/12/2024 17:28,On Time,2655.22,UPI
3941137932,84929351,2/28/2024 14:12,Significantly Delayed,5473.26,Wallet
8955573840,21461764,7/28/2023 8:17,Slightly Delayed,4869.22,Cash
6832435511,62971413,4/18/2023 15:30,On Time,2575.94,Cash
3014319697,28428852,8/27/2023 5:03,On Time,1822.73,Cash
7367717333,11047835,7/30/2023 10:15,On Time,2091.23,Card
9389677233,99714944,8/10/2024 12:35,Slightly Delayed,2143.74,Cash
2929883167,41146001,12/5/2023 16:41,Slightly Delayed,918.58,UPI
9045592834,84119685,10/30/2024 16:52,On Time,997.61,Cash
7128308885,76604145,12/14/2023 10:38,Slightly Delayed,2541.96,Cash
2060028411,27694927,11/15/2023 18:55,On Time,1751.84,Wallet
3856301920,63339001,7/5/2024 4:07,Significantly Delayed,796.36,Wallet
7248479077,31940833,9/23/2023 13:27,On Time,3007.61,UPI
2738466605,49147776,8/23/2024 5:00,On Time,439.24,Card
9801353230,96853930,5/18/2023 12:01,Slightly Delayed,3749.33,Wallet
2103613260,67528368,7/1/2024 19:49,On Time,1031.19,Card
7624166218,29525287,1/4/2024 0:23,On Time,1213.14,UPI
4692680597,97185284,6/20/2023 22:49,On Time,2789.63,Card
2028074931,33998721,6/23/2024 17:52,On Time,3038.93,Cash
6247819401,57526322,3/30/2023 6:00,On Time,3456.8,Cash
6299879620,48160359,11/10/2023 17:37,Slightly Delayed,1300.47,Card
3398014747,87823209,6/15/2023 6:52,On Time,2430.88,Cash
4526087670,54923640,11/3/2023 6:17,On Time,2304.85,UPI
4473653758,4597433,8/26/2024 16:17,On Time,2342.62,Cash
1286821727,32003512,8/4/2024 2:44,On Time,2910.9,UPI
5566617391,81822935,8/21/2024 19:41,Slightly Delayed,2195.25,Cash
6630935939,67708491,10/31/2024 10:29,On Time,3344.49,UPI
8676443273,47215976,5/24/2024 10:53,Significantly Delayed,58.59,Wallet
439562091,36400756,4/26/2024 18:16,On Time,2223.31,Cash
7361440096,82529927,2/12/2024 12:22,Significantly Delayed,1068.91,Card
2480611325,30823988,2/25/2024 16:24,Slightly Delayed,4729.75,Cash
5091640382,64141971,1/31/2024 6:58,On Time,402.11,Card
1443292147,8395610,4/16/2024 3:18,On Time,3889.01,Wallet
3342653518,6319646,7/22/2023 7:35,On Time,577.13,UPI
3836073957,54952806,7/16/2023 18:18,Slightly Delayed,1264.91,Card
4192669219,44589829,4/22/2024 3:00,On Time,1447.55,Wallet
6922121165,97928781,1/4/2024 7:51,Significantly Delayed,1513.91,UPI
4850653474,66932104,3/5/2024 3:41,On Time,2997.71,UPI
1229660813,54748429,11/2/2023 19:30,Significantly Delayed,5173.19,UPI
5194396051,12338529,10/26/2024 18:11,On Time,508,Cash
8971899775,92118758,3/4/2024 12:09,On Time,5067.85,Wallet
5619049608,56572297,5/6/2024 13:10,Significantly Delayed,3972.23,Card
9943996342,3282647,9/12/2023 22:57,On Time,4252.97,UPI
4548721519,93018527,8/20/2024 23:28,On Time,1816.47,Wallet
6211537502,2164524,9/6/2023 23:08,Significantly Delayed,1427.81,Wallet
347093563,31026200,9/23/2024 13:17,Significantly Delayed,2614.94,Card
1855924568,33472376,8/20/2024 22:49,On Time,3758.71,Card
5914484553,4378755,11/17/2023 16:40,On Time,931.36,UPI
8068903161,11705793,2/14/2024 22:15,On Time,4089.67,Wallet
2147159735,50527764,5/13/2023 3:52,On Time,1246.63,UPI
9006983686,68063317,10/10/2023 0:41,Slightly Delayed,788.36,Card
7606134274,69034027,5/28/2024 12:31,Slightly Delayed,832.06,Card
4034750827,10019218,6/24/2023 4:04,On Time,1168.59,Wallet
851062565,49457685,3/15/2024 11:23,Slightly Delayed,3773.85,Cash
4283323746,93321933,11/1/2023 3:01,Slightly Delayed,2824.79,Wallet
7842390585,6637282,10/11/2023 12:35,On Time,2820.47,Wallet
2449548943,68486301,9/23/2023 11:24,Slightly Delayed,1635.94,Wallet
7067924535,95371787,11/28/2023 2:51,Significantly Delayed,422.14,Cash
1602291242,19581959,3/29/2023 9:40,On Time,2648.42,Wallet
7067630786,75082508,9/28/2023 8:03,On Time,2467.57,Card
9726762425,75674671,8/13/2023 21:45,On Time,4041.64,Wallet
1129887168,21201299,2/16/2024 3:22,On Time,1818.6,Wallet
3371892236,81763298,5/6/2024 17:18,On Time,2101.11,Wallet
6532953824,93924203,11/2/2024 11:49,Significantly Delayed,3946.2,Cash
252964377,89531595,5/31/2024 8:22,On Time,1197.31,Cash
6270495384,12272282,9/11/2023 22:37,On Time,878.07,Cash
2450770184,45323391,8/11/2023 9:00,Slightly Delayed,3428.44,Wallet
7543192113,82898985,12/28/2023 5:43,Slightly Delayed,4768.12,Cash
9890817032,12967305,4/24/2023 6:21,On Time,582.87,Card
183165359,73098723,5/24/2023 6:47,Significantly Delayed,90.56,Wallet
2136907826,7591711,12/21/2023 14:21,On Time,887.78,Wallet
2801605687,16561710,3/4/2024 21:19,On Time,1956.01,Card
8869292457,12851610,9/25/2024 4:22,On Time,2971.17,Card
5414471648,46741896,5/20/2023 3:22,On Time,3156.76,Card
7827370415,97770901,6/23/2023 12:23,Slightly Delayed,576.7,Wallet
7216662926,76327561,7/11/2024 21:59,On Time,123.74,Cash
349410429,42514124,1/29/2024 1:59,On Time,255.6,Wallet
8512030806,77768189,10/26/2024 11:26,Slightly Delayed,2772.71,Card
8003807551,76917159,8/25/2024 11:46,On Time,4583.02,Cash
274320517,18567760,8/23/2024 4:13,On Time,1654.66,Wallet
2150447285,93370787,6/13/2024 10:24,On Time,1299.62,UPI
5089385450,33608451,6/16/2023 14:35,Slightly Delayed,3352.28,UPI
8622799862,5386246,2/10/2024 2:57,On Time,2724.25,Card
2773034272,36400756,6/27/2024 4:28,On Time,2309.25,Wallet
4028266143,19216141,3/16/2023 8:31,On Time,616.45,Card
9691888826,54680459,10/31/2023 16:21,On Time,1075.43,Card
8891340263,87718744,9/2/2024 0:09,On Time,3612.45,Wallet
1149293318,43459807,11/25/2023 20:09,On Time,123.74,UPI
1288695184,46885873,10/3/2023 1:31,On Time,984.35,Wallet
5229336544,72857290,9/22/2023 20:53,Slightly Delayed,1017.1,Wallet
196885435,88045094,6/25/2023 2:20,On Time,96.09,Wallet
6961457996,89704218,10/26/2024 21:31,On Time,3243.74,UPI
5059907679,65963876,4/18/2024 11:47,Slightly Delayed,4049.8,Card
9046226901,38728779,2/28/2024 7:15,On Time,486.28,UPI
515408216,3408982,12/25/2023 9:36,Slightly Delayed,1665.29,UPI
9048597167,75510747,6/17/2024 2:18,Significantly Delayed,2379.23,Wallet
4308216668,6335221,7/11/2024 5:59,Significantly Delayed,3751.75,UPI
8671875127,13383642,6/5/2023 1:39,On Time,2445.48,Wallet
9622968817,96042320,6/12/2023 22:58,On Time,2846.85,Card
7832599414,18889370,8/7/2023 7:16,On Time,2986.47,UPI
5533307028,21577948,5/27/2023 10:39,On Time,5567.15,UPI
752185231,24633671,3/2/2024 4:01,On Time,1091.67,Wallet
5859787209,8628482,9/30/2024 6:06,Slightly Delayed,2601.55,Cash
1736713150,46741896,1/7/2024 10:03,Slightly Delayed,730.32,Cash
3620570172,25829710,4/16/2024 18:25,Significantly Delayed,422.87,Card
5758119413,22694456,10/10/2024 9:25,Slightly Delayed,2017.51,Wallet
2204489775,79257353,5/3/2024 1:11,On Time,2799.27,Card
5881059783,2219590,8/1/2023 10:03,On Time,1432.73,Cash
9475167773,48418662,7/24/2023 17:30,Slightly Delayed,2224.47,Cash
4635228647,6459100,8/27/2023 19:34,On Time,1218.98,UPI
8394536341,6459100,8/17/2024 7:51,Slightly Delayed,949.73,Cash
4726427550,93699264,2/4/2024 22:57,Slightly Delayed,891.6,Card
5387935727,22694456,10/2/2023 4:06,On Time,1457.05,UPI
1886705751,73393269,4/19/2023 18:50,On Time,878.07,Wallet
4224014067,85218071,5/15/2023 12:01,On Time,3274.45,Cash
8726515908,82900175,10/1/2024 16:00,On Time,3941.32,Wallet
7388091459,10562528,10/16/2024 15:30,Slightly Delayed,5228.36,Card
9320256091,32595806,1/11/2024 17:10,On Time,1628.06,Card
3872093894,67729191,11/1/2023 11:42,Significantly Delayed,267.18,Cash
992848455,44269569,9/18/2024 12:49,On Time,2749.56,Card
4458723519,38902882,9/1/2024 17:25,On Time,2217.71,Wallet
7755662096,10700664,1/30/2024 12:43,Slightly Delayed,1963.69,Cash
5779793224,95971469,5/13/2024 1:56,On Time,2121.4,Card
8253576531,57063557,8/22/2023 19:11,Slightly Delayed,1686.55,Cash
4993169316,90649019,7/10/2024 16:56,Slightly Delayed,3585.38,Cash
828017545,12622901,3/12/2024 2:25,Slightly Delayed,1197.51,UPI
2012368621,71252391,7/21/2024 4:32,On Time,1328.97,Card
6603205997,37702698,5/17/2024 7:11,On Time,4193.2,Card
833581472,31026200,8/19/2023 15:33,Slightly Delayed,1495.9,UPI
8755782101,50557979,12/30/2023 16:40,On Time,424.58,Cash
1049830215,44828791,8/6/2024 1:47,Slightly Delayed,1177.01,Wallet
2399383238,79789048,11/9/2023 18:09,On Time,3759.65,UPI
143399998,46686696,10/17/2024 13:55,Slightly Delayed,481.63,UPI
2444273306,32003512,6/27/2024 18:21,On Time,2023.82,UPI
1309618968,91228580,4/4/2023 19:47,On Time,3211.74,Cash
3972788794,67708491,3/26/2024 0:03,On Time,1274.33,Wallet
2356073413,29902416,3/16/2024 23:23,Slightly Delayed,2690.61,Card
3775683944,57217288,7/31/2024 20:55,On Time,3297.69,UPI
8994776653,3002538,12/22/2023 5:55,Slightly Delayed,2384.45,UPI
8124075720,46741896,10/11/2024 15:31,On Time,1077.91,Wallet
5534171862,97664747,11/19/2023 0:38,Slightly Delayed,4216.87,UPI
4825558658,41008070,8/11/2024 23:00,On Time,1446.36,Wallet
1541676341,73660582,8/26/2023 23:35,Slightly Delayed,638.39,Cash
5360755658,68341636,6/22/2023 1:02,On Time,4391.02,Cash
844328418,29584848,4/11/2023 21:39,Significantly Delayed,2429.88,Card
1843468816,55425478,7/3/2023 3:03,On Time,2092.13,Cash
3771484570,60319216,8/15/2023 20:43,On Time,2809.06,UPI
2458783424,1497747,6/2/2023 16:45,On Time,1072.62,Card
2272849018,6982488,11/4/2024 0:15,On Time,1797.17,UPI
8549503132,63238941,3/29/2023 10:49,On Time,1824.21,Cash
4032847942,10857389,9/28/2024 4:10,On Time,169.88,Wallet
8224665612,27727819,7/16/2023 12:34,On Time,3720,Wallet
8007222259,31940833,2/5/2024 1:14,On Time,2700.94,Card
3522030676,46313756,6/1/2023 15:26,Slightly Delayed,604.87,Wallet
3224743071,17805991,10/4/2023 19:59,On Time,2374.92,Cash
7474790671,43256928,10/13/2023 18:57,Slightly Delayed,4457.7,Cash
7884745950,13585482,4/9/2024 21:50,On Time,2356.29,Cash
8269502930,11616535,6/1/2024 2:03,On Time,826.21,UPI
985347383,50080663,5/22/2024 19:09,On Time,4860.53,UPI
5932091553,80571942,10/22/2024 11:07,Slightly Delayed,1269.18,Card
69932727,83236183,8/28/2024 16:10,On Time,2192.28,Wallet
2715027145,26903313,5/25/2024 3:48,Slightly Delayed,1301.38,Cash
5234261944,18113428,6/30/2023 20:23,On Time,3315.64,Wallet
2818967815,74212242,4/8/2024 21:17,Significantly Delayed,1612.04,Cash
1598213217,37947202,8/9/2023 12:40,On Time,4755.76,Wallet
9087747856,31681710,5/28/2024 19:41,Slightly Delayed,530.85,Cash
9606925547,45659330,3/10/2024 20:52,On Time,1293.2,UPI
9866554851,63793401,7/3/2023 9:17,On Time,3641.7,Wallet
3719294769,64316806,8/27/2024 16:53,On Time,951.43,UPI
3576529840,13383642,7/15/2024 11:21,Slightly Delayed,1697.53,UPI
5478986113,72089140,4/16/2023 0:26,Slightly Delayed,4538.48,UPI
6724582316,14991661,10/28/2023 23:59,On Time,22.14,Card
4391559649,60904312,6/25/2023 0:05,On Time,2595.1,Wallet
9530258400,84850688,10/24/2023 23:09,On Time,3087.68,UPI
609162117,85233498,9/23/2023 16:00,Significantly Delayed,3723.26,Cash
755143077,6856445,7/31/2023 8:28,On Time,3152.22,Cash
5239439928,67908555,8/25/2023 8:26,Slightly Delayed,3988.72,Card
1328248068,51556553,5/14/2024 0:59,Slightly Delayed,1817.16,Cash
1440606577,76917159,4/30/2024 12:42,On Time,2092.55,Wallet
8884389971,95858939,8/18/2024 17:30,On Time,1889.4,UPI
7307977336,95858939,9/2/2023 8:47,On Time,939.2,Cash
5953535252,79630614,6/8/2024 18:58,On Time,1693.84,UPI
6133025410,6061349,9/9/2023 9:06,On Time,3478.04,Cash
798088726,89699655,9/7/2023 7:57,Slightly Delayed,3022.46,Cash
3372412988,89036169,1/22/2024 20:01,On Time,3759.52,UPI
4910060567,24323106,4/2/2023 10:43,On Time,3151.21,UPI
8708211566,38420886,4/30/2023 20:23,Slightly Delayed,2544.23,Cash
2126853184,92509376,10/15/2024 20:53,Slightly Delayed,2444.79,Cash
4390795259,66932104,9/20/2023 9:46,On Time,923.84,UPI
9030686359,5961261,5/1/2023 23:02,On Time,2386.48,Card
8565611606,85854265,2/1/2024 4:19,Significantly Delayed,1156.45,Card
6782020758,23380116,11/30/2023 6:23,On Time,1979.99,Cash
561884159,84066402,9/1/2023 14:23,On Time,3232.78,Wallet
2767430579,16424635,10/21/2023 7:51,Slightly Delayed,2819.8,Wallet
5934372451,56441247,4/10/2023 1:58,On Time,3355.51,Cash
6833977302,97475543,6/5/2023 4:44,Significantly Delayed,2495.74,Wallet
8396649871,2517955,2/27/2024 16:16,On Time,950.6,UPI
1937188757,57392064,9/5/2023 2:46,On Time,3936.8,Cash
3142198801,49152878,7/16/2024 1:14,On Time,1409.38,Wallet
6087109745,84824280,3/18/2023 19:01,On Time,2201.69,Cash
8895262247,191616,3/20/2023 3:14,Slightly Delayed,1664.01,Card
5138524153,7522036,8/9/2023 18:06,On Time,845,Card
9789995549,34567918,1/24/2024 22:05,On Time,2653.75,Cash
7485459856,89784343,9/15/2023 7:10,On Time,1163.04,UPI
4033626537,66943324,5/3/2023 22:54,On Time,1379.99,UPI
9370915142,95372766,10/28/2023 19:29,Slightly Delayed,1849.29,Card
7211325894,70976153,4/21/2023 14:27,On Time,2956.03,Card
3482827003,77869660,5/8/2023 14:59,Slightly Delayed,3749.87,Wallet
6656246719,19180962,9/9/2024 13:42,Slightly Delayed,885.08,Wallet
6092663288,51341672,9/28/2024 3:12,On Time,4680.35,Cash
9346041594,77559557,6/8/2023 14:26,On Time,3936.68,Cash
9105127475,87213891,11/10/2023 13:37,Slightly Delayed,4110.56,Card
6120818381,34768050,5/2/2024 0:28,On Time,3091.49,UPI
5174370629,31156674,7/9/2024 2:51,On Time,729.87,Card
3244930036,67386193,5/15/2023 1:17,On Time,2457.44,Cash
2976493998,820740,10/26/2024 8:38,Slightly Delayed,2716.3,Card
7971593791,92209869,6/14/2023 4:31,Significantly Delayed,2048.91,Wallet
4052544342,58214883,4/30/2024 18:23,Significantly Delayed,987.59,Cash
6264003424,26863280,8/3/2024 11:28,On Time,517.03,UPI
3436107152,64141971,4/4/2024 18:16,On Time,3112.14,UPI
8546631319,10541231,10/30/2023 18:42,On Time,327.07,Wallet
640960551,34237583,6/9/2023 2:50,On Time,3018.53,Cash
1141173434,5961261,11/24/2023 4:24,Slightly Delayed,77.11,Wallet
528309380,52409516,4/30/2024 10:59,Slightly Delayed,2021.54,Wallet
2387509904,63310076,7/26/2024 0:01,On Time,4019.23,Card
6791931269,38133873,7/5/2024 1:32,On Time,329.79,Wallet
4063689432,6025470,10/14/2023 3:18,On Time,4593.42,Cash
1206887762,59909004,6/19/2024 1:04,Slightly Delayed,1620.95,Wallet
6409437174,3399251,12/6/2023 13:00,Significantly Delayed,1348.39,Wallet
1355164713,28995786,9/3/2023 15:15,On Time,2054.43,Card
2604772138,15144290,5/21/2024 11:26,On Time,1515.64,Cash
5868093790,61618079,4/5/2023 23:55,On Time,443.03,Card
10161194,63238941,12/24/2023 23:10,On Time,3827.54,Card
8930380639,98540377,10/3/2023 2:51,On Time,556.35,UPI
2247940574,11202130,4/9/2024 7:42,On Time,2397.73,Card
6190907327,64151769,11/3/2023 0:35,On Time,1891.03,Card
127277515,35455991,9/30/2023 8:18,On Time,2838.48,Card
8209093135,2558646,10/30/2023 6:16,On Time,481.63,Card
4419380079,1989720,12/15/2023 15:15,Slightly Delayed,3278.3,Cash
2954606845,14294171,10/26/2024 8:39,On Time,995.56,Wallet
5128739359,57081917,7/25/2024 3:49,On Time,730.51,Cash
8183315245,80499378,2/27/2024 15:17,Slightly Delayed,825.46,UPI
8820606892,8395343,4/13/2023 5:56,On Time,2635.56,Cash
7779228340,8395343,6/9/2023 9:44,On Time,545.49,Cash
8459230018,50899600,6/2/2024 23:56,On Time,4124.32,UPI
7060468800,83867512,7/3/2024 3:43,Slightly Delayed,2192.05,Wallet
218821567,95428692,3/8/2024 20:49,On Time,1711.15,Cash
7795766861,79135318,5/10/2023 23:35,On Time,3024.18,Wallet
4285804383,23755474,5/1/2023 2:15,Slightly Delayed,479.64,Card
5961051248,20834589,10/28/2024 20:12,On Time,3502.35,Cash
5630323534,98218863,3/8/2024 13:40,Slightly Delayed,1450.75,Cash
4642824835,76327561,7/7/2024 2:41,On Time,4721.64,Cash
3060527554,75213636,3/27/2024 15:50,Slightly Delayed,1143.28,UPI
4048252396,75213636,4/12/2024 19:45,On Time,2437.04,Wallet
1271431612,18082040,4/16/2024 13:05,Slightly Delayed,2167.1,Cash
8981940261,31537100,5/24/2024 18:51,On Time,3097.06,Cash
3896239510,90856813,5/19/2023 13:05,Slightly Delayed,2011.56,Card
711316410,25587553,2/20/2024 10:15,On Time,2027.04,Cash
9863502398,31619915,12/19/2023 9:35,On Time,1379.82,Card
293770293,45066676,9/20/2023 5:43,On Time,1019.25,UPI
890800429,95594611,3/28/2024 2:58,On Time,2490.28,Cash
1270503169,8791577,7/9/2024 11:42,On Time,3836.35,Wallet
168180571,89910157,3/16/2023 14:50,Slightly Delayed,563.45,Cash
111296281,28413467,5/28/2024 15:17,On Time,4414.19,UPI
7329085364,53392567,6/7/2023 21:24,On Time,332.84,Wallet
1129130498,62243869,12/1/2023 16:38,On Time,2623.48,Card
996939836,23794330,5/15/2024 12:53,On Time,3269.43,UPI
8263379807,14479168,4/16/2023 11:33,On Time,3179.87,UPI
5735975899,83304571,9/14/2023 7:37,On Time,2199.37,Card
9651034668,70615775,9/7/2024 9:46,On Time,2603.33,Cash
3103539793,75244116,7/30/2023 23:53,On Time,2514.37,Cash
1611921781,48776805,6/1/2023 13:00,On Time,2698.66,Card
7532381028,73392739,3/21/2023 19:55,On Time,3637.95,Cash
7803665404,63571453,5/27/2023 23:22,On Time,2423.07,UPI
466184886,40277444,8/16/2023 22:52,On Time,2154.04,Card
4692518050,46989310,3/29/2024 0:13,On Time,2176.24,Card
9408428,31456752,8/30/2023 13:34,On Time,1911.86,UPI
8766330526,85907588,4/14/2023 13:16,On Time,1580.27,Cash
9221423039,42208242,10/27/2024 13:36,On Time,1574.23,Wallet
4268661538,22694456,10/24/2023 3:46,On Time,5136.72,Cash
1378809665,52409516,3/18/2023 19:45,On Time,3370.17,Wallet
4917941248,83701325,5/19/2024 4:01,On Time,3135.65,Cash
5132792285,19080489,4/10/2024 14:07,On Time,2858.4,Wallet
3776678112,34655710,12/9/2023 22:30,Significantly Delayed,2429.82,Cash
6940411801,59009727,7/1/2023 21:55,Slightly Delayed,1888.04,UPI
7422521525,92509376,3/16/2024 1:39,On Time,643.87,Card
4419022028,23961725,12/13/2023 9:25,On Time,3804.98,UPI
8016651984,90745023,4/30/2023 6:35,On Time,651.93,Card
2361722422,89412038,4/27/2023 9:53,On Time,3755.33,Wallet
1001453982,34668988,7/31/2023 4:57,Slightly Delayed,2774.06,Cash
9093918346,74038361,3/31/2024 22:52,On Time,3918.67,UPI
3969014433,61982521,8/9/2023 13:04,On Time,2747.35,UPI
9684561720,61121421,9/4/2023 11:40,On Time,1514.4,Cash
7031115362,27878182,10/25/2024 7:48,Significantly Delayed,2998.51,UPI
8204766849,76020843,7/29/2024 2:53,Significantly Delayed,3350.53,Card
2785412612,60210778,3/18/2024 21:22,On Time,1439.58,Card
2624138741,31718565,4/18/2024 1:09,On Time,1112.82,Cash
748376248,66766629,8/29/2023 0:41,On Time,2422.16,Cash
6096787440,25128143,3/18/2023 12:00,On Time,2294.77,Card
8787660233,90586029,5/26/2024 7:16,Slightly Delayed,1435.29,Card
3845481278,63870636,7/5/2023 5:55,On Time,3988.77,Card
4636134267,57642258,2/28/2024 19:30,Slightly Delayed,223.27,Card
4538825340,45700739,4/5/2024 10:26,On Time,4269.5,Cash
4553101047,39301587,5/31/2024 23:11,On Time,236.51,Wallet
2193853405,42208242,5/30/2023 20:49,Slightly Delayed,657.71,UPI
1642059453,7378768,8/12/2023 5:14,On Time,1277.62,Card
5890339330,2188994,5/21/2024 16:19,On Time,3750.59,Wallet
313663478,6959437,2/21/2024 16:55,On Time,1184.42,Wallet
8591576320,79916464,7/29/2023 6:28,On Time,3993.97,UPI
4728104591,31389750,11/6/2023 2:50,On Time,650.2,Wallet
8276401643,88252625,10/17/2024 6:18,On Time,4724.31,Card
8709694061,6724509,10/17/2024 11:15,Slightly Delayed,114.52,UPI
4080156881,97770901,4/3/2024 18:42,On Time,950.39,Cash
7485829116,49050014,3/30/2024 13:45,On Time,3895.28,Card
7378865582,30643619,5/23/2023 18:01,On Time,340.66,Card
335575667,32929817,9/7/2023 6:07,On Time,3048.86,Card
1621109077,87450286,3/25/2024 17:49,Slightly Delayed,4969.83,Card
7468088555,21697638,5/10/2023 11:30,On Time,2410.07,Cash
3676517886,57505804,6/8/2024 19:12,Slightly Delayed,582.03,Wallet
1746921111,56604077,8/28/2024 18:31,On Time,2466.28,Card
7774691391,42514124,7/20/2023 8:34,On Time,1545.97,Cash
8220678247,63858550,6/23/2024 18:23,On Time,2089.26,Cash
6048604080,98218863,9/6/2023 2:01,On Time,5820.25,Cash
8545716586,98540377,1/12/2024 13:17,Slightly Delayed,1454.01,Wallet
530870056,39140039,8/15/2024 12:59,On Time,2788.5,UPI
4055690435,15568831,4/5/2023 2:02,On Time,3571.53,Cash
7096530350,97411107,6/26/2024 4:19,On Time,2474.92,Card
7083649345,75464725,5/20/2023 10:11,On Time,3009.87,Wallet
836457367,2365348,6/2/2024 5:56,Significantly Delayed,4789.73,Wallet
7698126312,1705969,10/31/2023 3:35,Slightly Delayed,2404.95,UPI
2267297760,5754255,1/29/2024 11:49,On Time,1895.47,Cash
1717841423,87954926,1/31/2024 20:29,Slightly Delayed,2393.48,Wallet
4330597536,40563029,4/11/2023 14:50,On Time,1494.23,Wallet
3687593721,61121421,5/16/2023 22:20,Slightly Delayed,3344.72,Wallet
6660740926,119099,5/24/2024 16:36,Slightly Delayed,2771.28,Card
9439713009,4439806,4/22/2024 2:53,On Time,1804.06,UPI
5281121057,67908555,8/20/2023 22:24,Slightly Delayed,2207.49,Cash
7044351561,91024604,9/19/2023 16:19,On Time,4069.86,Card
9121393476,57896058,8/1/2023 8:04,On Time,1583.71,UPI
7202170939,50518311,1/13/2024 13:46,On Time,1105.29,Cash
1429047127,18465047,12/9/2023 20:37,Significantly Delayed,4708.07,Card
8551965787,8383197,10/16/2024 11:19,On Time,3864.44,Wallet
6756882357,83155219,6/23/2024 9:48,On Time,654.31,UPI
618929241,53624677,10/2/2023 21:26,Significantly Delayed,2348.09,UPI
9711157887,46615831,1/3/2024 18:21,On Time,2577.15,Wallet
354149805,41164215,4/17/2024 21:44,On Time,1274.62,Cash
231328814,25287111,4/19/2024 4:03,Slightly Delayed,2506.93,Wallet
523916986,66761643,9/19/2024 7:46,On Time,1152.87,Cash
1930887811,12302179,8/10/2023 4:55,On Time,1497.01,UPI
9958741781,95971469,8/26/2024 1:43,Slightly Delayed,2439.42,Wallet
6727230123,26303194,10/19/2024 12:16,Significantly Delayed,1806.96,Cash
9487368442,50899600,8/9/2023 18:34,On Time,1725.5,Card
671459763,50630016,6/23/2024 14:18,On Time,1249.31,Cash
9129957352,95971469,9/6/2023 16:47,On Time,2166.2,UPI
9206073690,19425804,6/7/2024 18:00,On Time,1452.39,UPI
5587148302,32635818,9/23/2024 21:07,On Time,2028.78,Cash
6936256414,72263318,6/23/2024 3:12,On Time,2331.06,UPI
3341228576,91196901,5/5/2023 2:09,Slightly Delayed,3724.8,Wallet
4817323453,75028268,9/7/2023 6:40,On Time,340.36,Cash
1163454835,50392139,12/6/2023 5:40,On Time,1711.61,UPI
5236061455,48158494,4/6/2023 23:50,On Time,2844.94,Cash
5982829268,90038364,4/1/2023 4:32,On Time,2923.98,Cash
1901688056,16780752,9/13/2023 16:06,On Time,2814.99,Card
5936051107,83304462,10/21/2024 14:47,Slightly Delayed,939.55,Wallet
3018272105,18465047,3/21/2023 2:48,On Time,4236.91,UPI
3656191983,59252433,8/16/2023 23:04,On Time,3775.69,Card
5186692805,97678578,11/8/2023 14:57,Significantly Delayed,4981.07,Card
7281243151,13581527,8/30/2023 9:48,On Time,957.5,Wallet
7906004940,65963876,4/27/2023 17:09,On Time,3488.88,Wallet
6354703603,63310076,5/17/2024 21:51,On Time,2980.62,Wallet
6444064733,80571942,10/11/2023 11:08,On Time,3213.89,Wallet
2405783093,36428139,3/18/2023 8:18,On Time,2246.93,UPI
63363146,16410155,7/12/2023 1:33,Slightly Delayed,4207.71,Cash
7040313500,90298394,10/14/2024 15:16,On Time,1102.72,Wallet
5844807259,45477575,10/14/2023 2:32,On Time,4355.46,Cash
1931703221,62917794,5/8/2023 8:40,On Time,1332.43,Card
3525336030,89998489,4/12/2023 22:46,Slightly Delayed,329.79,Cash
4359807852,81136091,4/11/2024 10:38,On Time,4759.44,Cash
6946959356,13963450,12/15/2023 21:46,Slightly Delayed,2630.12,Wallet
782338627,73639935,9/8/2024 5:46,Significantly Delayed,4244.83,Wallet
4942714391,25294147,1/19/2024 22:51,On Time,3427.02,Card
919307194,11928321,1/7/2024 15:22,Significantly Delayed,2747.59,Wallet
6509263423,29324437,1/20/2024 12:11,On Time,3930.1,Cash
7200105089,24845814,11/29/2023 7:16,Slightly Delayed,1613.85,UPI
7120372196,40727086,8/10/2024 17:23,Slightly Delayed,1887.36,Card
8710393245,32564478,7/21/2024 11:07,On Time,3025.16,Wallet
8862036450,7228206,1/3/2024 12:27,On Time,1764.64,UPI
2087769338,8536503,6/8/2024 6:23,On Time,764.33,Cash
3349267712,85354059,9/25/2023 0:54,Slightly Delayed,230.58,Cash
1689937124,21701991,1/17/2024 5:53,On Time,576.22,Wallet
4498769995,84275450,1/23/2024 2:23,On Time,786.85,Card
3729771871,79592021,11/10/2023 10:50,On Time,3905.34,UPI
9065518834,61877649,6/17/2024 17:12,On Time,3395.29,Card
7524465290,22851478,1/6/2024 15:42,Slightly Delayed,4089.6,Card
2319921666,97150234,5/1/2024 11:42,On Time,3204.57,Card
9541612277,5001749,3/31/2024 6:34,On Time,2185.97,Card
6303548068,31846190,6/30/2024 0:12,Slightly Delayed,939.55,Card
5867651793,64197854,11/9/2023 11:37,On Time,2984.43,Wallet
6405947025,19375332,9/28/2024 21:59,On Time,1756.09,Cash
2150790907,12655794,8/16/2023 13:03,Slightly Delayed,217.5,Card
212856641,51994597,11/2/2024 10:51,On Time,949.73,Cash
1686508921,47215976,7/22/2024 22:17,On Time,769.24,Wallet
5879579208,41261495,9/10/2024 10:51,Slightly Delayed,983.81,Wallet
1882682579,44050697,5/13/2023 23:08,On Time,2560.66,Wallet
8370410622,10663246,6/1/2024 13:09,On Time,1989.47,Cash
368599691,44030130,10/22/2024 16:16,On Time,3753,Wallet
9282982332,97873848,9/12/2024 22:13,On Time,3359.77,Card
4874880100,67271824,9/9/2024 22:56,On Time,1619.89,UPI
102639985,40392019,8/27/2023 6:58,On Time,3686.28,Wallet
5288207551,53299455,9/10/2023 18:49,Slightly Delayed,3228.77,Wallet
693932743,57658033,6/6/2023 20:28,On Time,1378.36,Card
2325405669,20834589,3/8/2024 23:18,On Time,1432.06,Card
8152364696,90665975,12/24/2023 13:13,On Time,5047.96,Wallet
7682359398,36833857,9/15/2024 4:58,Slightly Delayed,1168.41,Cash
1742951029,95371787,5/7/2023 23:10,Significantly Delayed,4766.38,Cash
4799787645,71905368,10/7/2023 7:11,Significantly Delayed,1025.06,Wallet
8498666384,37556526,3/8/2024 17:58,On Time,630.84,Cash
5013572642,73363613,5/8/2023 19:20,Slightly Delayed,1812.54,Card
8403006958,59398136,11/27/2023 5:42,On Time,1272.55,UPI
4688831157,13071673,7/3/2024 23:35,On Time,2824.26,UPI
394578210,88067569,9/26/2023 5:15,On Time,1706.05,Card
8681711802,36833857,10/7/2023 7:03,On Time,3724.44,UPI
9311399064,20238921,11/4/2023 21:26,On Time,720.95,Wallet
2620581496,63092485,4/21/2023 2:33,On Time,2457.47,Wallet
5116898322,73377004,7/18/2024 13:26,On Time,1385.25,UPI
5995819849,34787383,8/19/2023 4:16,Slightly Delayed,2030.88,Wallet
7690500286,35349582,7/12/2024 18:09,Slightly Delayed,3224.92,Wallet
6107283203,87444738,9/9/2024 20:27,On Time,1173,Card
3170417508,85561151,1/10/2024 5:24,Slightly Delayed,1432.65,Cash
805682701,33481252,7/30/2023 22:42,Slightly Delayed,2637.15,UPI
8960508625,20163931,10/7/2023 9:53,On Time,1058,Cash
5580397726,62243869,6/21/2023 4:49,Significantly Delayed,37.8,Cash
1506599381,77345018,9/18/2024 4:36,On Time,465.38,Cash
8424478165,27416314,4/21/2023 18:23,On Time,230.58,Cash
6083333956,45028365,3/27/2023 6:42,Slightly Delayed,3002.02,Wallet
9611327860,6335221,4/7/2024 17:40,On Time,4410.34,Cash
9539444766,97873848,11/4/2023 7:59,On Time,870.29,Wallet
756168939,54923640,7/5/2024 18:33,On Time,3321.94,Cash
7762624518,22738465,8/26/2024 21:19,Slightly Delayed,2301.05,Card
3681781563,4940671,11/18/2023 10:23,On Time,3471.7,Wallet
1571085226,78961097,4/7/2024 0:35,Slightly Delayed,4040.38,Cash
4244306883,2584499,3/3/2024 10:25,Slightly Delayed,893.81,Card
7333141591,69415494,3/15/2024 16:47,Significantly Delayed,1042.3,Wallet
1199945706,70867736,1/8/2024 19:31,On Time,1712.9,UPI
5895644119,1603358,6/11/2023 14:12,On Time,1742.44,Wallet
7112919210,55693909,2/1/2024 21:59,On Time,3921.9,Card
8315937318,64497538,5/8/2024 17:34,Slightly Delayed,2187.85,Card
5331800057,65488134,3/29/2023 1:21,Slightly Delayed,4003.82,Wallet
5989265505,62742797,3/15/2024 4:11,On Time,3673.81,Card
7906361274,96795047,9/3/2023 18:32,On Time,4228.99,Cash
6312476146,35988028,1/27/2024 19:44,Slightly Delayed,1867.01,Card
9436272631,44410149,5/18/2024 2:42,On Time,2112.07,Wallet
8289791792,61516967,1/26/2024 14:45,On Time,326.42,Card
7659532788,22112867,2/1/2024 20:59,On Time,3157.69,Card
1498157233,19180962,2/8/2024 6:24,On Time,1659.86,Card
8560951754,954629,5/17/2023 18:13,Slightly Delayed,44.35,Card
8764192824,64823226,7/24/2023 8:49,Slightly Delayed,2704.64,Wallet
1900542981,11254582,3/25/2023 18:31,On Time,2332.14,Card
9445683691,41878908,11/12/2023 20:03,Significantly Delayed,2342.04,UPI
7719808335,48358028,4/26/2023 17:45,On Time,4406.7,Wallet
4865644960,50484778,9/11/2023 8:45,Slightly Delayed,866.17,Wallet
6518276143,70965437,1/25/2024 23:09,On Time,5253.79,Cash
2211459584,73869823,12/25/2023 14:20,On Time,1116.17,Card
6811633572,7728406,6/26/2024 14:28,On Time,88.43,Cash
1821573240,32019725,4/10/2024 16:28,On Time,3338.08,Card
8848227434,12988801,6/17/2023 14:04,On Time,552.2,Cash
7812276711,67465084,3/25/2023 6:09,Slightly Delayed,1649.13,Cash
939966106,42012717,5/2/2023 9:45,On Time,3461.4,UPI
4099108156,24144240,4/10/2024 4:21,On Time,4435.45,Card
5684182622,29095552,3/3/2024 16:17,On Time,1591.23,UPI
4916740946,69240186,10/29/2023 19:15,On Time,1835.2,UPI
9732307600,81757554,1/31/2024 8:46,On Time,3988.7,Wallet
9280329883,60904312,9/10/2023 23:04,Slightly Delayed,2447.91,UPI
4284285927,92843141,8/4/2024 21:00,On Time,4371.79,UPI
8701796,14479168,8/19/2024 19:01,Slightly Delayed,215.65,Cash
6834734512,40727086,8/31/2023 23:13,On Time,738.46,UPI
7127377458,99406165,3/26/2023 15:37,Slightly Delayed,1540.67,Wallet
4754481356,84161531,8/14/2023 18:23,On Time,2891.12,Card
4726007482,93924203,8/30/2023 11:52,On Time,874.78,Cash
2320560482,27709218,2/18/2024 13:07,On Time,1435.56,Card
1456550348,39674723,5/2/2024 0:22,On Time,1980.75,UPI
5370744569,61522288,8/23/2023 13:35,Slightly Delayed,2393.81,Cash
5819887962,49433260,3/3/2024 0:31,Significantly Delayed,4570.58,Wallet
1929465827,19556566,12/13/2023 12:44,On Time,4702.15,UPI
9430139302,59329145,2/9/2024 7:52,On Time,2829.63,UPI
3632715912,66135710,8/18/2024 17:15,On Time,1892.3,UPI
3356214803,66655397,6/8/2024 22:01,On Time,4359.64,Wallet
2277864850,73377004,10/30/2024 4:15,On Time,2054.4,Cash
1754472592,33331259,6/11/2024 1:55,On Time,4183.35,Card
1833208408,49881540,8/16/2023 7:23,On Time,236.51,Cash
6567954047,21809858,7/9/2023 9:53,Significantly Delayed,83.18,Cash
9409585531,2414265,4/3/2023 6:11,Slightly Delayed,3092.14,Wallet
731371161,57566548,9/25/2024 9:55,Significantly Delayed,465.24,Wallet
7863496069,63802820,2/9/2024 18:51,Slightly Delayed,3103.01,Card
9043955242,92123198,4/13/2024 5:06,Significantly Delayed,2903.44,Cash
8257564936,15897933,3/31/2024 8:04,On Time,154.5,Card
7487631571,77397957,4/12/2024 17:09,Slightly Delayed,2778.63,Cash
4243307535,8886587,7/4/2024 21:42,Slightly Delayed,2023.82,UPI
5490221933,41155125,6/21/2023 12:46,On Time,2855.48,Cash
577600718,72857290,4/6/2024 3:39,Slightly Delayed,1447.21,Card
1815462789,47618810,9/9/2023 4:46,Slightly Delayed,58.59,UPI
896786012,99156138,8/18/2023 5:36,Slightly Delayed,4116.32,UPI
2610552179,98225598,6/26/2024 11:29,On Time,1012.79,Cash
6244718082,2400009,5/22/2024 14:09,On Time,1920.42,Card
1837634871,98241853,5/6/2023 13:36,Slightly Delayed,959.01,Cash
8684571382,94033330,10/4/2023 22:34,On Time,883.36,Cash
1659181364,27513158,8/26/2023 23:39,Slightly Delayed,918.58,UPI
5626641031,65426878,5/19/2024 1:30,On Time,4747.5,Card
1589326447,77961205,1/27/2024 14:34,On Time,582.87,Card
5018325783,52862822,2/11/2024 4:22,On Time,1487.29,Cash
5111073873,75984768,2/2/2024 19:36,On Time,2273.81,Cash
5953426781,79135318,12/10/2023 11:26,On Time,3762.13,UPI
8966870214,59518795,2/27/2024 21:30,Slightly Delayed,2904.43,UPI
6962915277,54748429,9/14/2024 10:42,On Time,2097.56,Wallet
4309308088,18642306,12/2/2023 20:28,On Time,236.95,Wallet
5391068200,68159723,11/20/2023 4:03,On Time,3265.32,Wallet
4394681222,80517784,3/28/2024 23:16,Slightly Delayed,1157.88,UPI
4791895461,63793401,8/10/2024 23:44,Significantly Delayed,1338.81,Card
7272011740,54139038,9/16/2024 12:33,On Time,3361.56,Cash
87784691,92583164,9/29/2024 0:51,On Time,534.55,Wallet
4939105270,2164524,11/2/2023 2:45,On Time,1026.88,Cash
4622303035,55060796,8/3/2023 11:10,On Time,3067.7,Wallet
3460208027,78725001,4/19/2024 21:38,On Time,2835.33,UPI
2548125971,7228206,11/5/2023 21:58,On Time,4335.06,Cash
2390111460,70608515,9/9/2023 21:22,On Time,4182.23,UPI
8309485249,87200291,12/2/2023 20:34,On Time,624.16,UPI
8322543480,34668988,9/27/2024 2:18,Significantly Delayed,513.36,Wallet
2819200158,64497538,7/23/2023 14:42,On Time,1263.55,Cash
7087151227,49795571,11/26/2023 0:53,On Time,1917.32,UPI
6704234561,51833636,1/3/2024 7:30,Significantly Delayed,3172.73,Cash
6998410196,78748184,7/25/2023 15:33,Slightly Delayed,505.95,Wallet
707035635,61618079,9/29/2024 9:30,On Time,3868.34,Wallet
543400704,60300263,10/27/2023 0:41,On Time,3496.47,Card
3604694195,34713143,9/3/2023 16:21,On Time,2577.7,UPI
3560549947,42465414,7/21/2024 2:22,Slightly Delayed,1973.85,Card
9982178143,89968482,12/8/2023 14:07,Significantly Delayed,2530.45,Card
1423646541,48730063,12/10/2023 10:34,On Time,2734.37,UPI
7441941402,16785724,12/22/2023 22:14,On Time,2580.93,UPI
8395661807,4386273,8/19/2024 7:50,On Time,2561.18,Card
5480656353,11446157,3/5/2024 19:23,On Time,3053.71,Card
4561602092,53624677,9/18/2024 9:27,On Time,1825.82,Cash
1695982633,81382213,1/13/2024 18:46,On Time,2247.86,Wallet
6309447153,74212242,5/18/2023 21:18,On Time,423.56,Cash
4796733514,87251489,4/3/2023 18:31,Significantly Delayed,2436.11,Card
2858966982,77214094,4/25/2024 10:21,On Time,2280.3,Card
6948607495,18259715,8/28/2024 9:38,On Time,1508.35,UPI
4959271803,11082181,2/22/2024 1:13,Slightly Delayed,1303.23,Wallet
5669689881,7728406,7/11/2023 21:20,Slightly Delayed,3152.59,Cash
5352265711,75928073,2/29/2024 19:33,Slightly Delayed,2319.89,Wallet
5498551836,62243869,11/2/2023 13:26,On Time,3619.47,UPI
6556845822,68692574,5/13/2023 19:07,On Time,1527.98,UPI
5167008199,76359458,5/31/2024 21:21,On Time,697.53,UPI
966294309,89619421,5/2/2024 5:47,On Time,2928.57,Card
3163611427,85074810,1/17/2024 6:25,On Time,342.94,Cash
203136866,91320466,6/11/2024 12:26,On Time,826.21,Wallet
1815555165,58085779,9/11/2023 11:47,On Time,435.48,Card
1874499212,64162093,5/30/2024 0:09,On Time,2252.85,Cash
4012779165,84641682,9/16/2024 9:26,On Time,899.16,Wallet
3669023899,81183415,5/12/2024 9:34,Slightly Delayed,4292.45,Card
9296381620,50630016,4/28/2024 1:33,On Time,841.56,Card
2725513934,54799731,10/7/2023 6:21,On Time,5349.56,Wallet
5564338561,61226563,3/31/2024 22:59,On Time,3295.72,UPI
4701778121,23348269,6/6/2024 21:29,On Time,786.17,Wallet
9529272337,29973346,12/11/2023 0:03,On Time,801.81,UPI
869910650,34755436,5/27/2024 0:42,On Time,2378.93,UPI
2127080399,84468124,9/16/2024 14:58,Slightly Delayed,2317.2,Card
3547439109,33481252,4/13/2023 0:22,On Time,3176.34,Cash
997535715,21409946,3/27/2023 11:18,On Time,1097.17,Wallet
2442453181,16543242,3/26/2023 7:24,On Time,858.57,Card
1182120536,4386273,5/26/2024 15:40,On Time,843.97,Cash
2819297954,5540556,4/7/2024 15:53,On Time,1762.49,Cash
9870956079,39423691,10/26/2023 7:26,On Time,3130.27,Card
6032675432,63368244,9/29/2024 5:08,On Time,2708.71,Wallet
329790912,76925460,8/4/2024 10:24,On Time,4636.88,Cash
6459815532,43295656,5/16/2023 21:39,Slightly Delayed,877.48,Card
9214523757,59619739,10/20/2023 21:30,On Time,1657.57,Card
9450279027,38694209,9/30/2023 4:35,On Time,3043.5,Card
6265551101,38568692,11/13/2023 21:52,On Time,1723.54,Cash
4138526838,33871107,10/25/2023 0:11,Slightly Delayed,3273.82,Cash
8005579633,89617089,8/16/2023 5:25,Significantly Delayed,2758.2,UPI
3442984170,55472026,9/16/2024 23:33,On Time,1398.1,UPI
8711550413,68941950,5/30/2023 14:19,Significantly Delayed,1022.12,Card
2509593585,58111297,5/5/2023 1:42,On Time,2163.4,Cash
6126557370,61982521,4/20/2024 7:41,On Time,3776.14,Card
9876119035,29095552,4/15/2023 1:07,Slightly Delayed,4751.01,Card
3739042166,92416428,7/23/2024 0:49,On Time,2089.76,UPI
7938944124,85074810,3/30/2024 1:54,On Time,2183.84,UPI
506804807,9107360,7/10/2024 4:44,On Time,2368.7,UPI
3577900599,28286754,2/2/2024 8:12,On Time,3491.53,UPI
8337599633,41073776,11/21/2023 12:48,On Time,2853.43,Card
8611745429,88045094,5/12/2024 3:21,On Time,1567.01,Card
2990223879,72359843,8/11/2023 18:13,Slightly Delayed,367.08,Cash
52324496,81605722,2/23/2024 17:32,On Time,560.54,Card
6594929133,45868300,4/14/2023 9:49,On Time,2352.18,Wallet
2480235830,31324823,9/19/2023 5:40,On Time,2484.07,Cash
9667072962,50781611,4/11/2023 20:58,Slightly Delayed,2753.36,Cash
277700053,1174162,8/15/2023 19:15,On Time,190.09,UPI
5691623788,60757351,3/16/2024 18:58,On Time,2178.18,Cash
6845696161,37759707,7/14/2023 7:37,Slightly Delayed,2844.2,Cash
4098488449,60049160,3/31/2023 13:33,On Time,340.36,Card
5653623743,96461062,3/30/2023 8:43,Significantly Delayed,4125.04,Wallet
6416399784,34156884,8/7/2023 2:35,Slightly Delayed,316.02,UPI
4365565386,54145987,6/30/2023 4:15,On Time,918.86,Card
6423269418,30643619,8/23/2024 9:56,Slightly Delayed,2648,UPI
1020534590,48150243,12/12/2023 9:55,Slightly Delayed,3205.74,Wallet
4015289878,72489544,3/22/2024 6:56,Slightly Delayed,3698.77,Wallet
9959668334,80935110,1/7/2024 8:11,On Time,494.17,Wallet
8054387790,84953008,5/8/2023 18:33,On Time,4112.71,Card
4795344310,91562028,4/12/2024 15:53,Significantly Delayed,486.97,Wallet
2205862234,52001314,10/2/2023 13:43,On Time,2871.57,Cash
4686249863,21701991,8/31/2024 3:26,On Time,2908.98,UPI
1270524770,11478478,10/11/2023 7:18,On Time,3520.61,Wallet
5743550453,93699264,5/19/2024 5:04,On Time,3921.27,Card
5309699078,81584486,8/2/2023 17:35,Slightly Delayed,1026.58,Card
7565768030,15830066,2/10/2024 2:50,On Time,980.97,UPI
3210260715,68939350,4/6/2023 15:05,On Time,1793.45,Card
6657245289,820740,5/20/2024 1:54,Significantly Delayed,1820.28,Card
7854526965,48228547,8/18/2023 7:47,Slightly Delayed,1944.66,Cash
2770948451,22077605,4/27/2023 7:44,Significantly Delayed,1775.72,Wallet
624070426,41640262,10/7/2023 16:47,On Time,845.85,Cash
891583492,13651980,4/7/2024 4:49,On Time,3269.6,Card
5811206654,70391758,5/17/2023 5:17,Slightly Delayed,1917.36,Cash
809894905,82374625,12/28/2023 16:37,On Time,670.12,Card
8209000496,63948546,3/28/2023 19:54,Slightly Delayed,1239.55,UPI
4901288364,44723662,7/31/2023 22:09,Slightly Delayed,3186.85,Wallet
5890338566,81337068,4/29/2023 2:55,On Time,4368.22,Cash
2745295248,40643232,5/28/2024 21:19,On Time,929.37,Wallet
5708700204,40387944,5/5/2023 17:48,On Time,864.94,UPI
8643851643,57360162,4/21/2023 1:31,Significantly Delayed,1532.33,Cash
4525287277,74174956,6/29/2023 0:08,On Time,432.39,Wallet
6154459753,82179338,6/12/2024 9:13,Slightly Delayed,3709.23,Cash
2587790388,45586151,6/9/2024 18:01,On Time,695.87,Cash
2665891587,86636273,3/18/2024 15:53,On Time,504.18,Cash
6996561687,3844290,6/29/2024 4:36,On Time,3469.28,Wallet
961607638,55170753,8/3/2023 23:41,Significantly Delayed,967.96,Wallet
4385491839,7228206,6/7/2024 20:25,On Time,2158.72,Cash
1279200190,84468124,7/10/2024 6:00,Slightly Delayed,2280.01,Wallet
9668698616,76441843,11/1/2023 14:10,On Time,1813.08,UPI
4813038298,27304827,5/23/2024 13:27,Slightly Delayed,4047.69,UPI
2030125421,44477365,5/3/2024 14:50,On Time,2375.26,Cash
6997235339,87669943,1/12/2024 8:55,On Time,554.83,Wallet
7438342576,82585664,5/9/2023 21:58,On Time,3835.39,Card
9958423263,47503133,3/15/2024 5:55,On Time,1678.13,Card
3416693628,52428250,10/3/2024 0:22,On Time,651.23,Card
3440579647,89950235,8/5/2024 15:28,On Time,1827.9,UPI
5307231496,14330483,4/23/2024 6:16,On Time,2048.45,Card
4779055734,36587003,6/30/2023 5:45,Slightly Delayed,1765.22,UPI
3834705841,54375571,9/9/2023 7:18,Significantly Delayed,1440.56,Card
9080324081,48554440,5/27/2023 9:14,On Time,2315.52,Card
2500757555,65488134,10/27/2024 10:52,On Time,4945.86,UPI
1292986566,47503133,7/12/2023 3:59,On Time,2659.09,Wallet
6602362287,5961261,2/1/2024 21:05,On Time,2491.22,Cash
184844043,33331259,12/7/2023 5:00,On Time,2146.32,Card
936587253,93699264,7/18/2023 9:42,On Time,1820.32,Card
2834429147,66742602,10/4/2023 4:52,Slightly Delayed,1482.38,Wallet
114306835,13251137,2/6/2024 20:32,On Time,2885.11,Wallet
1675849477,36998375,6/11/2024 20:01,On Time,1650.66,UPI
5191052705,6579892,6/19/2023 5:32,On Time,1438.94,Cash
7068834722,45314389,11/19/2023 8:25,On Time,1559.6,Cash
5051330893,74230420,7/4/2024 2:35,Slightly Delayed,786.85,Cash
6065496420,12277039,5/16/2023 16:31,Slightly Delayed,4299.16,Cash
7574848635,79206969,6/28/2023 2:18,Slightly Delayed,4837.03,UPI
8793868975,16256136,2/1/2024 17:22,On Time,1048.83,UPI
5381466176,64106072,6/1/2023 20:53,On Time,281.73,UPI
7709366480,91024604,8/28/2024 2:22,On Time,3998.65,UPI
4936667930,18567760,6/20/2023 9:49,On Time,2747.08,Wallet
6860925755,14272050,9/29/2023 9:06,On Time,3219.23,UPI
5486433396,9278983,1/20/2024 18:08,On Time,776.26,Cash
7089292009,8791577,4/5/2023 23:10,On Time,1425.76,UPI
5350760367,25587553,8/13/2023 6:06,On Time,3300.67,Card
5581769906,41164215,4/14/2024 4:04,Slightly Delayed,2042.47,Wallet
6256637306,3096845,11/7/2023 11:20,Slightly Delayed,5196.58,Cash
2999946056,92306841,6/28/2024 10:40,On Time,1554.85,Wallet
5218488175,57833505,1/3/2024 20:29,On Time,709.02,UPI
8297436592,46802633,10/20/2024 8:34,On Time,545.49,UPI
1806118907,75752515,12/25/2023 5:25,On Time,4646.12,Wallet
6999224625,49806393,4/16/2023 0:20,On Time,2274.19,Card
1809997641,48281892,11/10/2023 10:22,Significantly Delayed,152.55,UPI
7528090614,73639935,6/29/2024 17:56,On Time,929.86,Card
4884904912,36737539,8/24/2023 13:58,On Time,3074.06,UPI
9811235698,58929595,3/2/2024 11:01,Slightly Delayed,877.43,UPI
5616653529,52001314,12/23/2023 3:20,On Time,2986.32,Card
7188183056,84953008,8/6/2023 13:35,On Time,2396.81,Wallet
7898301143,73660582,8/10/2023 21:11,On Time,3375.53,UPI
5222677885,31582950,7/15/2024 10:44,Slightly Delayed,3429.93,Wallet
8544952346,61618079,11/23/2023 4:50,On Time,1205.58,UPI
9403371764,3096845,6/8/2023 3:09,Slightly Delayed,317.8,Cash
3956205476,57892837,6/12/2023 1:00,On Time,1386.61,Wallet
5678362658,58513300,7/22/2024 4:48,On Time,2100.38,Cash
8131610255,90448312,3/22/2024 15:56,On Time,2409.01,Card
4722653990,95428692,7/19/2023 15:59,On Time,1684.14,Cash
6613853662,75474920,1/26/2024 14:02,Slightly Delayed,1748.17,Cash
8274987671,19523014,10/3/2024 7:49,On Time,1766.79,UPI
5519983123,78678612,4/11/2024 14:16,On Time,1645.97,Wallet
2746329488,35156679,8/26/2023 15:58,On Time,972.69,Cash
6443285614,2400009,8/29/2023 3:27,On Time,3136.89,UPI
6932426427,31384626,8/1/2023 19:46,On Time,1001.25,Cash
1796512004,19741509,6/13/2023 13:37,On Time,1832.58,Cash
1464518253,12695670,7/4/2023 2:15,On Time,1022.05,Wallet
3585105627,41168392,10/10/2024 3:43,On Time,2024.09,Card
5387247994,19182548,4/28/2024 20:22,On Time,2436.58,Card
7568171531,46504355,12/2/2023 12:47,On Time,33.76,Wallet
4111193446,85020453,1/22/2024 9:08,On Time,2318.06,Card
8683154153,89986926,9/7/2024 6:40,On Time,3588.19,Card
5712367183,85763665,6/13/2024 19:15,Slightly Delayed,2496.31,Cash
3952854723,88739922,9/15/2023 2:34,On Time,2653.25,Card
4631387671,86704661,10/8/2024 8:44,Significantly Delayed,1770.58,UPI
2145309969,35988028,9/17/2023 16:44,On Time,995.98,UPI
4314762741,61516967,6/17/2023 9:36,On Time,4040.43,Wallet
7401889152,15733078,9/20/2024 1:43,On Time,2406.32,Cash
1932040824,32987624,3/15/2024 20:40,On Time,1305.23,UPI
9836424713,53815931,11/19/2023 3:22,On Time,267.29,Cash
9882312203,65134271,5/15/2024 5:35,Significantly Delayed,2246.09,Wallet
3082649585,92409489,9/26/2023 18:01,On Time,127.08,Cash
6033878151,61226563,11/11/2023 18:32,On Time,572.02,Card
6395547592,43799224,10/23/2024 10:37,Significantly Delayed,440.19,UPI
372962997,43799224,4/18/2024 0:11,Slightly Delayed,325.08,UPI
2988215377,46802633,8/18/2024 15:10,On Time,2731.72,UPI
7081583361,39093069,8/1/2024 20:30,On Time,2777.11,Card
1860491452,99893898,4/18/2024 11:44,Slightly Delayed,3744.71,Cash
7499656197,12469338,3/27/2024 9:26,Slightly Delayed,832.1,Card
4507112412,47577193,9/30/2023 22:08,On Time,2679.57,Card
9214595868,98211325,7/1/2024 23:42,Slightly Delayed,3419.53,Wallet
253430904,16543242,7/8/2023 0:55,On Time,1392.32,UPI
5574588218,48281892,6/28/2024 8:57,Slightly Delayed,5318.31,Cash
2817281674,73869823,9/16/2023 13:27,On Time,923.09,UPI
4932779616,90021871,7/26/2024 5:11,On Time,3548.4,UPI
7932879650,81088747,5/7/2023 18:50,Significantly Delayed,1885.92,Cash
997698125,97492493,11/29/2023 5:51,On Time,1552.41,Card
2403547563,59677346,5/20/2024 16:56,On Time,2309.25,Wallet
8875483494,34787383,3/12/2024 5:26,Slightly Delayed,827.44,UPI
883548284,3408982,5/23/2024 4:21,Slightly Delayed,2340.86,Wallet
2364229435,69339331,7/13/2024 5:31,On Time,4099.53,Wallet
6845869445,54730270,5/27/2024 17:23,Significantly Delayed,4065.85,UPI
397818832,75467328,12/22/2023 12:59,Significantly Delayed,3963.84,Card
304166272,34835738,10/29/2023 1:26,On Time,3896.33,UPI
1575626085,78157360,5/19/2023 13:24,On Time,58.59,Card
3945644714,92356639,5/16/2023 14:06,On Time,1226.18,UPI
8370213291,10855630,5/20/2023 14:05,Slightly Delayed,2721.29,Wallet
2185375786,46313756,4/25/2024 10:38,Slightly Delayed,2132.32,Card
1828975788,41155125,1/30/2024 13:15,Slightly Delayed,3658.25,Card
4319450104,7288562,9/16/2024 9:57,Slightly Delayed,1968.01,Card
5059765199,91562028,10/19/2023 5:58,Slightly Delayed,3092.93,Cash
5360089735,21425168,5/4/2023 5:15,On Time,3550.74,Wallet
8008211695,77397957,9/7/2023 16:23,On Time,3773.66,Cash
4400031082,46682777,7/8/2023 20:42,On Time,765.76,Cash
9582738204,88312515,8/17/2023 2:50,Significantly Delayed,1728.25,Cash
1368450162,14974554,9/11/2023 0:04,On Time,3130.36,Card
56705032,63060947,11/16/2023 4:30,Slightly Delayed,3069.98,UPI
2407168640,78254569,7/25/2024 9:51,Slightly Delayed,1781.83,Cash
530588807,25722990,2/1/2024 13:40,Significantly Delayed,2352.13,Wallet
9975541696,59890331,6/12/2023 22:41,Slightly Delayed,3990.22,UPI
8602707005,77673290,4/2/2024 12:58,On Time,2934.21,Card
2382595056,76377003,12/9/2023 12:30,On Time,227.22,Wallet
8056162498,11446157,5/8/2023 22:14,Significantly Delayed,5891.08,Card
4593039089,50015282,9/14/2024 7:00,On Time,1790.99,Card
7311288658,48358028,8/15/2024 15:36,On Time,1282.27,UPI
9157217130,8073518,6/18/2023 19:59,On Time,1448.27,Wallet
9328094731,77086539,8/21/2024 4:31,On Time,2164.86,Card
3259266120,35049420,7/8/2024 12:40,Slightly Delayed,3483.31,Cash
4656541041,84572019,10/30/2024 19:05,Significantly Delayed,87.3,Card
730839483,20148223,7/23/2023 23:59,On Time,2528.88,Cash
6185824257,1816969,8/5/2024 7:01,On Time,4093.07,UPI
225195662,76202036,8/30/2024 19:21,Slightly Delayed,284.69,Card
6771104541,61618079,5/10/2023 10:40,On Time,97.04,Cash
6146830622,14367270,10/4/2024 13:15,On Time,271.38,Cash
1380326453,68159723,8/29/2023 20:51,On Time,4991.05,Cash
728523620,46699982,8/31/2023 19:13,On Time,1394,Wallet
27296314,64562786,10/17/2024 16:13,Significantly Delayed,3866.08,UPI
2608278705,51945420,10/22/2023 2:28,Slightly Delayed,4746.82,Cash
6786366774,5716817,3/21/2024 2:27,On Time,3962.96,Card
5572475750,40563029,4/25/2023 9:43,On Time,4045.5,UPI
8276417383,39976965,6/18/2024 2:15,On Time,1938.45,Cash
784435014,2684440,10/11/2023 14:46,On Time,415.75,Cash
9442274046,93617659,9/1/2023 10:55,Slightly Delayed,229.38,UPI
2470025903,81420960,6/6/2024 7:57,On Time,3939.11,Cash
6774241153,29272253,9/23/2024 5:28,On Time,915.45,UPI
3874644184,49152878,6/23/2024 23:29,On Time,577.13,Cash
8078065454,97033691,5/19/2024 11:15,Significantly Delayed,2440.55,Cash
340113260,83039559,2/27/2024 15:25,Slightly Delayed,869.51,Card
2978839318,59436131,1/11/2024 16:07,On Time,1031.54,Card
3896922017,9274874,8/25/2024 17:39,On Time,726.41,Card
7621954956,32797235,7/7/2023 3:59,On Time,793.14,UPI
581178324,12277039,2/17/2024 4:05,On Time,2887.67,Cash
8469170680,5901440,3/16/2023 18:55,On Time,39.65,UPI
6779626333,55404382,5/11/2024 1:20,Slightly Delayed,329.79,Card
6335704206,38327793,5/22/2024 12:37,On Time,3363.41,Card
8314342490,21677923,4/5/2023 1:03,On Time,3821.54,Wallet
1948795658,49833888,10/23/2023 7:46,On Time,3541.32,Card
9187864807,44776601,6/22/2024 10:00,On Time,1565.97,Wallet
8399666962,21573815,4/8/2023 9:45,On Time,3782.86,UPI
6196321055,30788486,5/17/2024 18:25,On Time,1795.02,Cash
8128518434,94486311,8/12/2023 16:51,On Time,2083.51,Card
9854897999,72415263,10/4/2023 17:52,On Time,2790.09,Card
2603584546,41811800,5/21/2024 21:53,On Time,1328.82,Wallet
1295119665,99695529,3/19/2024 8:08,On Time,4979.18,UPI
599975885,45708879,6/7/2023 5:55,On Time,3420.7,Card
5834861324,84826389,7/4/2023 12:17,Significantly Delayed,1367.34,UPI
2032005162,18791381,10/21/2024 7:09,On Time,2152.48,Wallet
8391900458,43518622,5/17/2023 5:40,On Time,1807.66,Wallet
1887687323,85518832,2/8/2024 2:50,On Time,695.62,Cash
2120411967,6867315,12/21/2023 1:28,Significantly Delayed,4769.69,Wallet
3158340906,48002829,7/19/2024 1:27,Slightly Delayed,4157.26,Wallet
2387343456,17749347,10/19/2024 3:10,Slightly Delayed,915.29,Wallet
338609144,12574626,10/26/2024 5:45,On Time,2731.77,Cash
9056190831,3100301,7/17/2023 6:57,On Time,2618.61,Wallet
2803081135,42262168,6/10/2023 21:55,On Time,1389.92,Wallet
5970759669,26285589,3/19/2024 10:30,On Time,3168.87,UPI
3226693729,62629494,8/6/2023 13:26,On Time,748.62,UPI
8132845656,4597433,7/10/2024 11:53,Significantly Delayed,690.08,UPI
7850550725,16424635,12/31/2023 5:45,On Time,1641.82,Wallet
2934547619,77161976,6/1/2024 20:59,On Time,3784.91,Card
608179182,87220860,8/1/2024 8:28,Significantly Delayed,4653.67,Card
5191326847,48158494,5/13/2023 21:35,On Time,3166.48,UPI
7614561036,91853589,9/10/2023 5:56,On Time,1848.84,Wallet
2947791133,19741509,11/28/2023 7:16,On Time,1379.52,Wallet
6538760883,119099,4/19/2024 13:46,On Time,5122.1,UPI
8872250952,43243913,10/4/2023 4:56,Significantly Delayed,993.86,UPI
8173258734,20835909,11/3/2023 3:32,Slightly Delayed,1063.55,Wallet
5465833352,11047835,3/28/2023 19:57,On Time,2140.08,UPI
2106569369,27513158,1/2/2024 11:25,On Time,2211.21,UPI
9039440500,64298209,7/12/2024 5:36,On Time,4074.16,Card
8281482042,72889295,6/28/2023 15:21,On Time,1781.14,Card
479528548,21786873,7/17/2023 23:34,On Time,2419.83,Card
8087519921,90246977,10/19/2023 8:34,On Time,3870.37,UPI
4869691623,9401406,5/5/2023 4:16,On Time,2648,Card
7155177625,2566268,8/25/2024 23:46,On Time,3064.83,UPI
7254499390,93563435,11/29/2023 13:26,On Time,1260.53,Cash
7394439260,22358567,10/21/2024 6:27,Significantly Delayed,4682.75,Cash
6581715589,8375298,5/9/2023 0:35,On Time,900.3,UPI
9457009010,80858127,2/6/2024 0:04,Slightly Delayed,3393.32,Cash
2859660695,33685414,8/2/2023 4:36,Slightly Delayed,1022.62,UPI
6392348668,1697604,1/29/2024 19:49,On Time,4479.61,UPI
6933011590,21658322,8/1/2023 23:22,On Time,549.47,Card
5809441378,51872499,7/29/2024 20:56,Significantly Delayed,1275.88,Card
411113020,84953008,6/29/2024 1:37,On Time,1822.88,Wallet
5512796364,12507907,6/21/2023 15:23,On Time,1369.75,Card
2610813239,62917794,11/26/2023 4:06,On Time,1291.85,UPI
3236748462,58111297,6/26/2024 10:13,On Time,2340.2,UPI
6652395897,60904312,7/11/2024 3:41,On Time,2780.39,UPI
5517901926,40593638,6/24/2023 23:50,On Time,2377.37,Cash
2174753933,38780509,10/12/2024 5:12,On Time,940.61,Card
1525700767,61320989,5/29/2023 0:08,Slightly Delayed,4081.2,Cash
7232692149,899941,12/1/2023 20:28,On Time,1932.42,Wallet
8556607504,68703613,2/20/2024 6:35,On Time,1877.95,Card
5841260317,65426878,4/28/2023 19:29,Slightly Delayed,3951.8,Cash
9471427840,18935489,7/8/2023 6:36,Slightly Delayed,4352.3,Card
2070610257,4386273,7/20/2023 4:48,On Time,949.73,Card
1884811437,24988999,3/21/2023 20:07,On Time,665.98,Card
5331747573,3588443,9/30/2024 16:45,On Time,3589.43,Card
9977285985,22321208,8/11/2023 15:04,On Time,325.08,Cash
1715175070,33706378,9/27/2023 4:45,Significantly Delayed,3786.34,Cash
4117790162,52770036,5/11/2023 23:26,On Time,986.22,UPI
9051644316,30447453,7/23/2024 17:11,Slightly Delayed,1636.36,Wallet
4903335316,47822591,4/30/2023 19:35,Slightly Delayed,3090.86,UPI
3341481363,43066953,11/22/2023 2:15,Significantly Delayed,2839.24,Cash
4074537770,2400009,4/30/2024 7:00,On Time,871.22,Card
5374589112,52409516,10/26/2023 14:14,Significantly Delayed,355.96,Cash
6401406847,58152923,11/4/2023 14:02,Slightly Delayed,2125.71,Card
698439139,75038062,9/7/2024 7:06,On Time,5380.75,Card
881367843,25221501,10/14/2024 8:12,On Time,1830.88,Cash
6438115781,43431724,10/29/2023 13:27,On Time,2245.7,UPI
1706198744,19425804,6/3/2024 18:12,On Time,278.4,UPI
3115167739,83304571,7/25/2024 18:31,On Time,870.29,Card
8608111158,75244116,4/14/2023 2:39,Slightly Delayed,4129.04,Cash
8167540645,69925688,7/23/2023 13:23,On Time,3873.68,Wallet
898210033,28111842,6/13/2024 3:42,On Time,3445.49,Cash
5415454466,79369660,7/9/2024 12:07,On Time,2422.42,Wallet
9240312177,80862136,4/6/2023 12:22,Slightly Delayed,3134.86,Wallet
4880265969,20163931,5/22/2023 1:12,On Time,2341.08,UPI
5056583192,27336589,11/30/2023 5:07,On Time,61.79,Wallet
1921412688,12338529,10/4/2023 14:32,On Time,261.03,Cash
5829741995,40434527,12/25/2023 23:00,Slightly Delayed,1906.86,Card
9830742370,49806393,2/9/2024 16:22,Slightly Delayed,2223.88,Wallet
509041342,91243571,1/5/2024 15:09,On Time,2427.78,Cash
8420144998,72164737,11/25/2023 19:40,On Time,4216.31,Card
7353766541,48418662,6/28/2023 21:29,On Time,441.87,Cash
8617979440,13604883,9/10/2023 11:49,Significantly Delayed,1827.78,Cash
680476823,75739462,9/23/2024 14:07,On Time,1205.62,Cash
5424536852,18035010,8/18/2024 12:18,On Time,3267.02,UPI
1142004448,73735548,6/5/2024 7:38,On Time,2117.45,Cash
1814491335,27336589,2/24/2024 7:45,Slightly Delayed,3762.92,Wallet
445929405,36885115,7/18/2023 17:01,On Time,1363.04,Card
3849003596,60300263,10/7/2023 17:21,Significantly Delayed,2568.24,Card
6367757670,33617546,9/8/2024 16:38,On Time,4428.29,Cash
4925321106,77214094,2/4/2024 6:25,On Time,3596.68,Wallet
4463294381,44409533,12/31/2023 22:50,Slightly Delayed,3635.76,Wallet
9077946933,81808190,4/19/2024 15:31,Slightly Delayed,4519.36,Wallet
6688079478,57392064,4/18/2024 12:12,On Time,53.49,Cash
8712304346,40085705,6/10/2023 2:41,On Time,4727.01,UPI
3748957111,98088303,4/30/2023 14:51,Slightly Delayed,1499.45,Wallet
2388792163,81160474,2/20/2024 17:10,Slightly Delayed,839.84,Wallet
2583035857,77220027,11/15/2023 21:48,On Time,874.78,Wallet
2649487718,81346291,3/1/2024 14:00,On Time,549.47,Cash
5936628691,47387512,10/1/2023 11:20,Slightly Delayed,2943.17,UPI
7662682121,1562083,9/12/2024 4:16,On Time,4222.73,Cash
736115661,55971849,5/22/2023 1:22,Slightly Delayed,1710.16,Card
2448741950,60757351,11/26/2023 19:26,On Time,1534.86,Cash
9321629905,79206969,2/8/2024 20:25,On Time,3273.05,UPI
9020583379,9573071,6/20/2023 18:08,On Time,2075.61,Cash
2642275862,97419742,12/18/2023 6:15,Significantly Delayed,5086.75,UPI
6932431317,79206969,7/16/2024 4:05,On Time,329.79,Wallet
9126871366,67696145,5/18/2023 8:44,Significantly Delayed,3246.38,Card
3244572785,60732869,1/16/2024 21:22,Significantly Delayed,491.21,Card
6485432691,18082040,5/13/2023 21:26,On Time,2635.54,UPI
6047222755,78394303,9/23/2023 6:45,On Time,4715.13,Card
6167501412,20940403,1/24/2024 23:43,Significantly Delayed,2814.34,Wallet
2052163872,20634789,6/21/2023 22:30,On Time,819.82,Card
7740339645,70170606,12/4/2023 1:16,Slightly Delayed,2054.08,Card
2761855959,81541985,10/24/2023 7:06,On Time,4023.54,Wallet
8010347195,18935489,12/14/2023 20:23,On Time,341.75,UPI
2384153985,30285217,10/9/2023 12:12,Slightly Delayed,2168.39,Wallet
3584794157,96253172,4/4/2024 5:02,On Time,3902.46,Wallet
8186709947,27604184,11/18/2023 8:57,Significantly Delayed,768.27,Wallet
6027355216,17929886,6/27/2023 20:49,On Time,2562.39,Card
9823160533,51119088,6/5/2024 5:16,On Time,1408.86,Wallet
8694663463,12851610,1/16/2024 1:11,On Time,1496.16,UPI
1296772969,68703613,6/2/2024 2:03,On Time,5662.12,UPI
5856838171,55971849,12/20/2023 18:25,Significantly Delayed,3115.94,Wallet
915473142,53636086,5/30/2024 2:09,Slightly Delayed,152.55,UPI
6992097680,9450435,11/13/2023 22:10,Slightly Delayed,1214.18,Wallet
6870670122,70529459,11/24/2023 12:04,On Time,449.97,UPI
6626994121,44223796,7/16/2024 0:45,Slightly Delayed,1769.65,Cash
6125813500,44562310,7/23/2023 17:17,Slightly Delayed,3788.27,Cash
6899859775,33706378,4/30/2024 16:35,On Time,3110.34,Wallet
1825560091,41494867,1/31/2024 20:57,On Time,422.14,Cash
1320638425,36833857,4/26/2023 21:53,On Time,3608.01,Card
5320995509,81932548,6/12/2023 9:16,On Time,4452.79,Wallet
4249535395,50953418,3/25/2023 11:21,On Time,1566.19,Card
804881381,44269569,5/26/2024 10:00,On Time,321.33,UPI
4858560187,55028958,10/21/2023 20:23,On Time,1018.81,Cash
6425666148,24144240,8/7/2023 20:54,On Time,1967.25,Wallet
9021754099,23844919,8/1/2024 2:27,On Time,3472.43,Wallet
7728205680,46023497,6/15/2024 21:30,On Time,325.08,Cash
9346166799,62416456,10/23/2024 0:20,Slightly Delayed,1896.99,Card
3377313085,89036169,9/23/2023 23:16,Slightly Delayed,2044.47,UPI
8167716321,73392739,5/2/2024 3:12,On Time,3448.04,Cash
2024637181,29451600,6/4/2023 21:26,On Time,2241.49,Cash
9310630290,64162093,10/4/2023 6:35,On Time,2003.29,Cash
2276505075,12769552,7/5/2024 13:41,On Time,2169.15,UPI
6615188116,49529811,8/30/2023 13:03,On Time,1531.68,Wallet
6858336318,92027021,6/29/2024 7:32,On Time,160.07,Cash
7601638642,32426778,9/10/2024 6:07,Significantly Delayed,4827.19,Card
1191565627,51661209,11/4/2023 12:01,On Time,1760.51,UPI
4785021992,91144803,12/20/2023 12:11,On Time,3562.88,Wallet
3452964753,49449238,6/15/2024 18:53,On Time,3713.57,Card
3490919801,85198177,10/18/2023 6:51,On Time,801.81,Cash
105578518,38615653,3/3/2024 1:59,Slightly Delayed,1034.16,Cash
2978719561,11478478,11/9/2023 9:33,Slightly Delayed,3000.58,Card
9979010790,13465850,2/13/2024 1:25,Slightly Delayed,415.75,UPI
4435636116,93018527,4/7/2023 14:02,On Time,552.2,Wallet
5909879259,82594354,8/6/2024 19:17,Slightly Delayed,786.1,Card
2686390867,45071436,2/4/2024 17:00,On Time,397.55,Card
6698537000,52770036,1/16/2024 5:36,On Time,2179.27,Card
4395604675,53076417,11/11/2023 10:55,Slightly Delayed,1878.33,UPI
3475041787,34425723,7/27/2024 12:46,Slightly Delayed,890.42,UPI
5817989751,72366758,11/22/2023 11:36,On Time,1730.17,Wallet
1433129858,43256928,5/27/2024 14:45,On Time,481.63,UPI
3571922553,69364309,1/4/2024 14:09,On Time,2999.67,Cash
7940229189,50632192,3/20/2024 21:38,Significantly Delayed,481.63,Wallet
3801240688,18256339,8/26/2024 0:46,On Time,1441.45,Card
1295268290,70168151,2/16/2024 22:34,On Time,3522.38,Cash
4552636670,74313592,8/12/2024 17:56,On Time,2002.09,UPI
6805071689,87266309,3/30/2024 4:50,Significantly Delayed,1190.62,UPI
8026827967,49371494,6/17/2023 22:28,On Time,878.8,Wallet
6417774057,22800586,3/6/2024 18:58,Slightly Delayed,3376.87,Wallet
7877665931,35434373,12/24/2023 9:20,On Time,722.42,Card
7754237266,75836905,5/9/2023 13:29,On Time,445.48,Card
7985418058,35302195,9/10/2024 3:53,On Time,672.73,Card
5287733777,84066402,10/24/2024 16:14,On Time,1654.07,Card
7112725384,21658322,2/10/2024 7:50,On Time,211.25,Wallet
6261926473,50760752,6/16/2024 19:05,On Time,2714.81,Card
1495465938,5607734,10/15/2023 7:21,On Time,3767.45,UPI
7891205593,10562528,7/14/2024 17:41,On Time,1348.96,Wallet
924888012,79298972,3/10/2024 8:27,Slightly Delayed,843.03,UPI
943278538,22227829,4/6/2024 5:24,Significantly Delayed,4369.44,Wallet
9981950902,39153585,7/28/2024 5:46,On Time,941.19,UPI
7769253886,8351747,9/25/2023 23:30,On Time,4065.3,UPI
9350977708,41874489,8/18/2023 5:23,On Time,2004.57,UPI
4525211942,30317733,6/24/2024 23:32,On Time,2234.58,Cash
7232049635,79916464,3/25/2023 15:49,On Time,2379.3,Card
679546532,72942753,5/28/2024 16:58,Slightly Delayed,3679.63,UPI
4665187954,97739583,4/3/2024 5:13,On Time,340.66,Wallet
3914760118,61877649,3/21/2023 20:18,On Time,2930.6,Wallet
155568486,36517334,12/26/2023 4:56,On Time,936.98,UPI
3773972929,26752630,10/19/2023 11:20,On Time,297.68,Card
2168808412,91382237,5/23/2023 10:16,Slightly Delayed,1185.57,UPI
7697315553,49769532,12/10/2023 2:54,On Time,3321.85,UPI
804414742,42781544,7/15/2024 21:18,Slightly Delayed,3378.21,Cash
918328199,60656482,12/18/2023 1:55,Slightly Delayed,1095.57,Card
3084493525,32527479,4/11/2023 18:46,On Time,1922.46,Cash
8047256000,17805991,8/8/2024 20:00,Slightly Delayed,1862.31,Card
5176597414,80875034,1/25/2024 4:34,Slightly Delayed,1723.93,Wallet
110303417,57566548,5/24/2024 1:48,On Time,2258.29,Wallet
1809212176,50105174,4/8/2023 9:17,On Time,4454.66,Card
1765001264,1697604,7/6/2023 11:02,Significantly Delayed,412.53,UPI
4220306391,44139071,1/8/2024 4:39,Slightly Delayed,1587.88,UPI
1275637731,20148223,12/21/2023 10:41,Significantly Delayed,786.85,UPI
7729557529,59252433,9/24/2024 10:49,On Time,2146.47,Wallet
9279017414,60495351,5/29/2023 14:59,On Time,1476.41,UPI
8726185624,57505804,9/25/2024 20:16,On Time,3851.22,Card
3192177869,59252433,8/10/2024 4:21,On Time,168.09,Cash
5033541164,32987624,5/26/2024 4:28,Significantly Delayed,950.94,Cash
4495977117,61753272,5/2/2023 10:10,Slightly Delayed,2663.89,Card
8866977450,97509888,9/3/2024 9:15,On Time,735.43,Wallet
7542030170,49371494,12/21/2023 0:30,On Time,1247.39,Cash
8782031586,23982977,6/19/2024 19:08,Slightly Delayed,1485.74,Wallet
7177553918,10048910,3/31/2023 22:05,Slightly Delayed,1381.29,Card
9157563215,89142848,5/31/2023 20:34,On Time,2075.02,Card
989452284,79773912,7/7/2024 22:13,On Time,551.88,Wallet
9972678893,45033270,8/13/2024 7:23,On Time,3702.6,Wallet
8561203503,6390687,4/14/2024 5:13,On Time,2766.81,Wallet
1388300707,84824280,4/8/2024 21:53,On Time,3998.46,UPI
4054816025,29584848,7/19/2024 14:29,On Time,2422.3,UPI
9943206333,12851610,3/22/2023 9:47,On Time,918.65,Wallet
3948498236,35402531,8/30/2024 5:15,Slightly Delayed,2174.34,Card
8096169523,66768157,9/15/2024 5:37,On Time,2160.02,UPI
8803091944,11228463,5/18/2024 3:11,On Time,3598.91,UPI
7409519974,60834500,1/16/2024 21:25,On Time,4040.13,Wallet
456278500,62526567,5/6/2024 16:13,Slightly Delayed,2591.57,Cash
9912965340,95309983,8/20/2023 17:16,Significantly Delayed,4366.97,Wallet
2802653261,9987182,10/7/2024 16:33,On Time,1481.99,UPI
8629948751,97678578,8/31/2023 14:56,Slightly Delayed,2006.53,Card
9169008097,98625898,5/18/2024 9:23,On Time,2432.06,Wallet
3186513319,3730316,4/14/2023 0:08,Slightly Delayed,83.18,UPI
8837578937,28663279,8/14/2023 8:55,On Time,3480.43,Cash
1468095888,37691544,6/17/2023 6:09,On Time,4034.72,Cash
3055120492,408590,12/19/2023 16:33,Slightly Delayed,1217.39,Wallet
6083457185,80571942,8/19/2024 20:34,On Time,923.43,Wallet
7154956248,22112867,7/17/2023 19:48,On Time,801.47,Wallet
246971181,376144,7/30/2023 14:12,On Time,3266,UPI
2452915406,96806748,7/17/2024 12:29,On Time,2169.36,Cash
9458183390,88203688,3/17/2023 1:19,On Time,1507.92,Wallet
576571858,26285589,9/23/2024 5:09,On Time,4080.28,Card
9544803182,31410886,3/27/2024 2:35,On Time,2272.72,Cash
2121652047,65815155,2/3/2024 18:01,Significantly Delayed,1734.01,UPI
8891725854,13871547,5/16/2023 21:08,On Time,2149.76,Wallet
4870772869,78903046,3/31/2024 8:14,On Time,2385.36,Wallet
262562615,12059049,4/9/2023 4:43,On Time,2066.5,Wallet
5142912812,57642258,11/16/2023 22:10,Significantly Delayed,2175.4,Cash
1225289500,70529459,3/31/2024 21:51,On Time,3663.25,Wallet
7337555525,44223796,3/9/2024 19:28,On Time,3036.62,Card
5719806088,42012717,1/8/2024 13:30,On Time,1759.81,Card
6890191424,57360162,6/13/2024 0:43,Slightly Delayed,760.54,Wallet
5695198653,29562254,9/20/2024 1:17,On Time,572.4,UPI
482670263,9641623,6/5/2024 4:40,On Time,835.53,Cash
7857904467,97286925,4/25/2023 12:40,On Time,888.12,UPI
614435661,73586244,8/1/2023 21:25,On Time,1266.44,Cash
2284551326,68063317,10/7/2023 4:36,On Time,207.41,Cash
8614991290,57566548,10/17/2024 13:13,Significantly Delayed,96.33,Wallet
9865566300,61753272,11/28/2023 2:35,Slightly Delayed,2566.27,UPI
6672582413,82359623,6/13/2024 22:04,Slightly Delayed,1020.03,UPI
3004834987,91590001,10/12/2023 2:21,On Time,1849.28,Card
4486349175,45481936,4/20/2024 1:10,On Time,2577.5,Cash
3098655541,69908484,5/6/2023 6:44,On Time,680.53,Wallet
1912293606,49433260,7/17/2024 19:35,On Time,2522.33,Card
7465280557,26863280,3/13/2024 13:22,On Time,3881.99,Cash
343050015,72263318,4/21/2023 6:20,Significantly Delayed,1163.49,Cash
6414606364,70867736,1/26/2024 4:48,On Time,1615.25,Cash
4092550629,50572914,4/9/2023 16:19,On Time,1925.24,Wallet
9810964144,51476157,2/8/2024 19:57,On Time,517.03,Wallet
6513851276,99160348,8/24/2023 15:43,Slightly Delayed,722.42,Wallet
6080784069,39418109,7/19/2023 11:42,Slightly Delayed,3940.75,Wallet
1967283733,15796277,8/1/2023 7:09,Slightly Delayed,1589.89,Cash
2683672396,89617089,8/27/2023 4:49,On Time,2073.99,Card
1464736195,15830066,8/23/2024 16:05,Slightly Delayed,692.32,Wallet
3258963661,20343501,5/17/2024 8:00,On Time,3903.48,Wallet
9956872454,41874489,11/20/2023 5:11,Slightly Delayed,5294.27,Card
867630114,30373140,6/26/2023 18:24,On Time,2680.19,Wallet
3333752740,84862161,7/10/2023 16:58,On Time,397.55,UPI
4835197446,72889295,1/2/2024 8:08,On Time,1255.62,Wallet
1888517793,42514124,10/2/2023 6:38,On Time,828.44,Wallet
5148599328,28350645,5/7/2024 13:36,Slightly Delayed,97.04,UPI
3405089431,96629034,2/23/2024 15:28,Slightly Delayed,2479.65,Card
9286199495,5751638,9/10/2023 20:57,On Time,813.3,Wallet
6418255337,63948546,2/13/2024 17:53,On Time,3894.81,Wallet
7442478777,28289030,10/17/2023 8:13,On Time,2429.09,Cash
5170777528,31537100,5/1/2023 9:41,On Time,1207.56,UPI
1255941187,38420886,2/10/2024 6:00,Slightly Delayed,2307.21,Wallet
4704980993,119099,5/24/2024 4:11,Slightly Delayed,3153.02,Wallet
7310604669,93617659,7/9/2023 6:12,Slightly Delayed,4342.7,Card
7970608721,60385293,1/31/2024 6:43,Slightly Delayed,4153.66,UPI
3164727163,20956158,5/9/2023 8:30,Slightly Delayed,1185.06,Cash
2388064449,34237583,5/26/2024 6:10,On Time,3393.04,Card
757816226,22571994,3/16/2023 14:07,Significantly Delayed,1308.05,Wallet
259772553,2566268,9/27/2023 2:09,On Time,881.42,Card
8388644219,4444673,4/21/2024 9:50,On Time,491.39,Card
1545044936,77921718,8/24/2023 23:36,On Time,1686.14,Cash
6995571310,81200164,3/24/2024 7:14,On Time,2773.23,UPI
8801161214,9107360,4/11/2024 1:56,On Time,1367.02,UPI
1751319400,98307019,6/25/2024 10:54,On Time,4146,Card
10448052,90021871,8/5/2023 10:01,On Time,1228.86,UPI
3047076079,65895091,5/22/2023 8:29,On Time,881.42,Card
5085860780,64316806,12/13/2023 18:19,On Time,697.53,Cash
6213909425,42208242,12/5/2023 21:06,On Time,4991.59,Cash
3712789789,20634789,2/2/2024 19:52,On Time,2294.43,Wallet
278794976,94137242,3/18/2023 11:29,On Time,3325.87,Cash
3420357591,86444757,7/10/2024 22:01,On Time,4924.02,Card
4551386734,62807542,3/18/2023 0:29,Slightly Delayed,1974.67,Card
7609681987,22076522,10/16/2023 15:03,On Time,4177.05,Card
1721655048,79742293,4/15/2024 13:33,Slightly Delayed,2644.87,Wallet
7040151151,5540556,3/28/2023 16:54,On Time,3174.92,Cash
6719661881,48716374,5/13/2023 4:58,On Time,2911.6,Wallet
5195004299,50632192,1/9/2024 6:37,On Time,1214.72,Card
5441946621,40256341,2/1/2024 7:51,Significantly Delayed,1477.71,Card
3508992095,32293017,12/9/2023 10:01,Significantly Delayed,2024.65,Card
8454449180,79672044,2/18/2024 20:51,Slightly Delayed,229.38,Cash
9251851237,94453274,11/25/2023 13:43,On Time,3102.6,Cash
6739811103,9981089,1/1/2024 22:52,On Time,1098.44,Card
7590827828,40703374,11/5/2023 23:49,On Time,1527.05,UPI
310213322,12077371,9/30/2023 4:27,Slightly Delayed,3179.91,UPI
934908369,53299455,8/15/2024 12:33,On Time,692.8,Card
3817617199,29525287,8/28/2024 0:19,Significantly Delayed,2583.68,UPI
2622709030,50781611,7/11/2024 12:45,Significantly Delayed,1796.1,Cash
3843689992,3730316,10/13/2024 13:52,On Time,2378.76,UPI
8732395640,26285589,3/17/2024 13:44,On Time,671.55,Card
3889721330,44269569,5/16/2024 10:00,Significantly Delayed,1698.08,Card
7064093619,90665975,5/23/2023 5:35,On Time,2426.17,Wallet
6798661163,3730316,7/23/2024 10:15,On Time,711.91,UPI
2878307830,97150234,5/1/2024 15:04,Slightly Delayed,2165.98,UPI
4133369643,95971469,7/3/2023 22:41,Slightly Delayed,3015.94,UPI
3394787348,40841791,6/23/2024 4:56,Slightly Delayed,2942.82,Cash
4830380663,19259955,12/24/2023 10:17,On Time,610.43,Wallet
3441042301,43052303,8/5/2023 9:42,On Time,2638.95,UPI
3984353474,17681645,5/19/2024 6:48,Significantly Delayed,136.6,Card
4495916529,57662767,4/1/2023 11:32,On Time,760.22,UPI
5075205264,51034600,4/22/2024 13:43,Slightly Delayed,1652.05,Card
6129180304,86499778,1/17/2024 21:50,On Time,1047.98,Wallet
3311686914,63310076,5/6/2024 20:48,On Time,4422.12,Cash
3907403745,99490786,6/19/2023 16:37,On Time,2440.93,Wallet
9924696305,43367112,4/30/2023 14:40,On Time,46.62,Cash
7348508805,45052594,5/23/2024 22:19,Slightly Delayed,3935.99,Cash
1665004352,5226128,8/1/2023 5:40,On Time,1989.91,Cash
1049800958,44139071,7/2/2023 9:05,On Time,1099.79,Cash
2937550786,72946405,8/6/2023 8:03,On Time,1638.19,Card
486724008,12415659,7/12/2024 4:35,Slightly Delayed,2431.37,Wallet
9361578823,81373608,8/18/2023 13:36,On Time,3335.13,UPI
6249585672,20940403,7/9/2023 8:37,On Time,864.3,Card
2111712383,67465084,1/23/2024 18:08,On Time,727.95,Card
2962076108,99824171,6/13/2024 4:42,On Time,1970.13,UPI
7509638056,35912599,2/13/2024 0:53,On Time,1009.53,Wallet
6074743537,32797235,9/12/2024 6:33,On Time,431.37,Wallet
3560026527,97174235,6/9/2024 18:25,Significantly Delayed,255.35,Wallet
7005103077,76850859,5/14/2024 2:58,On Time,1835.86,Card
8175826750,22076522,9/17/2024 20:10,On Time,1546.34,Cash
8572946020,41168392,4/26/2024 4:31,On Time,786.85,Card
2936701883,28286754,3/2/2024 9:00,On Time,1577.75,UPI
9948324640,22054087,10/31/2023 4:05,On Time,1529.04,Cash
2865872281,49970560,9/13/2024 23:51,Slightly Delayed,3543.67,Wallet
5785351358,64795608,11/3/2024 14:28,On Time,2240.09,UPI
5204776107,65514005,8/24/2023 23:32,On Time,2183.02,Cash
8689865723,62526567,3/28/2024 15:21,On Time,3277.87,Cash
7822329516,79742293,11/19/2023 22:55,Slightly Delayed,367.08,Card
5995393950,64535602,8/6/2023 7:53,On Time,3434.89,Card
5458784818,79672044,7/24/2024 2:59,On Time,3321.58,Cash
5611686165,83660688,7/2/2023 8:15,On Time,2997.68,Wallet
6390653932,83597876,5/19/2023 8:04,On Time,1996.94,Card
1215008706,68219091,3/4/2024 22:56,On Time,3025,Cash
7357727116,6617417,6/15/2024 9:30,On Time,1441.9,UPI
7562975685,89910157,7/2/2023 4:44,Slightly Delayed,3837.24,Card
3118070064,50518311,6/5/2023 4:26,On Time,3977.57,UPI
8255753870,72667140,9/9/2023 8:25,On Time,5768.29,Card
5924715529,79919160,3/24/2024 4:10,On Time,3867.9,UPI
9593816617,44589829,5/28/2023 1:37,On Time,3890.77,Card
6143213997,71643758,3/21/2024 10:05,On Time,4464.71,Card
4516009647,99361865,7/19/2024 1:14,On Time,3570.86,Wallet
291900074,625395,10/2/2024 17:17,On Time,2248.63,Card
3178700341,48033969,6/10/2024 4:45,On Time,1776,Cash
4231742059,4439806,11/21/2023 7:52,Slightly Delayed,1232.31,UPI
7437613292,31582950,12/30/2023 1:27,Slightly Delayed,4161.8,Card
5609346062,82169898,8/8/2023 20:17,On Time,134.69,Card
909033820,93924203,10/11/2023 10:18,Slightly Delayed,2660.5,UPI
470624828,59545278,8/21/2023 3:20,On Time,197.39,UPI
9608676386,99714944,8/14/2023 19:28,On Time,545,UPI
6846160702,77661491,7/20/2023 15:58,On Time,483.05,Card
4248168019,29973346,3/26/2024 14:29,On Time,1838.03,Card
9057909300,9738801,1/17/2024 16:21,On Time,787.4,Cash
2171816966,92404798,1/30/2024 19:08,On Time,2672.4,Cash
1387025817,52417972,6/15/2024 20:30,On Time,1004.68,Card
6801124715,26912171,4/10/2024 6:34,On Time,697.53,Card
6117979297,79206969,12/23/2023 5:22,On Time,2007.19,Cash
4902314626,98307019,5/25/2024 15:43,On Time,1819.77,Cash
361595059,70966268,10/21/2023 6:12,On Time,1854.55,Cash
5309683159,24153726,4/21/2023 5:04,Significantly Delayed,3047.03,Wallet
2300265337,90246977,1/1/2024 1:10,On Time,2215.55,Cash
199903168,99627097,4/16/2023 10:59,On Time,1440.04,UPI
4923840119,60049160,9/4/2024 5:40,On Time,426.72,UPI
2209550085,56457995,9/7/2024 13:22,On Time,2710.74,Cash
120178110,65294340,1/21/2024 1:20,Slightly Delayed,1508.3,Wallet
6647259959,83660688,6/20/2023 22:30,Significantly Delayed,3032.51,Card
3859980017,77015367,5/15/2023 5:15,On Time,114.52,Card
9196827234,51669263,10/31/2023 4:53,Slightly Delayed,2203.36,Wallet
3499440849,3638834,10/10/2023 21:36,On Time,1266.77,Card
7114775833,68965787,7/8/2024 12:52,On Time,1057.06,Cash
7812364366,25081012,8/26/2023 23:42,On Time,4225.96,Cash
7525899857,52428250,9/4/2023 4:12,On Time,3983.85,Wallet
3917847107,90665975,8/13/2024 22:21,On Time,2860.94,UPI
1229828587,42989999,10/27/2023 1:20,On Time,3587.77,UPI
4249345096,81346291,5/31/2023 18:48,On Time,1230.3,UPI
4002407580,59398136,11/17/2023 17:12,On Time,4381.56,Cash
5982122427,6398761,4/23/2023 19:59,On Time,345.54,Card
3280431261,48268435,3/13/2024 22:01,On Time,1198.33,Cash
5066338759,48284116,11/21/2023 4:48,On Time,616.45,UPI
9087426355,66932104,11/3/2023 17:05,On Time,473.64,Wallet
5512907,51476157,4/30/2023 20:52,Slightly Delayed,861.53,Wallet
4174741467,34074184,12/17/2023 2:00,Slightly Delayed,1492.14,UPI
6270463968,35434373,10/3/2023 3:37,On Time,3784.59,Wallet
1239385001,82359623,9/27/2023 14:03,On Time,2963.43,UPI
5250202756,40871915,9/10/2023 11:47,Significantly Delayed,1416.86,Card
4099185509,22047134,1/24/2024 20:20,On Time,2680.39,Cash
7875903450,17805991,3/14/2024 4:38,On Time,877.43,Wallet
7561642939,75739462,7/24/2024 20:16,On Time,2045.25,UPI
5438908316,59815512,4/3/2024 0:44,On Time,3399.81,Card
357437373,23126657,5/10/2023 6:00,On Time,3284.68,UPI
8972877222,57291761,10/26/2024 4:59,On Time,4304.25,Cash
1163798451,25641500,10/4/2023 3:09,Significantly Delayed,2383.88,Cash
3588229485,29973346,8/1/2024 0:33,Significantly Delayed,3644.32,Wallet
1205823348,79478655,7/29/2024 10:13,Slightly Delayed,2426.3,UPI
2867008541,99594960,12/20/2023 17:42,Slightly Delayed,1763.79,Card
5794917332,12574626,2/16/2024 13:46,On Time,1099.91,Cash
4726520098,48284116,4/19/2023 21:36,On Time,2873.05,Cash
6251716165,93723634,9/27/2023 21:30,Slightly Delayed,2660.73,Card
5991829458,80850753,8/12/2023 7:02,On Time,4046.31,UPI
1142626566,27304827,5/31/2024 5:15,On Time,1294.71,Cash
2595161999,45586151,8/12/2023 2:19,On Time,3891.35,Card
8865698939,3897936,9/9/2023 19:18,On Time,1333.67,UPI
1776582175,12305040,3/29/2024 23:46,On Time,2507.31,Wallet
7323157341,16543242,7/1/2024 22:47,On Time,2438.78,Wallet
8997413283,45314389,10/2/2024 10:25,On Time,3639.44,Card
2548452255,44776601,9/18/2023 2:09,Significantly Delayed,2112.34,Wallet
7906839225,56548063,10/28/2023 15:45,On Time,1434.14,Wallet
4113927200,53782978,5/19/2023 5:22,On Time,4111.84,Cash
4233626614,24043135,7/28/2024 5:10,On Time,1487.88,Card
2886463378,6853981,12/24/2023 19:17,Significantly Delayed,141.28,UPI
1823348306,92604392,6/27/2023 9:50,On Time,1015,UPI
8706556166,84953008,9/11/2024 23:11,Slightly Delayed,690.08,Wallet
5139433840,77614510,5/25/2023 20:50,On Time,3480.72,Wallet
769731596,97825663,10/10/2024 6:40,On Time,2692.05,Card
1346090496,88202341,8/18/2023 7:48,On Time,2035.95,Cash
9339629293,79478655,5/28/2023 2:29,Slightly Delayed,1797.71,UPI
3043993017,13455530,11/25/2023 0:38,Slightly Delayed,3205.65,Wallet
274863669,39140039,4/11/2024 17:37,On Time,1785.63,Wallet
3736611791,6959437,10/5/2024 7:48,On Time,1410.62,Card
9628875555,11470681,3/9/2024 3:58,On Time,3007.93,Cash
6367306297,17201639,9/25/2023 11:13,On Time,3012.27,Cash
4393113152,79695653,6/2/2024 8:12,Slightly Delayed,3080.2,Cash
1239928207,79591237,9/11/2023 0:37,On Time,281.73,UPI
5473002872,44030130,7/7/2024 16:39,On Time,755.66,Card
6536847919,81822935,6/10/2023 19:34,On Time,5410.01,Wallet
5480709564,18140588,12/16/2023 23:01,On Time,3731.46,Card
1393100618,33295496,9/25/2024 1:37,On Time,3502.77,Cash
6999330116,81605722,4/13/2023 0:06,Significantly Delayed,931.61,Card
7816842690,1449273,8/1/2023 19:16,On Time,3078.32,Cash
3186586558,9987182,2/21/2024 13:59,On Time,2983.4,Card
7927955136,32293017,8/27/2023 23:56,On Time,597.91,Cash
3518172697,13189939,5/13/2023 19:18,On Time,2809.38,Card
4557188271,17597449,5/16/2024 6:38,On Time,4693.64,Cash
2893244627,11493380,10/10/2024 18:17,Slightly Delayed,3331.28,Cash
1996683408,5043760,1/30/2024 23:25,Slightly Delayed,870.29,Wallet
1673794089,48167795,2/6/2024 16:10,On Time,891.13,Cash
9931161723,41640262,7/12/2023 19:57,On Time,883.44,Card
856799416,25770577,9/10/2023 14:48,On Time,439.98,Wallet
6668508959,15144290,8/31/2024 19:27,On Time,2236.64,UPI
4914874727,80517784,6/13/2023 19:36,On Time,2658.31,UPI
7869104895,57392064,10/1/2023 21:30,On Time,1638,Cash
5094989752,87107263,6/1/2024 12:17,On Time,46.62,Card
4305377896,19216141,8/8/2024 0:29,Significantly Delayed,2737.62,Cash
7017136473,50680889,3/11/2024 20:19,On Time,2783.74,UPI
3303209513,70084516,3/9/2024 3:38,On Time,2662.16,Wallet
8607953669,67340606,6/10/2023 10:33,On Time,1274.25,Cash
1940918101,4356173,10/3/2023 18:30,On Time,1438.2,Card
6494615659,10745302,11/19/2023 18:46,Slightly Delayed,3759.4,Card
4280890409,42102289,10/30/2024 14:33,On Time,2926.61,Wallet
7598489331,84066402,7/20/2024 15:56,Slightly Delayed,2118.48,Wallet
8755280486,2566268,7/30/2024 17:33,Slightly Delayed,2760.76,Cash
8281093933,67277562,2/18/2024 13:40,On Time,781.08,Cash
7415765726,75244116,8/5/2023 9:22,Slightly Delayed,4757.16,Wallet
6266072804,60565603,6/23/2024 6:17,On Time,582.63,Card
1542448934,97033691,10/13/2023 8:22,On Time,2557.13,UPI
2896979776,30317733,5/24/2023 5:50,On Time,690.08,Cash
169867835,59545278,8/16/2023 22:27,On Time,632.43,Wallet
9493456526,77811864,4/2/2023 7:12,On Time,1359.05,Card
9423261830,17597449,8/24/2023 6:24,On Time,3077.08,Cash
5793453795,70543108,4/13/2024 2:33,On Time,3172.62,Cash
2141680269,32797235,10/25/2024 2:05,On Time,3449.94,Cash
6457122136,79764458,5/19/2023 7:38,Significantly Delayed,3162.28,Cash
8447536518,48160359,12/20/2023 23:53,On Time,4888.47,Cash
3191672889,88223261,7/7/2024 17:51,On Time,3130.58,UPI
2521995712,30285217,8/21/2023 1:43,On Time,2100.16,Cash
8194578267,74313592,10/11/2023 13:48,On Time,3901.21,UPI
2811341619,30188374,5/24/2024 20:17,On Time,947.95,Cash
5562576298,10019218,11/8/2023 13:23,Slightly Delayed,3844.75,UPI
7446009755,71767248,6/15/2023 20:49,Slightly Delayed,1324.37,Wallet
7343262659,16484167,4/7/2023 6:36,On Time,3927.09,Card
7147677361,97475543,7/12/2024 9:59,On Time,2543.15,Wallet
8732072897,12077371,6/14/2023 10:37,On Time,2358.85,UPI
6418604551,12967305,7/25/2023 19:31,On Time,4251.6,Wallet
4989511905,41972994,4/3/2023 0:54,On Time,2654.71,Card
2520527893,51476157,10/2/2024 1:35,Significantly Delayed,3294.27,UPI
4753989820,81500385,10/6/2023 19:53,On Time,1939.92,Card
8285547588,26245432,1/2/2024 23:08,On Time,909.66,UPI
5824924668,49881540,11/19/2023 17:07,On Time,1710.54,UPI
7703854141,86483673,5/13/2024 17:00,On Time,1659.75,Wallet
7380361209,7591711,6/27/2023 10:33,On Time,2151.14,Wallet
5053033745,66485571,4/9/2024 13:43,On Time,2322.3,Card
4859489972,12305040,7/15/2023 17:32,On Time,2081.4,UPI
9690396315,46563355,9/29/2024 11:06,On Time,3891.07,Cash
448732557,80952275,11/30/2023 23:44,On Time,1385.54,Wallet
4927306668,97033691,6/8/2023 23:21,On Time,898.65,Wallet
1669690997,62600289,12/25/2023 15:46,On Time,1132.33,Cash
8340761903,53640286,11/27/2023 9:18,On Time,2372.01,Cash
5936301790,87059497,6/21/2024 19:09,On Time,3158.35,Cash
5710579377,67310893,6/6/2024 14:58,On Time,1918.92,UPI
2494813730,28663279,8/23/2023 12:04,On Time,1879.46,Card
